{"file_number":20,"repeate_time":1,"file_Rec_Arr":[{"node_number":1000,"id_number":0,"new_alg_complete":true,"lp_alg_run_time":13.116,"max_com_vertex":10,"edge_number":100000,"lp_graph_file":"lp_1000_100000_10_0.json","origin_graph_file":"ori_1000_100000_10_0.json","new_alg_run_time":2.739376735687256,"lp_alg_complete":true,"lp_file":"lp_1000_100000_10_0.lp"},{"node_number":1000,"id_number":1,"new_alg_complete":true,"lp_alg_run_time":9.641,"max_com_vertex":10,"edge_number":100000,"lp_graph_file":"lp_1000_100000_10_1.json","origin_graph_file":"ori_1000_100000_10_1.json","new_alg_run_time":2.8911318302154543,"lp_alg_complete":true,"lp_file":"lp_1000_100000_10_1.lp"},{"node_number":1000,"id_number":2,"new_alg_complete":true,"lp_alg_run_time":13.957,"max_com_vertex":10,"edge_number":100000,"lp_graph_file":"lp_1000_100000_10_2.json","origin_graph_file":"ori_1000_100000_10_2.json","new_alg_run_time":2.6892443180084227,"lp_alg_complete":true,"lp_file":"lp_1000_100000_10_2.lp"},{"node_number":1000,"id_number":3,"new_alg_complete":true,"lp_alg_run_time":8.839,"max_com_vertex":10,"edge_number":100000,"lp_graph_file":"lp_1000_100000_10_3.json","origin_graph_file":"ori_1000_100000_10_3.json","new_alg_run_time":2.741141986846924,"lp_alg_complete":true,"lp_file":"lp_1000_100000_10_3.lp"},{"node_number":1000,"id_number":4,"new_alg_complete":true,"lp_alg_run_time":9.664,"max_com_vertex":10,"edge_number":100000,"lp_graph_file":"lp_1000_100000_10_4.json","origin_graph_file":"ori_1000_100000_10_4.json","new_alg_run_time":2.6833497524261474,"lp_alg_complete":true,"lp_file":"lp_1000_100000_10_4.lp"},{"node_number":1000,"id_number":5,"new_alg_complete":true,"lp_alg_run_time":8.664,"max_com_vertex":10,"edge_number":100000,"lp_graph_file":"lp_1000_100000_10_5.json","origin_graph_file":"ori_1000_100000_10_5.json","new_alg_run_time":2.6857438564300535,"lp_alg_complete":true,"lp_file":"lp_1000_100000_10_5.lp"},{"node_number":1000,"id_number":6,"new_alg_complete":true,"lp_alg_run_time":10.116,"max_com_vertex":10,"edge_number":100000,"lp_graph_file":"lp_1000_100000_10_6.json","origin_graph_file":"ori_1000_100000_10_6.json","new_alg_run_time":2.7239047050476075,"lp_alg_complete":true,"lp_file":"lp_1000_100000_10_6.lp"},{"node_number":1000,"id_number":7,"new_alg_complete":true,"lp_alg_run_time":9.668,"max_com_vertex":10,"edge_number":100000,"lp_graph_file":"lp_1000_100000_10_7.json","origin_graph_file":"ori_1000_100000_10_7.json","new_alg_run_time":2.879984474182129,"lp_alg_complete":true,"lp_file":"lp_1000_100000_10_7.lp"},{"node_number":1000,"id_number":8,"new_alg_complete":true,"lp_alg_run_time":8.986,"max_com_vertex":10,"edge_number":100000,"lp_graph_file":"lp_1000_100000_10_8.json","origin_graph_file":"ori_1000_100000_10_8.json","new_alg_run_time":2.6696829319000246,"lp_alg_complete":true,"lp_file":"lp_1000_100000_10_8.lp"},{"node_number":1000,"id_number":9,"new_alg_complete":true,"lp_alg_run_time":9.271,"max_com_vertex":10,"edge_number":100000,"lp_graph_file":"lp_1000_100000_10_9.json","origin_graph_file":"ori_1000_100000_10_9.json","new_alg_run_time":2.7036930561065673,"lp_alg_complete":true,"lp_file":"lp_1000_100000_10_9.lp"},{"node_number":1000,"id_number":10,"new_alg_complete":true,"lp_alg_run_time":9.15,"max_com_vertex":10,"edge_number":100000,"lp_graph_file":"lp_1000_100000_10_10.json","origin_graph_file":"ori_1000_100000_10_10.json","new_alg_run_time":3.0585676193237306,"lp_alg_complete":true,"lp_file":"lp_1000_100000_10_10.lp"},{"node_number":1000,"id_number":11,"new_alg_complete":true,"lp_alg_run_time":10.94,"max_com_vertex":10,"edge_number":100000,"lp_graph_file":"lp_1000_100000_10_11.json","origin_graph_file":"ori_1000_100000_10_11.json","new_alg_run_time":2.8466373920440673,"lp_alg_complete":true,"lp_file":"lp_1000_100000_10_11.lp"},{"node_number":1000,"id_number":12,"new_alg_complete":true,"lp_alg_run_time":9.15,"max_com_vertex":10,"edge_number":100000,"lp_graph_file":"lp_1000_100000_10_12.json","origin_graph_file":"ori_1000_100000_10_12.json","new_alg_run_time":2.7166621685028076,"lp_alg_complete":true,"lp_file":"lp_1000_100000_10_12.lp"},{"node_number":1000,"id_number":13,"new_alg_complete":true,"lp_alg_run_time":10.142,"max_com_vertex":10,"edge_number":100000,"lp_graph_file":"lp_1000_100000_10_13.json","origin_graph_file":"ori_1000_100000_10_13.json","new_alg_run_time":3.0939708709716798,"lp_alg_complete":true,"lp_file":"lp_1000_100000_10_13.lp"},{"node_number":1000,"id_number":14,"new_alg_complete":true,"lp_alg_run_time":9.758,"max_com_vertex":10,"edge_number":100000,"lp_graph_file":"lp_1000_100000_10_14.json","origin_graph_file":"ori_1000_100000_10_14.json","new_alg_run_time":2.7598170757293703,"lp_alg_complete":true,"lp_file":"lp_1000_100000_10_14.lp"},{"node_number":1000,"id_number":15,"new_alg_complete":true,"lp_alg_run_time":10.264,"max_com_vertex":10,"edge_number":100000,"lp_graph_file":"lp_1000_100000_10_15.json","origin_graph_file":"ori_1000_100000_10_15.json","new_alg_run_time":3.5423087596893312,"lp_alg_complete":true,"lp_file":"lp_1000_100000_10_15.lp"},{"node_number":1000,"id_number":16,"new_alg_complete":true,"lp_alg_run_time":9.014,"max_com_vertex":10,"edge_number":100000,"lp_graph_file":"lp_1000_100000_10_16.json","origin_graph_file":"ori_1000_100000_10_16.json","new_alg_run_time":2.9222464084625246,"lp_alg_complete":true,"lp_file":"lp_1000_100000_10_16.lp"},{"node_number":1000,"id_number":17,"new_alg_complete":true,"lp_alg_run_time":11.232,"max_com_vertex":10,"edge_number":100000,"lp_graph_file":"lp_1000_100000_10_17.json","origin_graph_file":"ori_1000_100000_10_17.json","new_alg_run_time":2.6306790351867675,"lp_alg_complete":true,"lp_file":"lp_1000_100000_10_17.lp"},{"node_number":1000,"id_number":18,"new_alg_complete":true,"lp_alg_run_time":9.39,"max_com_vertex":10,"edge_number":100000,"lp_graph_file":"lp_1000_100000_10_18.json","origin_graph_file":"ori_1000_100000_10_18.json","new_alg_run_time":2.628371572494507,"lp_alg_complete":true,"lp_file":"lp_1000_100000_10_18.lp"},{"node_number":1000,"id_number":19,"new_alg_complete":true,"lp_alg_run_time":9.814,"max_com_vertex":10,"edge_number":100000,"lp_graph_file":"lp_1000_100000_10_19.json","origin_graph_file":"ori_1000_100000_10_19.json","new_alg_run_time":2.6421167850494385,"lp_alg_complete":true,"lp_file":"lp_1000_100000_10_19.lp"}],"lp_run_time":0,"new_run_time":14.062157833576203}