{"file_number":20,"repeate_time":1,"file_Rec_Arr":[{"node_number":500,"id_number":0,"new_alg_complete":true,"lp_alg_run_time":1.299,"max_com_vertex":10,"lp_graph_file":"lp_500_25000_10_0.json","edge_number":25000,"origin_graph_file":"ori_500_25000_10_0.json","new_alg_run_time":0.6464017391204834,"lp_file":"lp_500_25000_10_0.lp","lp_alg_complete":true},{"node_number":500,"id_number":1,"new_alg_complete":true,"lp_alg_run_time":1.393,"max_com_vertex":10,"lp_graph_file":"lp_500_25000_10_1.json","edge_number":25000,"origin_graph_file":"ori_500_25000_10_1.json","new_alg_run_time":0.8289622783660888,"lp_file":"lp_500_25000_10_1.lp","lp_alg_complete":true},{"node_number":500,"id_number":2,"new_alg_complete":true,"lp_alg_run_time":1.132,"max_com_vertex":10,"lp_graph_file":"lp_500_25000_10_2.json","edge_number":25000,"origin_graph_file":"ori_500_25000_10_2.json","new_alg_run_time":0.7970805168151855,"lp_file":"lp_500_25000_10_2.lp","lp_alg_complete":true},{"node_number":500,"id_number":3,"new_alg_complete":true,"lp_alg_run_time":0.982,"max_com_vertex":10,"lp_graph_file":"lp_500_25000_10_3.json","edge_number":25000,"origin_graph_file":"ori_500_25000_10_3.json","new_alg_run_time":0.6769386291503906,"lp_file":"lp_500_25000_10_3.lp","lp_alg_complete":true},{"node_number":500,"id_number":4,"new_alg_complete":true,"lp_alg_run_time":1.133,"max_com_vertex":10,"lp_graph_file":"lp_500_25000_10_4.json","edge_number":25000,"origin_graph_file":"ori_500_25000_10_4.json","new_alg_run_time":0.6337711811065674,"lp_file":"lp_500_25000_10_4.lp","lp_alg_complete":true},{"node_number":500,"id_number":5,"new_alg_complete":true,"lp_alg_run_time":1.064,"max_com_vertex":10,"lp_graph_file":"lp_500_25000_10_5.json","edge_number":25000,"origin_graph_file":"ori_500_25000_10_5.json","new_alg_run_time":0.6368610858917236,"lp_file":"lp_500_25000_10_5.lp","lp_alg_complete":true},{"node_number":500,"id_number":6,"new_alg_complete":true,"lp_alg_run_time":0.94,"max_com_vertex":10,"lp_graph_file":"lp_500_25000_10_6.json","edge_number":25000,"origin_graph_file":"ori_500_25000_10_6.json","new_alg_run_time":0.6352559566497803,"lp_file":"lp_500_25000_10_6.lp","lp_alg_complete":true},{"node_number":500,"id_number":7,"new_alg_complete":true,"lp_alg_run_time":0.989,"max_com_vertex":10,"lp_graph_file":"lp_500_25000_10_7.json","edge_number":25000,"origin_graph_file":"ori_500_25000_10_7.json","new_alg_run_time":0.666015625,"lp_file":"lp_500_25000_10_7.lp","lp_alg_complete":true},{"node_number":500,"id_number":8,"new_alg_complete":true,"lp_alg_run_time":1.09,"max_com_vertex":10,"lp_graph_file":"lp_500_25000_10_8.json","edge_number":25000,"origin_graph_file":"ori_500_25000_10_8.json","new_alg_run_time":0.6472964763641358,"lp_file":"lp_500_25000_10_8.lp","lp_alg_complete":true},{"node_number":500,"id_number":9,"new_alg_complete":true,"lp_alg_run_time":1.055,"max_com_vertex":10,"lp_graph_file":"lp_500_25000_10_9.json","edge_number":25000,"origin_graph_file":"ori_500_25000_10_9.json","new_alg_run_time":0.8330251216888428,"lp_file":"lp_500_25000_10_9.lp","lp_alg_complete":true},{"node_number":500,"id_number":10,"new_alg_complete":true,"lp_alg_run_time":1.009,"max_com_vertex":10,"lp_graph_file":"lp_500_25000_10_10.json","edge_number":25000,"origin_graph_file":"ori_500_25000_10_10.json","new_alg_run_time":0.9737543582916259,"lp_file":"lp_500_25000_10_10.lp","lp_alg_complete":true},{"node_number":500,"id_number":11,"new_alg_complete":true,"lp_alg_run_time":1.046,"max_com_vertex":10,"lp_graph_file":"lp_500_25000_10_11.json","edge_number":25000,"origin_graph_file":"ori_500_25000_10_11.json","new_alg_run_time":0.6438758373260498,"lp_file":"lp_500_25000_10_11.lp","lp_alg_complete":true},{"node_number":500,"id_number":12,"new_alg_complete":true,"lp_alg_run_time":0.993,"max_com_vertex":10,"lp_graph_file":"lp_500_25000_10_12.json","edge_number":25000,"origin_graph_file":"ori_500_25000_10_12.json","new_alg_run_time":0.8761222839355469,"lp_file":"lp_500_25000_10_12.lp","lp_alg_complete":true},{"node_number":500,"id_number":13,"new_alg_complete":true,"lp_alg_run_time":0.995,"max_com_vertex":10,"lp_graph_file":"lp_500_25000_10_13.json","edge_number":25000,"origin_graph_file":"ori_500_25000_10_13.json","new_alg_run_time":0.7393245220184326,"lp_file":"lp_500_25000_10_13.lp","lp_alg_complete":true},{"node_number":500,"id_number":14,"new_alg_complete":true,"lp_alg_run_time":1.039,"max_com_vertex":10,"lp_graph_file":"lp_500_25000_10_14.json","edge_number":25000,"origin_graph_file":"ori_500_25000_10_14.json","new_alg_run_time":0.8173768520355225,"lp_file":"lp_500_25000_10_14.lp","lp_alg_complete":true},{"node_number":500,"id_number":15,"new_alg_complete":true,"lp_alg_run_time":0.983,"max_com_vertex":10,"lp_graph_file":"lp_500_25000_10_15.json","edge_number":25000,"origin_graph_file":"ori_500_25000_10_15.json","new_alg_run_time":0.8165757179260253,"lp_file":"lp_500_25000_10_15.lp","lp_alg_complete":true},{"node_number":500,"id_number":16,"new_alg_complete":true,"lp_alg_run_time":1.109,"max_com_vertex":10,"lp_graph_file":"lp_500_25000_10_16.json","edge_number":25000,"origin_graph_file":"ori_500_25000_10_16.json","new_alg_run_time":0.6746760368347168,"lp_file":"lp_500_25000_10_16.lp","lp_alg_complete":true},{"node_number":500,"id_number":17,"new_alg_complete":true,"lp_alg_run_time":1.081,"max_com_vertex":10,"lp_graph_file":"lp_500_25000_10_17.json","edge_number":25000,"origin_graph_file":"ori_500_25000_10_17.json","new_alg_run_time":0.6526205539703369,"lp_file":"lp_500_25000_10_17.lp","lp_alg_complete":true},{"node_number":500,"id_number":18,"new_alg_complete":true,"lp_alg_run_time":0.982,"max_com_vertex":10,"lp_graph_file":"lp_500_25000_10_18.json","edge_number":25000,"origin_graph_file":"ori_500_25000_10_18.json","new_alg_run_time":0.6777944087982177,"lp_file":"lp_500_25000_10_18.lp","lp_alg_complete":true},{"node_number":500,"id_number":19,"new_alg_complete":true,"lp_alg_run_time":1.025,"max_com_vertex":10,"lp_graph_file":"lp_500_25000_10_19.json","edge_number":25000,"origin_graph_file":"ori_500_25000_10_19.json","new_alg_run_time":0.6765654563903809,"lp_file":"lp_500_25000_10_19.lp","lp_alg_complete":true}],"lp_run_time":0,"new_run_time":3.6375736594200134}