{"file_number":20,"repeate_time":1,"file_Rec_Arr":[{"node_number":550,"id_number":0,"new_alg_complete":true,"lp_alg_run_time":2.023,"max_com_vertex":10,"lp_graph_file":"lp_550_30250_10_0.json","edge_number":30250,"origin_graph_file":"ori_550_30250_10_0.json","new_alg_run_time":0.8761168479919433,"lp_file":"lp_550_30250_10_0.lp","lp_alg_complete":true},{"node_number":550,"id_number":1,"new_alg_complete":true,"lp_alg_run_time":1.861,"max_com_vertex":10,"lp_graph_file":"lp_550_30250_10_1.json","edge_number":30250,"origin_graph_file":"ori_550_30250_10_1.json","new_alg_run_time":0.7466676712036133,"lp_file":"lp_550_30250_10_1.lp","lp_alg_complete":true},{"node_number":550,"id_number":2,"new_alg_complete":true,"lp_alg_run_time":1.725,"max_com_vertex":10,"lp_graph_file":"lp_550_30250_10_2.json","edge_number":30250,"origin_graph_file":"ori_550_30250_10_2.json","new_alg_run_time":0.7495016574859619,"lp_file":"lp_550_30250_10_2.lp","lp_alg_complete":true},{"node_number":550,"id_number":3,"new_alg_complete":true,"lp_alg_run_time":1.927,"max_com_vertex":10,"lp_graph_file":"lp_550_30250_10_3.json","edge_number":30250,"origin_graph_file":"ori_550_30250_10_3.json","new_alg_run_time":0.7503422260284424,"lp_file":"lp_550_30250_10_3.lp","lp_alg_complete":true},{"node_number":550,"id_number":4,"new_alg_complete":true,"lp_alg_run_time":1.608,"max_com_vertex":10,"lp_graph_file":"lp_550_30250_10_4.json","edge_number":30250,"origin_graph_file":"ori_550_30250_10_4.json","new_alg_run_time":0.7544828891754151,"lp_file":"lp_550_30250_10_4.lp","lp_alg_complete":true},{"node_number":550,"id_number":5,"new_alg_complete":true,"lp_alg_run_time":1.341,"max_com_vertex":10,"lp_graph_file":"lp_550_30250_10_5.json","edge_number":30250,"origin_graph_file":"ori_550_30250_10_5.json","new_alg_run_time":0.7481622219085693,"lp_file":"lp_550_30250_10_5.lp","lp_alg_complete":true},{"node_number":550,"id_number":6,"new_alg_complete":true,"lp_alg_run_time":1.371,"max_com_vertex":10,"lp_graph_file":"lp_550_30250_10_6.json","edge_number":30250,"origin_graph_file":"ori_550_30250_10_6.json","new_alg_run_time":0.7507692813873291,"lp_file":"lp_550_30250_10_6.lp","lp_alg_complete":true},{"node_number":550,"id_number":7,"new_alg_complete":true,"lp_alg_run_time":1.38,"max_com_vertex":10,"lp_graph_file":"lp_550_30250_10_7.json","edge_number":30250,"origin_graph_file":"ori_550_30250_10_7.json","new_alg_run_time":0.7806656360626221,"lp_file":"lp_550_30250_10_7.lp","lp_alg_complete":true},{"node_number":550,"id_number":8,"new_alg_complete":true,"lp_alg_run_time":1.453,"max_com_vertex":10,"lp_graph_file":"lp_550_30250_10_8.json","edge_number":30250,"origin_graph_file":"ori_550_30250_10_8.json","new_alg_run_time":0.9481202125549316,"lp_file":"lp_550_30250_10_8.lp","lp_alg_complete":true},{"node_number":550,"id_number":9,"new_alg_complete":true,"lp_alg_run_time":1.28,"max_com_vertex":10,"lp_graph_file":"lp_550_30250_10_9.json","edge_number":30250,"origin_graph_file":"ori_550_30250_10_9.json","new_alg_run_time":0.8490454673767089,"lp_file":"lp_550_30250_10_9.lp","lp_alg_complete":true},{"node_number":550,"id_number":10,"new_alg_complete":true,"lp_alg_run_time":1.357,"max_com_vertex":10,"lp_graph_file":"lp_550_30250_10_10.json","edge_number":30250,"origin_graph_file":"ori_550_30250_10_10.json","new_alg_run_time":0.7540459156036377,"lp_file":"lp_550_30250_10_10.lp","lp_alg_complete":true},{"node_number":550,"id_number":11,"new_alg_complete":true,"lp_alg_run_time":1.413,"max_com_vertex":10,"lp_graph_file":"lp_550_30250_10_11.json","edge_number":30250,"origin_graph_file":"ori_550_30250_10_11.json","new_alg_run_time":0.758521032333374,"lp_file":"lp_550_30250_10_11.lp","lp_alg_complete":true},{"node_number":550,"id_number":12,"new_alg_complete":true,"lp_alg_run_time":1.4,"max_com_vertex":10,"lp_graph_file":"lp_550_30250_10_12.json","edge_number":30250,"origin_graph_file":"ori_550_30250_10_12.json","new_alg_run_time":0.7687771797180176,"lp_file":"lp_550_30250_10_12.lp","lp_alg_complete":true},{"node_number":550,"id_number":13,"new_alg_complete":true,"lp_alg_run_time":1.312,"max_com_vertex":10,"lp_graph_file":"lp_550_30250_10_13.json","edge_number":30250,"origin_graph_file":"ori_550_30250_10_13.json","new_alg_run_time":0.9461983203887939,"lp_file":"lp_550_30250_10_13.lp","lp_alg_complete":true},{"node_number":550,"id_number":14,"new_alg_complete":true,"lp_alg_run_time":1.409,"max_com_vertex":10,"lp_graph_file":"lp_550_30250_10_14.json","edge_number":30250,"origin_graph_file":"ori_550_30250_10_14.json","new_alg_run_time":0.8605321407318115,"lp_file":"lp_550_30250_10_14.lp","lp_alg_complete":true},{"node_number":550,"id_number":15,"new_alg_complete":true,"lp_alg_run_time":1.298,"max_com_vertex":10,"lp_graph_file":"lp_550_30250_10_15.json","edge_number":30250,"origin_graph_file":"ori_550_30250_10_15.json","new_alg_run_time":0.7489146709442138,"lp_file":"lp_550_30250_10_15.lp","lp_alg_complete":true},{"node_number":550,"id_number":16,"new_alg_complete":true,"lp_alg_run_time":1.214,"max_com_vertex":10,"lp_graph_file":"lp_550_30250_10_16.json","edge_number":30250,"origin_graph_file":"ori_550_30250_10_16.json","new_alg_run_time":0.7563394069671631,"lp_file":"lp_550_30250_10_16.lp","lp_alg_complete":true},{"node_number":550,"id_number":17,"new_alg_complete":true,"lp_alg_run_time":1.378,"max_com_vertex":10,"lp_graph_file":"lp_550_30250_10_17.json","edge_number":30250,"origin_graph_file":"ori_550_30250_10_17.json","new_alg_run_time":0.9436207771301269,"lp_file":"lp_550_30250_10_17.lp","lp_alg_complete":true},{"node_number":550,"id_number":18,"new_alg_complete":true,"lp_alg_run_time":1.392,"max_com_vertex":10,"lp_graph_file":"lp_550_30250_10_18.json","edge_number":30250,"origin_graph_file":"ori_550_30250_10_18.json","new_alg_run_time":0.8602376937866211,"lp_file":"lp_550_30250_10_18.lp","lp_alg_complete":true},{"node_number":550,"id_number":19,"new_alg_complete":true,"lp_alg_run_time":1.408,"max_com_vertex":10,"lp_graph_file":"lp_550_30250_10_19.json","edge_number":30250,"origin_graph_file":"ori_550_30250_10_19.json","new_alg_run_time":0.7517580986022949,"lp_file":"lp_550_30250_10_19.lp","lp_alg_complete":true}],"lp_run_time":0,"new_run_time":4.025704836845398}