{"file_number":20,"repeate_time":1,"file_Rec_Arr":[{"node_number":600,"id_number":0,"new_alg_complete":true,"lp_alg_run_time":2.554,"max_com_vertex":10,"lp_graph_file":"lp_600_36000_10_0.json","edge_number":36000,"origin_graph_file":"ori_600_36000_10_0.json","new_alg_run_time":0.9544055461883545,"lp_file":"lp_600_36000_10_0.lp","lp_alg_complete":true},{"node_number":600,"id_number":1,"new_alg_complete":true,"lp_alg_run_time":2.16,"max_com_vertex":10,"lp_graph_file":"lp_600_36000_10_1.json","edge_number":36000,"origin_graph_file":"ori_600_36000_10_1.json","new_alg_run_time":0.9819456577301026,"lp_file":"lp_600_36000_10_1.lp","lp_alg_complete":true},{"node_number":600,"id_number":2,"new_alg_complete":true,"lp_alg_run_time":2.417,"max_com_vertex":10,"lp_graph_file":"lp_600_36000_10_2.json","edge_number":36000,"origin_graph_file":"ori_600_36000_10_2.json","new_alg_run_time":0.9250556468963623,"lp_file":"lp_600_36000_10_2.lp","lp_alg_complete":true},{"node_number":600,"id_number":3,"new_alg_complete":true,"lp_alg_run_time":1.765,"max_com_vertex":10,"lp_graph_file":"lp_600_36000_10_3.json","edge_number":36000,"origin_graph_file":"ori_600_36000_10_3.json","new_alg_run_time":0.9175177574157715,"lp_file":"lp_600_36000_10_3.lp","lp_alg_complete":true},{"node_number":600,"id_number":4,"new_alg_complete":true,"lp_alg_run_time":1.708,"max_com_vertex":10,"lp_graph_file":"lp_600_36000_10_4.json","edge_number":36000,"origin_graph_file":"ori_600_36000_10_4.json","new_alg_run_time":0.9169719696044922,"lp_file":"lp_600_36000_10_4.lp","lp_alg_complete":true},{"node_number":600,"id_number":5,"new_alg_complete":true,"lp_alg_run_time":1.866,"max_com_vertex":10,"lp_graph_file":"lp_600_36000_10_5.json","edge_number":36000,"origin_graph_file":"ori_600_36000_10_5.json","new_alg_run_time":1.0466689109802245,"lp_file":"lp_600_36000_10_5.lp","lp_alg_complete":true},{"node_number":600,"id_number":6,"new_alg_complete":true,"lp_alg_run_time":1.75,"max_com_vertex":10,"lp_graph_file":"lp_600_36000_10_6.json","edge_number":36000,"origin_graph_file":"ori_600_36000_10_6.json","new_alg_run_time":1.125138521194458,"lp_file":"lp_600_36000_10_6.lp","lp_alg_complete":true},{"node_number":600,"id_number":7,"new_alg_complete":true,"lp_alg_run_time":1.78,"max_com_vertex":10,"lp_graph_file":"lp_600_36000_10_7.json","edge_number":36000,"origin_graph_file":"ori_600_36000_10_7.json","new_alg_run_time":0.9360300064086914,"lp_file":"lp_600_36000_10_7.lp","lp_alg_complete":true},{"node_number":600,"id_number":8,"new_alg_complete":true,"lp_alg_run_time":1.71,"max_com_vertex":10,"lp_graph_file":"lp_600_36000_10_8.json","edge_number":36000,"origin_graph_file":"ori_600_36000_10_8.json","new_alg_run_time":0.9234118461608887,"lp_file":"lp_600_36000_10_8.lp","lp_alg_complete":true},{"node_number":600,"id_number":9,"new_alg_complete":true,"lp_alg_run_time":1.779,"max_com_vertex":10,"lp_graph_file":"lp_600_36000_10_9.json","edge_number":36000,"origin_graph_file":"ori_600_36000_10_9.json","new_alg_run_time":0.9204809665679932,"lp_file":"lp_600_36000_10_9.lp","lp_alg_complete":true},{"node_number":600,"id_number":10,"new_alg_complete":true,"lp_alg_run_time":1.743,"max_com_vertex":10,"lp_graph_file":"lp_600_36000_10_10.json","edge_number":36000,"origin_graph_file":"ori_600_36000_10_10.json","new_alg_run_time":0.9199460983276367,"lp_file":"lp_600_36000_10_10.lp","lp_alg_complete":true},{"node_number":600,"id_number":11,"new_alg_complete":true,"lp_alg_run_time":1.847,"max_com_vertex":10,"lp_graph_file":"lp_600_36000_10_11.json","edge_number":36000,"origin_graph_file":"ori_600_36000_10_11.json","new_alg_run_time":0.9317408084869385,"lp_file":"lp_600_36000_10_11.lp","lp_alg_complete":true},{"node_number":600,"id_number":12,"new_alg_complete":true,"lp_alg_run_time":1.739,"max_com_vertex":10,"lp_graph_file":"lp_600_36000_10_12.json","edge_number":36000,"origin_graph_file":"ori_600_36000_10_12.json","new_alg_run_time":0.9727200031280517,"lp_file":"lp_600_36000_10_12.lp","lp_alg_complete":true},{"node_number":600,"id_number":13,"new_alg_complete":true,"lp_alg_run_time":1.897,"max_com_vertex":10,"lp_graph_file":"lp_600_36000_10_13.json","edge_number":36000,"origin_graph_file":"ori_600_36000_10_13.json","new_alg_run_time":1.1503035068511962,"lp_file":"lp_600_36000_10_13.lp","lp_alg_complete":true},{"node_number":600,"id_number":14,"new_alg_complete":true,"lp_alg_run_time":1.68,"max_com_vertex":10,"lp_graph_file":"lp_600_36000_10_14.json","edge_number":36000,"origin_graph_file":"ori_600_36000_10_14.json","new_alg_run_time":0.9649698257446289,"lp_file":"lp_600_36000_10_14.lp","lp_alg_complete":true},{"node_number":600,"id_number":15,"new_alg_complete":true,"lp_alg_run_time":1.798,"max_com_vertex":10,"lp_graph_file":"lp_600_36000_10_15.json","edge_number":36000,"origin_graph_file":"ori_600_36000_10_15.json","new_alg_run_time":0.9296353340148926,"lp_file":"lp_600_36000_10_15.lp","lp_alg_complete":true},{"node_number":600,"id_number":16,"new_alg_complete":true,"lp_alg_run_time":1.842,"max_com_vertex":10,"lp_graph_file":"lp_600_36000_10_16.json","edge_number":36000,"origin_graph_file":"ori_600_36000_10_16.json","new_alg_run_time":0.9153119087219238,"lp_file":"lp_600_36000_10_16.lp","lp_alg_complete":true},{"node_number":600,"id_number":17,"new_alg_complete":true,"lp_alg_run_time":1.837,"max_com_vertex":10,"lp_graph_file":"lp_600_36000_10_17.json","edge_number":36000,"origin_graph_file":"ori_600_36000_10_17.json","new_alg_run_time":0.92057785987854,"lp_file":"lp_600_36000_10_17.lp","lp_alg_complete":true},{"node_number":600,"id_number":18,"new_alg_complete":true,"lp_alg_run_time":1.766,"max_com_vertex":10,"lp_graph_file":"lp_600_36000_10_18.json","edge_number":36000,"origin_graph_file":"ori_600_36000_10_18.json","new_alg_run_time":0.9185883522033691,"lp_file":"lp_600_36000_10_18.lp","lp_alg_complete":true},{"node_number":600,"id_number":19,"new_alg_complete":true,"lp_alg_run_time":1.79,"max_com_vertex":10,"lp_graph_file":"lp_600_36000_10_19.json","edge_number":36000,"origin_graph_file":"ori_600_36000_10_19.json","new_alg_run_time":0.9210419654846191,"lp_file":"lp_600_36000_10_19.lp","lp_alg_complete":true}],"lp_run_time":0,"new_run_time":4.798115622997284}