{"file_number":20,"repeate_time":1,"file_Rec_Arr":[{"node_number":650,"id_number":0,"new_alg_complete":true,"lp_alg_run_time":2.532,"max_com_vertex":10,"edge_number":42250,"lp_graph_file":"lp_650_42250_10_0.json","origin_graph_file":"ori_650_42250_10_0.json","new_alg_run_time":1.125140619277954,"lp_alg_complete":true,"lp_file":"lp_650_42250_10_0.lp"},{"node_number":650,"id_number":1,"new_alg_complete":true,"lp_alg_run_time":2.964,"max_com_vertex":10,"edge_number":42250,"lp_graph_file":"lp_650_42250_10_1.json","origin_graph_file":"ori_650_42250_10_1.json","new_alg_run_time":1.222335195541382,"lp_alg_complete":true,"lp_file":"lp_650_42250_10_1.lp"},{"node_number":650,"id_number":2,"new_alg_complete":true,"lp_alg_run_time":3.289,"max_com_vertex":10,"edge_number":42250,"lp_graph_file":"lp_650_42250_10_2.json","origin_graph_file":"ori_650_42250_10_2.json","new_alg_run_time":1.1392485618591308,"lp_alg_complete":true,"lp_file":"lp_650_42250_10_2.lp"},{"node_number":650,"id_number":3,"new_alg_complete":true,"lp_alg_run_time":2.851,"max_com_vertex":10,"edge_number":42250,"lp_graph_file":"lp_650_42250_10_3.json","origin_graph_file":"ori_650_42250_10_3.json","new_alg_run_time":1.1174349784851074,"lp_alg_complete":true,"lp_file":"lp_650_42250_10_3.lp"},{"node_number":650,"id_number":4,"new_alg_complete":true,"lp_alg_run_time":2.593,"max_com_vertex":10,"edge_number":42250,"lp_graph_file":"lp_650_42250_10_4.json","origin_graph_file":"ori_650_42250_10_4.json","new_alg_run_time":1.1316522121429444,"lp_alg_complete":true,"lp_file":"lp_650_42250_10_4.lp"},{"node_number":650,"id_number":5,"new_alg_complete":true,"lp_alg_run_time":3.267,"max_com_vertex":10,"edge_number":42250,"lp_graph_file":"lp_650_42250_10_5.json","origin_graph_file":"ori_650_42250_10_5.json","new_alg_run_time":1.3843474388122559,"lp_alg_complete":true,"lp_file":"lp_650_42250_10_5.lp"},{"node_number":650,"id_number":6,"new_alg_complete":true,"lp_alg_run_time":3.129,"max_com_vertex":10,"edge_number":42250,"lp_graph_file":"lp_650_42250_10_6.json","origin_graph_file":"ori_650_42250_10_6.json","new_alg_run_time":1.1190560817718507,"lp_alg_complete":true,"lp_file":"lp_650_42250_10_6.lp"},{"node_number":650,"id_number":7,"new_alg_complete":true,"lp_alg_run_time":3.075,"max_com_vertex":10,"edge_number":42250,"lp_graph_file":"lp_650_42250_10_7.json","origin_graph_file":"ori_650_42250_10_7.json","new_alg_run_time":1.1099377632141114,"lp_alg_complete":true,"lp_file":"lp_650_42250_10_7.lp"},{"node_number":650,"id_number":8,"new_alg_complete":true,"lp_alg_run_time":2.742,"max_com_vertex":10,"edge_number":42250,"lp_graph_file":"lp_650_42250_10_8.json","origin_graph_file":"ori_650_42250_10_8.json","new_alg_run_time":1.1022922992706299,"lp_alg_complete":true,"lp_file":"lp_650_42250_10_8.lp"},{"node_number":650,"id_number":9,"new_alg_complete":true,"lp_alg_run_time":2.186,"max_com_vertex":10,"edge_number":42250,"lp_graph_file":"lp_650_42250_10_9.json","origin_graph_file":"ori_650_42250_10_9.json","new_alg_run_time":1.1056779384613038,"lp_alg_complete":true,"lp_file":"lp_650_42250_10_9.lp"},{"node_number":650,"id_number":10,"new_alg_complete":true,"lp_alg_run_time":2.22,"max_com_vertex":10,"edge_number":42250,"lp_graph_file":"lp_650_42250_10_10.json","origin_graph_file":"ori_650_42250_10_10.json","new_alg_run_time":1.1225557327270508,"lp_alg_complete":true,"lp_file":"lp_650_42250_10_10.lp"},{"node_number":650,"id_number":11,"new_alg_complete":true,"lp_alg_run_time":2.337,"max_com_vertex":10,"edge_number":42250,"lp_graph_file":"lp_650_42250_10_11.json","origin_graph_file":"ori_650_42250_10_11.json","new_alg_run_time":1.3706818580627442,"lp_alg_complete":true,"lp_file":"lp_650_42250_10_11.lp"},{"node_number":650,"id_number":12,"new_alg_complete":true,"lp_alg_run_time":2.274,"max_com_vertex":10,"edge_number":42250,"lp_graph_file":"lp_650_42250_10_12.json","origin_graph_file":"ori_650_42250_10_12.json","new_alg_run_time":1.1633077621459962,"lp_alg_complete":true,"lp_file":"lp_650_42250_10_12.lp"},{"node_number":650,"id_number":13,"new_alg_complete":true,"lp_alg_run_time":2.19,"max_com_vertex":10,"edge_number":42250,"lp_graph_file":"lp_650_42250_10_13.json","origin_graph_file":"ori_650_42250_10_13.json","new_alg_run_time":1.207523250579834,"lp_alg_complete":true,"lp_file":"lp_650_42250_10_13.lp"},{"node_number":650,"id_number":14,"new_alg_complete":true,"lp_alg_run_time":2.25,"max_com_vertex":10,"edge_number":42250,"lp_graph_file":"lp_650_42250_10_14.json","origin_graph_file":"ori_650_42250_10_14.json","new_alg_run_time":1.187540340423584,"lp_alg_complete":true,"lp_file":"lp_650_42250_10_14.lp"},{"node_number":650,"id_number":15,"new_alg_complete":true,"lp_alg_run_time":2.107,"max_com_vertex":10,"edge_number":42250,"lp_graph_file":"lp_650_42250_10_15.json","origin_graph_file":"ori_650_42250_10_15.json","new_alg_run_time":1.3829630374908448,"lp_alg_complete":true,"lp_file":"lp_650_42250_10_15.lp"},{"node_number":650,"id_number":16,"new_alg_complete":true,"lp_alg_run_time":2.258,"max_com_vertex":10,"edge_number":42250,"lp_graph_file":"lp_650_42250_10_16.json","origin_graph_file":"ori_650_42250_10_16.json","new_alg_run_time":1.1485153198242188,"lp_alg_complete":true,"lp_file":"lp_650_42250_10_16.lp"},{"node_number":650,"id_number":17,"new_alg_complete":true,"lp_alg_run_time":2.143,"max_com_vertex":10,"edge_number":42250,"lp_graph_file":"lp_650_42250_10_17.json","origin_graph_file":"ori_650_42250_10_17.json","new_alg_run_time":1.1289101123809815,"lp_alg_complete":true,"lp_file":"lp_650_42250_10_17.lp"},{"node_number":650,"id_number":18,"new_alg_complete":true,"lp_alg_run_time":2.232,"max_com_vertex":10,"edge_number":42250,"lp_graph_file":"lp_650_42250_10_18.json","origin_graph_file":"ori_650_42250_10_18.json","new_alg_run_time":1.3128142356872559,"lp_alg_complete":true,"lp_file":"lp_650_42250_10_18.lp"},{"node_number":650,"id_number":19,"new_alg_complete":true,"lp_alg_run_time":2.42,"max_com_vertex":10,"edge_number":42250,"lp_graph_file":"lp_650_42250_10_19.json","origin_graph_file":"ori_650_42250_10_19.json","new_alg_run_time":1.2421921730041503,"lp_alg_complete":true,"lp_file":"lp_650_42250_10_19.lp"}],"lp_run_time":0,"new_run_time":5.956031727790832}