{"file_number":20,"repeate_time":1,"file_Rec_Arr":[{"node_number":700,"id_number":0,"new_alg_complete":true,"lp_alg_run_time":3.166,"max_com_vertex":10,"lp_graph_file":"lp_700_49000_10_0.json","edge_number":49000,"origin_graph_file":"ori_700_49000_10_0.json","new_alg_run_time":1.275776195526123,"lp_alg_complete":true,"lp_file":"lp_700_49000_10_0.lp"},{"node_number":700,"id_number":1,"new_alg_complete":true,"lp_alg_run_time":3.635,"max_com_vertex":10,"lp_graph_file":"lp_700_49000_10_1.json","edge_number":49000,"origin_graph_file":"ori_700_49000_10_1.json","new_alg_run_time":1.2525965213775634,"lp_alg_complete":true,"lp_file":"lp_700_49000_10_1.lp"},{"node_number":700,"id_number":2,"new_alg_complete":true,"lp_alg_run_time":3.349,"max_com_vertex":10,"lp_graph_file":"lp_700_49000_10_2.json","edge_number":49000,"origin_graph_file":"ori_700_49000_10_2.json","new_alg_run_time":1.2566421508789063,"lp_alg_complete":true,"lp_file":"lp_700_49000_10_2.lp"},{"node_number":700,"id_number":3,"new_alg_complete":true,"lp_alg_run_time":2.661,"max_com_vertex":10,"lp_graph_file":"lp_700_49000_10_3.json","edge_number":49000,"origin_graph_file":"ori_700_49000_10_3.json","new_alg_run_time":1.2605692863464355,"lp_alg_complete":true,"lp_file":"lp_700_49000_10_3.lp"},{"node_number":700,"id_number":4,"new_alg_complete":true,"lp_alg_run_time":2.963,"max_com_vertex":10,"lp_graph_file":"lp_700_49000_10_4.json","edge_number":49000,"origin_graph_file":"ori_700_49000_10_4.json","new_alg_run_time":1.2542190551757812,"lp_alg_complete":true,"lp_file":"lp_700_49000_10_4.lp"},{"node_number":700,"id_number":5,"new_alg_complete":true,"lp_alg_run_time":2.719,"max_com_vertex":10,"lp_graph_file":"lp_700_49000_10_5.json","edge_number":49000,"origin_graph_file":"ori_700_49000_10_5.json","new_alg_run_time":1.2630027294158936,"lp_alg_complete":true,"lp_file":"lp_700_49000_10_5.lp"},{"node_number":700,"id_number":6,"new_alg_complete":true,"lp_alg_run_time":2.939,"max_com_vertex":10,"lp_graph_file":"lp_700_49000_10_6.json","edge_number":49000,"origin_graph_file":"ori_700_49000_10_6.json","new_alg_run_time":1.2524601936340332,"lp_alg_complete":true,"lp_file":"lp_700_49000_10_6.lp"},{"node_number":700,"id_number":7,"new_alg_complete":true,"lp_alg_run_time":2.774,"max_com_vertex":10,"lp_graph_file":"lp_700_49000_10_7.json","edge_number":49000,"origin_graph_file":"ori_700_49000_10_7.json","new_alg_run_time":1.2510372161865235,"lp_alg_complete":true,"lp_file":"lp_700_49000_10_7.lp"},{"node_number":700,"id_number":8,"new_alg_complete":true,"lp_alg_run_time":2.8,"max_com_vertex":10,"lp_graph_file":"lp_700_49000_10_8.json","edge_number":49000,"origin_graph_file":"ori_700_49000_10_8.json","new_alg_run_time":1.2993652820587158,"lp_alg_complete":true,"lp_file":"lp_700_49000_10_8.lp"},{"node_number":700,"id_number":9,"new_alg_complete":true,"lp_alg_run_time":3.008,"max_com_vertex":10,"lp_graph_file":"lp_700_49000_10_9.json","edge_number":49000,"origin_graph_file":"ori_700_49000_10_9.json","new_alg_run_time":1.5022342681884766,"lp_alg_complete":true,"lp_file":"lp_700_49000_10_9.lp"},{"node_number":700,"id_number":10,"new_alg_complete":true,"lp_alg_run_time":2.774,"max_com_vertex":10,"lp_graph_file":"lp_700_49000_10_10.json","edge_number":49000,"origin_graph_file":"ori_700_49000_10_10.json","new_alg_run_time":1.3070531845092774,"lp_alg_complete":true,"lp_file":"lp_700_49000_10_10.lp"},{"node_number":700,"id_number":11,"new_alg_complete":true,"lp_alg_run_time":3.114,"max_com_vertex":10,"lp_graph_file":"lp_700_49000_10_11.json","edge_number":49000,"origin_graph_file":"ori_700_49000_10_11.json","new_alg_run_time":1.2625071048736571,"lp_alg_complete":true,"lp_file":"lp_700_49000_10_11.lp"},{"node_number":700,"id_number":12,"new_alg_complete":true,"lp_alg_run_time":3.702,"max_com_vertex":10,"lp_graph_file":"lp_700_49000_10_12.json","edge_number":49000,"origin_graph_file":"ori_700_49000_10_12.json","new_alg_run_time":1.26526837348938,"lp_alg_complete":true,"lp_file":"lp_700_49000_10_12.lp"},{"node_number":700,"id_number":13,"new_alg_complete":true,"lp_alg_run_time":4.658,"max_com_vertex":10,"lp_graph_file":"lp_700_49000_10_13.json","edge_number":49000,"origin_graph_file":"ori_700_49000_10_13.json","new_alg_run_time":1.4993706226348877,"lp_alg_complete":true,"lp_file":"lp_700_49000_10_13.lp"},{"node_number":700,"id_number":14,"new_alg_complete":true,"lp_alg_run_time":3.799,"max_com_vertex":10,"lp_graph_file":"lp_700_49000_10_14.json","edge_number":49000,"origin_graph_file":"ori_700_49000_10_14.json","new_alg_run_time":1.32341628074646,"lp_alg_complete":true,"lp_file":"lp_700_49000_10_14.lp"},{"node_number":700,"id_number":15,"new_alg_complete":true,"lp_alg_run_time":4.479,"max_com_vertex":10,"lp_graph_file":"lp_700_49000_10_15.json","edge_number":49000,"origin_graph_file":"ori_700_49000_10_15.json","new_alg_run_time":1.259478759765625,"lp_alg_complete":true,"lp_file":"lp_700_49000_10_15.lp"},{"node_number":700,"id_number":16,"new_alg_complete":true,"lp_alg_run_time":3.961,"max_com_vertex":10,"lp_graph_file":"lp_700_49000_10_16.json","edge_number":49000,"origin_graph_file":"ori_700_49000_10_16.json","new_alg_run_time":1.2632901668548584,"lp_alg_complete":true,"lp_file":"lp_700_49000_10_16.lp"},{"node_number":700,"id_number":17,"new_alg_complete":true,"lp_alg_run_time":3.461,"max_com_vertex":10,"lp_graph_file":"lp_700_49000_10_17.json","edge_number":49000,"origin_graph_file":"ori_700_49000_10_17.json","new_alg_run_time":1.2837214946746827,"lp_alg_complete":true,"lp_file":"lp_700_49000_10_17.lp"},{"node_number":700,"id_number":18,"new_alg_complete":true,"lp_alg_run_time":3.968,"max_com_vertex":10,"lp_graph_file":"lp_700_49000_10_18.json","edge_number":49000,"origin_graph_file":"ori_700_49000_10_18.json","new_alg_run_time":1.5534711837768556,"lp_alg_complete":true,"lp_file":"lp_700_49000_10_18.lp"},{"node_number":700,"id_number":19,"new_alg_complete":true,"lp_alg_run_time":3.913,"max_com_vertex":10,"lp_graph_file":"lp_700_49000_10_19.json","edge_number":49000,"origin_graph_file":"ori_700_49000_10_19.json","new_alg_run_time":1.2556766986846923,"lp_alg_complete":true,"lp_file":"lp_700_49000_10_19.lp"}],"lp_run_time":0,"new_run_time":6.535289192199707}