{"file_number":20,"repeate_time":1,"file_Rec_Arr":[{"node_number":750,"id_number":0,"new_alg_complete":true,"lp_alg_run_time":3.61,"max_com_vertex":10,"edge_number":56250,"lp_graph_file":"lp_750_56250_10_0.json","origin_graph_file":"ori_750_56250_10_0.json","new_alg_run_time":1.4563135623931884,"lp_alg_complete":true,"lp_file":"lp_750_56250_10_0.lp"},{"node_number":750,"id_number":1,"new_alg_complete":true,"lp_alg_run_time":3.505,"max_com_vertex":10,"edge_number":56250,"lp_graph_file":"lp_750_56250_10_1.json","origin_graph_file":"ori_750_56250_10_1.json","new_alg_run_time":1.4478930950164794,"lp_alg_complete":true,"lp_file":"lp_750_56250_10_1.lp"},{"node_number":750,"id_number":2,"new_alg_complete":true,"lp_alg_run_time":3.7,"max_com_vertex":10,"edge_number":56250,"lp_graph_file":"lp_750_56250_10_2.json","origin_graph_file":"ori_750_56250_10_2.json","new_alg_run_time":1.4490849018096923,"lp_alg_complete":true,"lp_file":"lp_750_56250_10_2.lp"},{"node_number":750,"id_number":3,"new_alg_complete":true,"lp_alg_run_time":3.678,"max_com_vertex":10,"edge_number":56250,"lp_graph_file":"lp_750_56250_10_3.json","origin_graph_file":"ori_750_56250_10_3.json","new_alg_run_time":1.440726089477539,"lp_alg_complete":true,"lp_file":"lp_750_56250_10_3.lp"},{"node_number":750,"id_number":4,"new_alg_complete":true,"lp_alg_run_time":3.46,"max_com_vertex":10,"edge_number":56250,"lp_graph_file":"lp_750_56250_10_4.json","origin_graph_file":"ori_750_56250_10_4.json","new_alg_run_time":1.4433454036712647,"lp_alg_complete":true,"lp_file":"lp_750_56250_10_4.lp"},{"node_number":750,"id_number":5,"new_alg_complete":true,"lp_alg_run_time":3.549,"max_com_vertex":10,"edge_number":56250,"lp_graph_file":"lp_750_56250_10_5.json","origin_graph_file":"ori_750_56250_10_5.json","new_alg_run_time":1.4451653480529785,"lp_alg_complete":true,"lp_file":"lp_750_56250_10_5.lp"},{"node_number":750,"id_number":6,"new_alg_complete":true,"lp_alg_run_time":3.271,"max_com_vertex":10,"edge_number":56250,"lp_graph_file":"lp_750_56250_10_6.json","origin_graph_file":"ori_750_56250_10_6.json","new_alg_run_time":1.447908878326416,"lp_alg_complete":true,"lp_file":"lp_750_56250_10_6.lp"},{"node_number":750,"id_number":7,"new_alg_complete":true,"lp_alg_run_time":3.566,"max_com_vertex":10,"edge_number":56250,"lp_graph_file":"lp_750_56250_10_7.json","origin_graph_file":"ori_750_56250_10_7.json","new_alg_run_time":1.4563716411590577,"lp_alg_complete":true,"lp_file":"lp_750_56250_10_7.lp"},{"node_number":750,"id_number":8,"new_alg_complete":true,"lp_alg_run_time":3.607,"max_com_vertex":10,"edge_number":56250,"lp_graph_file":"lp_750_56250_10_8.json","origin_graph_file":"ori_750_56250_10_8.json","new_alg_run_time":1.751521921157837,"lp_alg_complete":true,"lp_file":"lp_750_56250_10_8.lp"},{"node_number":750,"id_number":9,"new_alg_complete":true,"lp_alg_run_time":3.33,"max_com_vertex":10,"edge_number":56250,"lp_graph_file":"lp_750_56250_10_9.json","origin_graph_file":"ori_750_56250_10_9.json","new_alg_run_time":1.4553335189819336,"lp_alg_complete":true,"lp_file":"lp_750_56250_10_9.lp"},{"node_number":750,"id_number":10,"new_alg_complete":true,"lp_alg_run_time":3.559,"max_com_vertex":10,"edge_number":56250,"lp_graph_file":"lp_750_56250_10_10.json","origin_graph_file":"ori_750_56250_10_10.json","new_alg_run_time":1.4449841022491454,"lp_alg_complete":true,"lp_file":"lp_750_56250_10_10.lp"},{"node_number":750,"id_number":11,"new_alg_complete":true,"lp_alg_run_time":3.547,"max_com_vertex":10,"edge_number":56250,"lp_graph_file":"lp_750_56250_10_11.json","origin_graph_file":"ori_750_56250_10_11.json","new_alg_run_time":1.4393231391906738,"lp_alg_complete":true,"lp_file":"lp_750_56250_10_11.lp"},{"node_number":750,"id_number":12,"new_alg_complete":true,"lp_alg_run_time":3.985,"max_com_vertex":10,"edge_number":56250,"lp_graph_file":"lp_750_56250_10_12.json","origin_graph_file":"ori_750_56250_10_12.json","new_alg_run_time":1.6918508529663085,"lp_alg_complete":true,"lp_file":"lp_750_56250_10_12.lp"},{"node_number":750,"id_number":13,"new_alg_complete":true,"lp_alg_run_time":3.447,"max_com_vertex":10,"edge_number":56250,"lp_graph_file":"lp_750_56250_10_13.json","origin_graph_file":"ori_750_56250_10_13.json","new_alg_run_time":1.5111720561981201,"lp_alg_complete":true,"lp_file":"lp_750_56250_10_13.lp"},{"node_number":750,"id_number":14,"new_alg_complete":true,"lp_alg_run_time":3.531,"max_com_vertex":10,"edge_number":56250,"lp_graph_file":"lp_750_56250_10_14.json","origin_graph_file":"ori_750_56250_10_14.json","new_alg_run_time":1.4666993141174316,"lp_alg_complete":true,"lp_file":"lp_750_56250_10_14.lp"},{"node_number":750,"id_number":15,"new_alg_complete":true,"lp_alg_run_time":3.645,"max_com_vertex":10,"edge_number":56250,"lp_graph_file":"lp_750_56250_10_15.json","origin_graph_file":"ori_750_56250_10_15.json","new_alg_run_time":1.4812654972076416,"lp_alg_complete":true,"lp_file":"lp_750_56250_10_15.lp"},{"node_number":750,"id_number":16,"new_alg_complete":true,"lp_alg_run_time":3.575,"max_com_vertex":10,"edge_number":56250,"lp_graph_file":"lp_750_56250_10_16.json","origin_graph_file":"ori_750_56250_10_16.json","new_alg_run_time":1.754204225540161,"lp_alg_complete":true,"lp_file":"lp_750_56250_10_16.lp"},{"node_number":750,"id_number":17,"new_alg_complete":true,"lp_alg_run_time":3.439,"max_com_vertex":10,"edge_number":56250,"lp_graph_file":"lp_750_56250_10_17.json","origin_graph_file":"ori_750_56250_10_17.json","new_alg_run_time":1.4591777324676514,"lp_alg_complete":true,"lp_file":"lp_750_56250_10_17.lp"},{"node_number":750,"id_number":18,"new_alg_complete":true,"lp_alg_run_time":3.285,"max_com_vertex":10,"edge_number":56250,"lp_graph_file":"lp_750_56250_10_18.json","origin_graph_file":"ori_750_56250_10_18.json","new_alg_run_time":1.453322410583496,"lp_alg_complete":true,"lp_file":"lp_750_56250_10_18.lp"},{"node_number":750,"id_number":19,"new_alg_complete":true,"lp_alg_run_time":3.782,"max_com_vertex":10,"edge_number":56250,"lp_graph_file":"lp_750_56250_10_19.json","origin_graph_file":"ori_750_56250_10_19.json","new_alg_run_time":1.4482937335968018,"lp_alg_complete":true,"lp_file":"lp_750_56250_10_19.lp"}],"lp_run_time":0,"new_run_time":7.485989356040955}