{"file_number":20,"repeate_time":1,"file_Rec_Arr":[{"node_number":800,"id_number":0,"new_alg_complete":true,"lp_alg_run_time":4.996,"max_com_vertex":10,"lp_graph_file":"lp_800_64000_10_0.json","edge_number":64000,"origin_graph_file":"ori_800_64000_10_0.json","new_alg_run_time":1.6493331432342528,"lp_alg_complete":true,"lp_file":"lp_800_64000_10_0.lp"},{"node_number":800,"id_number":1,"new_alg_complete":true,"lp_alg_run_time":4.33,"max_com_vertex":10,"lp_graph_file":"lp_800_64000_10_1.json","edge_number":64000,"origin_graph_file":"ori_800_64000_10_1.json","new_alg_run_time":1.7869014263153076,"lp_alg_complete":true,"lp_file":"lp_800_64000_10_1.lp"},{"node_number":800,"id_number":2,"new_alg_complete":true,"lp_alg_run_time":4.451,"max_com_vertex":10,"lp_graph_file":"lp_800_64000_10_2.json","edge_number":64000,"origin_graph_file":"ori_800_64000_10_2.json","new_alg_run_time":1.768606185913086,"lp_alg_complete":true,"lp_file":"lp_800_64000_10_2.lp"},{"node_number":800,"id_number":3,"new_alg_complete":true,"lp_alg_run_time":4.227,"max_com_vertex":10,"lp_graph_file":"lp_800_64000_10_3.json","edge_number":64000,"origin_graph_file":"ori_800_64000_10_3.json","new_alg_run_time":1.6182497501373292,"lp_alg_complete":true,"lp_file":"lp_800_64000_10_3.lp"},{"node_number":800,"id_number":4,"new_alg_complete":true,"lp_alg_run_time":4.226,"max_com_vertex":10,"lp_graph_file":"lp_800_64000_10_4.json","edge_number":64000,"origin_graph_file":"ori_800_64000_10_4.json","new_alg_run_time":1.615153169631958,"lp_alg_complete":true,"lp_file":"lp_800_64000_10_4.lp"},{"node_number":800,"id_number":5,"new_alg_complete":true,"lp_alg_run_time":4.184,"max_com_vertex":10,"lp_graph_file":"lp_800_64000_10_5.json","edge_number":64000,"origin_graph_file":"ori_800_64000_10_5.json","new_alg_run_time":1.7480877876281737,"lp_alg_complete":true,"lp_file":"lp_800_64000_10_5.lp"},{"node_number":800,"id_number":6,"new_alg_complete":true,"lp_alg_run_time":4.041,"max_com_vertex":10,"lp_graph_file":"lp_800_64000_10_6.json","edge_number":64000,"origin_graph_file":"ori_800_64000_10_6.json","new_alg_run_time":1.7503204822540284,"lp_alg_complete":true,"lp_file":"lp_800_64000_10_6.lp"},{"node_number":800,"id_number":7,"new_alg_complete":true,"lp_alg_run_time":4.267,"max_com_vertex":10,"lp_graph_file":"lp_800_64000_10_7.json","edge_number":64000,"origin_graph_file":"ori_800_64000_10_7.json","new_alg_run_time":1.6307053089141845,"lp_alg_complete":true,"lp_file":"lp_800_64000_10_7.lp"},{"node_number":800,"id_number":8,"new_alg_complete":true,"lp_alg_run_time":4.215,"max_com_vertex":10,"lp_graph_file":"lp_800_64000_10_8.json","edge_number":64000,"origin_graph_file":"ori_800_64000_10_8.json","new_alg_run_time":1.939648723602295,"lp_alg_complete":true,"lp_file":"lp_800_64000_10_8.lp"},{"node_number":800,"id_number":9,"new_alg_complete":true,"lp_alg_run_time":4.232,"max_com_vertex":10,"lp_graph_file":"lp_800_64000_10_9.json","edge_number":64000,"origin_graph_file":"ori_800_64000_10_9.json","new_alg_run_time":1.6194872379302978,"lp_alg_complete":true,"lp_file":"lp_800_64000_10_9.lp"},{"node_number":800,"id_number":10,"new_alg_complete":true,"lp_alg_run_time":4.649,"max_com_vertex":10,"lp_graph_file":"lp_800_64000_10_10.json","edge_number":64000,"origin_graph_file":"ori_800_64000_10_10.json","new_alg_run_time":1.62035231590271,"lp_alg_complete":true,"lp_file":"lp_800_64000_10_10.lp"},{"node_number":800,"id_number":11,"new_alg_complete":true,"lp_alg_run_time":5.524,"max_com_vertex":10,"lp_graph_file":"lp_800_64000_10_11.json","edge_number":64000,"origin_graph_file":"ori_800_64000_10_11.json","new_alg_run_time":1.6233688831329345,"lp_alg_complete":true,"lp_file":"lp_800_64000_10_11.lp"},{"node_number":800,"id_number":12,"new_alg_complete":true,"lp_alg_run_time":4.819,"max_com_vertex":10,"lp_graph_file":"lp_800_64000_10_12.json","edge_number":64000,"origin_graph_file":"ori_800_64000_10_12.json","new_alg_run_time":1.9462303638458252,"lp_alg_complete":true,"lp_file":"lp_800_64000_10_12.lp"},{"node_number":800,"id_number":13,"new_alg_complete":true,"lp_alg_run_time":4.423,"max_com_vertex":10,"lp_graph_file":"lp_800_64000_10_13.json","edge_number":64000,"origin_graph_file":"ori_800_64000_10_13.json","new_alg_run_time":1.6295596599578857,"lp_alg_complete":true,"lp_file":"lp_800_64000_10_13.lp"},{"node_number":800,"id_number":14,"new_alg_complete":true,"lp_alg_run_time":5.357,"max_com_vertex":10,"lp_graph_file":"lp_800_64000_10_14.json","edge_number":64000,"origin_graph_file":"ori_800_64000_10_14.json","new_alg_run_time":1.6464656829833983,"lp_alg_complete":true,"lp_file":"lp_800_64000_10_14.lp"},{"node_number":800,"id_number":15,"new_alg_complete":true,"lp_alg_run_time":4.599,"max_com_vertex":10,"lp_graph_file":"lp_800_64000_10_15.json","edge_number":64000,"origin_graph_file":"ori_800_64000_10_15.json","new_alg_run_time":1.8843205928802491,"lp_alg_complete":true,"lp_file":"lp_800_64000_10_15.lp"},{"node_number":800,"id_number":16,"new_alg_complete":true,"lp_alg_run_time":5.162,"max_com_vertex":10,"lp_graph_file":"lp_800_64000_10_16.json","edge_number":64000,"origin_graph_file":"ori_800_64000_10_16.json","new_alg_run_time":1.6352148056030273,"lp_alg_complete":true,"lp_file":"lp_800_64000_10_16.lp"},{"node_number":800,"id_number":17,"new_alg_complete":true,"lp_alg_run_time":4.315,"max_com_vertex":10,"lp_graph_file":"lp_800_64000_10_17.json","edge_number":64000,"origin_graph_file":"ori_800_64000_10_17.json","new_alg_run_time":1.9573620796203612,"lp_alg_complete":true,"lp_file":"lp_800_64000_10_17.lp"},{"node_number":800,"id_number":18,"new_alg_complete":true,"lp_alg_run_time":4.165,"max_com_vertex":10,"lp_graph_file":"lp_800_64000_10_18.json","edge_number":64000,"origin_graph_file":"ori_800_64000_10_18.json","new_alg_run_time":1.6178227424621583,"lp_alg_complete":true,"lp_file":"lp_800_64000_10_18.lp"},{"node_number":800,"id_number":19,"new_alg_complete":true,"lp_alg_run_time":4.408,"max_com_vertex":10,"lp_graph_file":"lp_800_64000_10_19.json","edge_number":64000,"origin_graph_file":"ori_800_64000_10_19.json","new_alg_run_time":1.6627134799957275,"lp_alg_complete":true,"lp_file":"lp_800_64000_10_19.lp"}],"lp_run_time":0,"new_run_time":8.587475955486298}