{"file_number":20,"repeate_time":1,"file_Rec_Arr":[{"node_number":850,"id_number":0,"new_alg_complete":true,"lp_alg_run_time":5.641,"max_com_vertex":10,"edge_number":72250,"lp_graph_file":"lp_850_72250_10_0.json","origin_graph_file":"ori_850_72250_10_0.json","new_alg_run_time":1.8948634624481202,"lp_alg_complete":true,"lp_file":"lp_850_72250_10_0.lp"},{"node_number":850,"id_number":1,"new_alg_complete":true,"lp_alg_run_time":5.436,"max_com_vertex":10,"edge_number":72250,"lp_graph_file":"lp_850_72250_10_1.json","origin_graph_file":"ori_850_72250_10_1.json","new_alg_run_time":1.8264488220214843,"lp_alg_complete":true,"lp_file":"lp_850_72250_10_1.lp"},{"node_number":850,"id_number":2,"new_alg_complete":true,"lp_alg_run_time":5.481,"max_com_vertex":10,"edge_number":72250,"lp_graph_file":"lp_850_72250_10_2.json","origin_graph_file":"ori_850_72250_10_2.json","new_alg_run_time":1.9907729625701904,"lp_alg_complete":true,"lp_file":"lp_850_72250_10_2.lp"},{"node_number":850,"id_number":3,"new_alg_complete":true,"lp_alg_run_time":5.596,"max_com_vertex":10,"edge_number":72250,"lp_graph_file":"lp_850_72250_10_3.json","origin_graph_file":"ori_850_72250_10_3.json","new_alg_run_time":2.245693635940552,"lp_alg_complete":true,"lp_file":"lp_850_72250_10_3.lp"},{"node_number":850,"id_number":4,"new_alg_complete":true,"lp_alg_run_time":4.927,"max_com_vertex":10,"edge_number":72250,"lp_graph_file":"lp_850_72250_10_4.json","origin_graph_file":"ori_850_72250_10_4.json","new_alg_run_time":2.109198570251465,"lp_alg_complete":true,"lp_file":"lp_850_72250_10_4.lp"},{"node_number":850,"id_number":5,"new_alg_complete":true,"lp_alg_run_time":5.298,"max_com_vertex":10,"edge_number":72250,"lp_graph_file":"lp_850_72250_10_5.json","origin_graph_file":"ori_850_72250_10_5.json","new_alg_run_time":1.9915804386138916,"lp_alg_complete":true,"lp_file":"lp_850_72250_10_5.lp"},{"node_number":850,"id_number":6,"new_alg_complete":true,"lp_alg_run_time":5.62,"max_com_vertex":10,"edge_number":72250,"lp_graph_file":"lp_850_72250_10_6.json","origin_graph_file":"ori_850_72250_10_6.json","new_alg_run_time":2.016478443145752,"lp_alg_complete":true,"lp_file":"lp_850_72250_10_6.lp"},{"node_number":850,"id_number":7,"new_alg_complete":true,"lp_alg_run_time":5.277,"max_com_vertex":10,"edge_number":72250,"lp_graph_file":"lp_850_72250_10_7.json","origin_graph_file":"ori_850_72250_10_7.json","new_alg_run_time":2.3583542823791506,"lp_alg_complete":true,"lp_file":"lp_850_72250_10_7.lp"},{"node_number":850,"id_number":8,"new_alg_complete":true,"lp_alg_run_time":6.145,"max_com_vertex":10,"edge_number":72250,"lp_graph_file":"lp_850_72250_10_8.json","origin_graph_file":"ori_850_72250_10_8.json","new_alg_run_time":1.8757620334625245,"lp_alg_complete":true,"lp_file":"lp_850_72250_10_8.lp"},{"node_number":850,"id_number":9,"new_alg_complete":true,"lp_alg_run_time":5.778,"max_com_vertex":10,"edge_number":72250,"lp_graph_file":"lp_850_72250_10_9.json","origin_graph_file":"ori_850_72250_10_9.json","new_alg_run_time":2.002739953994751,"lp_alg_complete":true,"lp_file":"lp_850_72250_10_9.lp"},{"node_number":850,"id_number":10,"new_alg_complete":true,"lp_alg_run_time":5.104,"max_com_vertex":10,"edge_number":72250,"lp_graph_file":"lp_850_72250_10_10.json","origin_graph_file":"ori_850_72250_10_10.json","new_alg_run_time":2.313543176651001,"lp_alg_complete":true,"lp_file":"lp_850_72250_10_10.lp"},{"node_number":850,"id_number":11,"new_alg_complete":true,"lp_alg_run_time":5.329,"max_com_vertex":10,"edge_number":72250,"lp_graph_file":"lp_850_72250_10_11.json","origin_graph_file":"ori_850_72250_10_11.json","new_alg_run_time":2.2025657176971434,"lp_alg_complete":true,"lp_file":"lp_850_72250_10_11.lp"},{"node_number":850,"id_number":12,"new_alg_complete":true,"lp_alg_run_time":5.775,"max_com_vertex":10,"edge_number":72250,"lp_graph_file":"lp_850_72250_10_12.json","origin_graph_file":"ori_850_72250_10_12.json","new_alg_run_time":2.1539305686950683,"lp_alg_complete":true,"lp_file":"lp_850_72250_10_12.lp"},{"node_number":850,"id_number":13,"new_alg_complete":true,"lp_alg_run_time":5.157,"max_com_vertex":10,"edge_number":72250,"lp_graph_file":"lp_850_72250_10_13.json","origin_graph_file":"ori_850_72250_10_13.json","new_alg_run_time":2.063111162185669,"lp_alg_complete":true,"lp_file":"lp_850_72250_10_13.lp"},{"node_number":850,"id_number":14,"new_alg_complete":true,"lp_alg_run_time":5.613,"max_com_vertex":10,"edge_number":72250,"lp_graph_file":"lp_850_72250_10_14.json","origin_graph_file":"ori_850_72250_10_14.json","new_alg_run_time":2.121163511276245,"lp_alg_complete":true,"lp_file":"lp_850_72250_10_14.lp"},{"node_number":850,"id_number":15,"new_alg_complete":true,"lp_alg_run_time":5.583,"max_com_vertex":10,"edge_number":72250,"lp_graph_file":"lp_850_72250_10_15.json","origin_graph_file":"ori_850_72250_10_15.json","new_alg_run_time":1.8625426769256592,"lp_alg_complete":true,"lp_file":"lp_850_72250_10_15.lp"},{"node_number":850,"id_number":16,"new_alg_complete":true,"lp_alg_run_time":6.254,"max_com_vertex":10,"edge_number":72250,"lp_graph_file":"lp_850_72250_10_16.json","origin_graph_file":"ori_850_72250_10_16.json","new_alg_run_time":2.126914405822754,"lp_alg_complete":true,"lp_file":"lp_850_72250_10_16.lp"},{"node_number":850,"id_number":17,"new_alg_complete":true,"lp_alg_run_time":5.836,"max_com_vertex":10,"edge_number":72250,"lp_graph_file":"lp_850_72250_10_17.json","origin_graph_file":"ori_850_72250_10_17.json","new_alg_run_time":1.8439783096313476,"lp_alg_complete":true,"lp_file":"lp_850_72250_10_17.lp"},{"node_number":850,"id_number":18,"new_alg_complete":true,"lp_alg_run_time":5.925,"max_com_vertex":10,"edge_number":72250,"lp_graph_file":"lp_850_72250_10_18.json","origin_graph_file":"ori_850_72250_10_18.json","new_alg_run_time":1.8354414463043214,"lp_alg_complete":true,"lp_file":"lp_850_72250_10_18.lp"},{"node_number":850,"id_number":19,"new_alg_complete":true,"lp_alg_run_time":7.998,"max_com_vertex":10,"edge_number":72250,"lp_graph_file":"lp_850_72250_10_19.json","origin_graph_file":"ori_850_72250_10_19.json","new_alg_run_time":1.8321097850799561,"lp_alg_complete":true,"lp_file":"lp_850_72250_10_19.lp"}],"lp_run_time":0,"new_run_time":10.166798341274262}