{"file_number":20,"repeate_time":1,"file_Rec_Arr":[{"node_number":900,"id_number":0,"new_alg_complete":true,"lp_alg_run_time":8.93,"max_com_vertex":10,"lp_graph_file":"lp_900_81000_10_0.json","edge_number":81000,"origin_graph_file":"ori_900_81000_10_0.json","new_alg_run_time":2.1381354331970215,"lp_alg_complete":true,"lp_file":"lp_900_81000_10_0.lp"},{"node_number":900,"id_number":1,"new_alg_complete":true,"lp_alg_run_time":6.979,"max_com_vertex":10,"lp_graph_file":"lp_900_81000_10_1.json","edge_number":81000,"origin_graph_file":"ori_900_81000_10_1.json","new_alg_run_time":2.1515380859375,"lp_alg_complete":true,"lp_file":"lp_900_81000_10_1.lp"},{"node_number":900,"id_number":2,"new_alg_complete":true,"lp_alg_run_time":6.712,"max_com_vertex":10,"lp_graph_file":"lp_900_81000_10_2.json","edge_number":81000,"origin_graph_file":"ori_900_81000_10_2.json","new_alg_run_time":2.1545973777770997,"lp_alg_complete":true,"lp_file":"lp_900_81000_10_2.lp"},{"node_number":900,"id_number":3,"new_alg_complete":true,"lp_alg_run_time":7.395,"max_com_vertex":10,"lp_graph_file":"lp_900_81000_10_3.json","edge_number":81000,"origin_graph_file":"ori_900_81000_10_3.json","new_alg_run_time":2.2922481536865233,"lp_alg_complete":true,"lp_file":"lp_900_81000_10_3.lp"},{"node_number":900,"id_number":4,"new_alg_complete":true,"lp_alg_run_time":7.328,"max_com_vertex":10,"lp_graph_file":"lp_900_81000_10_4.json","edge_number":81000,"origin_graph_file":"ori_900_81000_10_4.json","new_alg_run_time":2.6314314365386964,"lp_alg_complete":true,"lp_file":"lp_900_81000_10_4.lp"},{"node_number":900,"id_number":5,"new_alg_complete":true,"lp_alg_run_time":7.41,"max_com_vertex":10,"lp_graph_file":"lp_900_81000_10_5.json","edge_number":81000,"origin_graph_file":"ori_900_81000_10_5.json","new_alg_run_time":2.835854721069336,"lp_alg_complete":true,"lp_file":"lp_900_81000_10_5.lp"},{"node_number":900,"id_number":6,"new_alg_complete":true,"lp_alg_run_time":6.758,"max_com_vertex":10,"lp_graph_file":"lp_900_81000_10_6.json","edge_number":81000,"origin_graph_file":"ori_900_81000_10_6.json","new_alg_run_time":2.6092247009277343,"lp_alg_complete":true,"lp_file":"lp_900_81000_10_6.lp"},{"node_number":900,"id_number":7,"new_alg_complete":true,"lp_alg_run_time":8.452,"max_com_vertex":10,"lp_graph_file":"lp_900_81000_10_7.json","edge_number":81000,"origin_graph_file":"ori_900_81000_10_7.json","new_alg_run_time":2.6710627555847166,"lp_alg_complete":true,"lp_file":"lp_900_81000_10_7.lp"},{"node_number":900,"id_number":8,"new_alg_complete":true,"lp_alg_run_time":7.733,"max_com_vertex":10,"lp_graph_file":"lp_900_81000_10_8.json","edge_number":81000,"origin_graph_file":"ori_900_81000_10_8.json","new_alg_run_time":2.41194806098938,"lp_alg_complete":true,"lp_file":"lp_900_81000_10_8.lp"},{"node_number":900,"id_number":9,"new_alg_complete":true,"lp_alg_run_time":8.549,"max_com_vertex":10,"lp_graph_file":"lp_900_81000_10_9.json","edge_number":81000,"origin_graph_file":"ori_900_81000_10_9.json","new_alg_run_time":2.2869781970977785,"lp_alg_complete":true,"lp_file":"lp_900_81000_10_9.lp"},{"node_number":900,"id_number":10,"new_alg_complete":true,"lp_alg_run_time":7.669,"max_com_vertex":10,"lp_graph_file":"lp_900_81000_10_10.json","edge_number":81000,"origin_graph_file":"ori_900_81000_10_10.json","new_alg_run_time":2.454159641265869,"lp_alg_complete":true,"lp_file":"lp_900_81000_10_10.lp"},{"node_number":900,"id_number":11,"new_alg_complete":true,"lp_alg_run_time":7.643,"max_com_vertex":10,"lp_graph_file":"lp_900_81000_10_11.json","edge_number":81000,"origin_graph_file":"ori_900_81000_10_11.json","new_alg_run_time":2.16274037361145,"lp_alg_complete":true,"lp_file":"lp_900_81000_10_11.lp"},{"node_number":900,"id_number":12,"new_alg_complete":true,"lp_alg_run_time":8.404,"max_com_vertex":10,"lp_graph_file":"lp_900_81000_10_12.json","edge_number":81000,"origin_graph_file":"ori_900_81000_10_12.json","new_alg_run_time":2.1631914615631103,"lp_alg_complete":true,"lp_file":"lp_900_81000_10_12.lp"},{"node_number":900,"id_number":13,"new_alg_complete":true,"lp_alg_run_time":6.493,"max_com_vertex":10,"lp_graph_file":"lp_900_81000_10_13.json","edge_number":81000,"origin_graph_file":"ori_900_81000_10_13.json","new_alg_run_time":2.506740665435791,"lp_alg_complete":true,"lp_file":"lp_900_81000_10_13.lp"},{"node_number":900,"id_number":14,"new_alg_complete":true,"lp_alg_run_time":6.553,"max_com_vertex":10,"lp_graph_file":"lp_900_81000_10_14.json","edge_number":81000,"origin_graph_file":"ori_900_81000_10_14.json","new_alg_run_time":2.1676780223846435,"lp_alg_complete":true,"lp_file":"lp_900_81000_10_14.lp"},{"node_number":900,"id_number":15,"new_alg_complete":true,"lp_alg_run_time":6.72,"max_com_vertex":10,"lp_graph_file":"lp_900_81000_10_15.json","edge_number":81000,"origin_graph_file":"ori_900_81000_10_15.json","new_alg_run_time":2.168066930770874,"lp_alg_complete":true,"lp_file":"lp_900_81000_10_15.lp"},{"node_number":900,"id_number":16,"new_alg_complete":true,"lp_alg_run_time":7.932,"max_com_vertex":10,"lp_graph_file":"lp_900_81000_10_16.json","edge_number":81000,"origin_graph_file":"ori_900_81000_10_16.json","new_alg_run_time":2.4778533458709715,"lp_alg_complete":true,"lp_file":"lp_900_81000_10_16.lp"},{"node_number":900,"id_number":17,"new_alg_complete":true,"lp_alg_run_time":7.975,"max_com_vertex":10,"lp_graph_file":"lp_900_81000_10_17.json","edge_number":81000,"origin_graph_file":"ori_900_81000_10_17.json","new_alg_run_time":2.299318265914917,"lp_alg_complete":true,"lp_file":"lp_900_81000_10_17.lp"},{"node_number":900,"id_number":18,"new_alg_complete":true,"lp_alg_run_time":6.583,"max_com_vertex":10,"lp_graph_file":"lp_900_81000_10_18.json","edge_number":81000,"origin_graph_file":"ori_900_81000_10_18.json","new_alg_run_time":2.380035638809204,"lp_alg_complete":true,"lp_file":"lp_900_81000_10_18.lp"},{"node_number":900,"id_number":19,"new_alg_complete":true,"lp_alg_run_time":6.974,"max_com_vertex":10,"lp_graph_file":"lp_900_81000_10_19.json","edge_number":81000,"origin_graph_file":"ori_900_81000_10_19.json","new_alg_run_time":2.230495500564575,"lp_alg_complete":true,"lp_file":"lp_900_81000_10_19.lp"}],"lp_run_time":0,"new_run_time":11.798324692249299}