{"file_number":20,"repeate_time":1,"file_Rec_Arr":[{"node_number":950,"id_number":0,"new_alg_complete":true,"lp_alg_run_time":8.185,"max_com_vertex":10,"edge_number":90250,"lp_graph_file":"lp_950_90250_10_0.json","origin_graph_file":"ori_950_90250_10_0.json","new_alg_run_time":2.4174142837524415,"lp_file":"lp_950_90250_10_0.lp","lp_alg_complete":true},{"node_number":950,"id_number":1,"new_alg_complete":true,"lp_alg_run_time":8.028,"max_com_vertex":10,"edge_number":90250,"lp_graph_file":"lp_950_90250_10_1.json","origin_graph_file":"ori_950_90250_10_1.json","new_alg_run_time":2.5345178127288817,"lp_file":"lp_950_90250_10_1.lp","lp_alg_complete":true},{"node_number":950,"id_number":2,"new_alg_complete":true,"lp_alg_run_time":8.368,"max_com_vertex":10,"edge_number":90250,"lp_graph_file":"lp_950_90250_10_2.json","origin_graph_file":"ori_950_90250_10_2.json","new_alg_run_time":2.598487377166748,"lp_file":"lp_950_90250_10_2.lp","lp_alg_complete":true},{"node_number":950,"id_number":3,"new_alg_complete":true,"lp_alg_run_time":8.249,"max_com_vertex":10,"edge_number":90250,"lp_graph_file":"lp_950_90250_10_3.json","origin_graph_file":"ori_950_90250_10_3.json","new_alg_run_time":2.4285905838012694,"lp_file":"lp_950_90250_10_3.lp","lp_alg_complete":true},{"node_number":950,"id_number":4,"new_alg_complete":true,"lp_alg_run_time":9.627,"max_com_vertex":10,"edge_number":90250,"lp_graph_file":"lp_950_90250_10_4.json","origin_graph_file":"ori_950_90250_10_4.json","new_alg_run_time":2.4355878829956055,"lp_file":"lp_950_90250_10_4.lp","lp_alg_complete":true},{"node_number":950,"id_number":5,"new_alg_complete":true,"lp_alg_run_time":10.016,"max_com_vertex":10,"edge_number":90250,"lp_graph_file":"lp_950_90250_10_5.json","origin_graph_file":"ori_950_90250_10_5.json","new_alg_run_time":2.4332822799682616,"lp_file":"lp_950_90250_10_5.lp","lp_alg_complete":true},{"node_number":950,"id_number":6,"new_alg_complete":true,"lp_alg_run_time":7.991,"max_com_vertex":10,"edge_number":90250,"lp_graph_file":"lp_950_90250_10_6.json","origin_graph_file":"ori_950_90250_10_6.json","new_alg_run_time":2.362666654586792,"lp_file":"lp_950_90250_10_6.lp","lp_alg_complete":true},{"node_number":950,"id_number":7,"new_alg_complete":true,"lp_alg_run_time":8.718,"max_com_vertex":10,"edge_number":90250,"lp_graph_file":"lp_950_90250_10_7.json","origin_graph_file":"ori_950_90250_10_7.json","new_alg_run_time":2.6388857841491697,"lp_file":"lp_950_90250_10_7.lp","lp_alg_complete":true},{"node_number":950,"id_number":8,"new_alg_complete":true,"lp_alg_run_time":8.607,"max_com_vertex":10,"edge_number":90250,"lp_graph_file":"lp_950_90250_10_8.json","origin_graph_file":"ori_950_90250_10_8.json","new_alg_run_time":2.4833703517913817,"lp_file":"lp_950_90250_10_8.lp","lp_alg_complete":true},{"node_number":950,"id_number":9,"new_alg_complete":true,"lp_alg_run_time":7.475,"max_com_vertex":10,"edge_number":90250,"lp_graph_file":"lp_950_90250_10_9.json","origin_graph_file":"ori_950_90250_10_9.json","new_alg_run_time":2.597771406173706,"lp_file":"lp_950_90250_10_9.lp","lp_alg_complete":true},{"node_number":950,"id_number":10,"new_alg_complete":true,"lp_alg_run_time":8.49,"max_com_vertex":10,"edge_number":90250,"lp_graph_file":"lp_950_90250_10_10.json","origin_graph_file":"ori_950_90250_10_10.json","new_alg_run_time":2.3645365238189697,"lp_file":"lp_950_90250_10_10.lp","lp_alg_complete":true},{"node_number":950,"id_number":11,"new_alg_complete":true,"lp_alg_run_time":8.515,"max_com_vertex":10,"edge_number":90250,"lp_graph_file":"lp_950_90250_10_11.json","origin_graph_file":"ori_950_90250_10_11.json","new_alg_run_time":2.3671342849731447,"lp_file":"lp_950_90250_10_11.lp","lp_alg_complete":true},{"node_number":950,"id_number":12,"new_alg_complete":true,"lp_alg_run_time":9.982,"max_com_vertex":10,"edge_number":90250,"lp_graph_file":"lp_950_90250_10_12.json","origin_graph_file":"ori_950_90250_10_12.json","new_alg_run_time":2.3531543731689455,"lp_file":"lp_950_90250_10_12.lp","lp_alg_complete":true},{"node_number":950,"id_number":13,"new_alg_complete":true,"lp_alg_run_time":8.107,"max_com_vertex":10,"edge_number":90250,"lp_graph_file":"lp_950_90250_10_13.json","origin_graph_file":"ori_950_90250_10_13.json","new_alg_run_time":2.464734745025635,"lp_file":"lp_950_90250_10_13.lp","lp_alg_complete":true},{"node_number":950,"id_number":14,"new_alg_complete":true,"lp_alg_run_time":7.687,"max_com_vertex":10,"edge_number":90250,"lp_graph_file":"lp_950_90250_10_14.json","origin_graph_file":"ori_950_90250_10_14.json","new_alg_run_time":2.72330846786499,"lp_file":"lp_950_90250_10_14.lp","lp_alg_complete":true},{"node_number":950,"id_number":15,"new_alg_complete":true,"lp_alg_run_time":10.936,"max_com_vertex":10,"edge_number":90250,"lp_graph_file":"lp_950_90250_10_15.json","origin_graph_file":"ori_950_90250_10_15.json","new_alg_run_time":2.4846246242523193,"lp_file":"lp_950_90250_10_15.lp","lp_alg_complete":true},{"node_number":950,"id_number":16,"new_alg_complete":true,"lp_alg_run_time":7.512,"max_com_vertex":10,"edge_number":90250,"lp_graph_file":"lp_950_90250_10_16.json","origin_graph_file":"ori_950_90250_10_16.json","new_alg_run_time":2.647110366821289,"lp_file":"lp_950_90250_10_16.lp","lp_alg_complete":true},{"node_number":950,"id_number":17,"new_alg_complete":true,"lp_alg_run_time":7.906,"max_com_vertex":10,"edge_number":90250,"lp_graph_file":"lp_950_90250_10_17.json","origin_graph_file":"ori_950_90250_10_17.json","new_alg_run_time":2.3492945194244386,"lp_file":"lp_950_90250_10_17.lp","lp_alg_complete":true},{"node_number":950,"id_number":18,"new_alg_complete":true,"lp_alg_run_time":7.59,"max_com_vertex":10,"edge_number":90250,"lp_graph_file":"lp_950_90250_10_18.json","origin_graph_file":"ori_950_90250_10_18.json","new_alg_run_time":2.8848111629486084,"lp_file":"lp_950_90250_10_18.lp","lp_alg_complete":true},{"node_number":950,"id_number":19,"new_alg_complete":true,"lp_alg_run_time":7.847,"max_com_vertex":10,"edge_number":90250,"lp_graph_file":"lp_950_90250_10_19.json","origin_graph_file":"ori_950_90250_10_19.json","new_alg_run_time":2.333176326751709,"lp_file":"lp_950_90250_10_19.lp","lp_alg_complete":true}],"lp_run_time":0,"new_run_time":12.475614953041077}