{"directed":true,"nodes":[{"id":0},{"id":1},{"id":2},{"id":3},{"id":4},{"id":5},{"id":6},{"id":7},{"id":8},{"id":9},{"id":10},{"id":11},{"id":12},{"id":13},{"id":14},{"id":15},{"id":16},{"id":17},{"id":18},{"id":19}],"links":[{"cost":0,"weight":155,"source":11,"target":6},{"cost":0,"weight":105,"source":13,"target":12},{"cost":0,"weight":198,"source":0,"target":18},{"cost":0,"weight":234,"source":19,"target":12},{"cost":0,"weight":149,"source":6,"target":10},{"cost":0,"weight":34,"source":0,"target":1},{"cost":0,"weight":522,"source":6,"target":17},{"cost":0,"weight":151,"source":14,"target":15},{"cost":0,"weight":631,"source":8,"target":7},{"cost":0,"weight":472,"source":13,"target":3},{"cost":0,"weight":139,"source":10,"target":1},{"cost":0,"weight":829,"source":17,"target":2},{"cost":0,"weight":984,"source":11,"target":12},{"cost":0,"weight":616,"source":12,"target":8},{"cost":0,"weight":597,"source":16,"target":13},{"cost":0,"weight":822,"source":14,"target":2},{"cost":0,"weight":277,"source":10,"target":8},{"cost":0,"weight":422,"source":6,"target":0},{"cost":0,"weight":849,"source":15,"target":6},{"cost":0,"weight":826,"source":10,"target":6},{"cost":0,"weight":454,"source":9,"target":6},{"cost":0,"weight":876,"source":16,"target":14},{"cost":0,"weight":853,"source":11,"target":4},{"cost":0,"weight":509,"source":5,"target":4},{"cost":0,"weight":995,"source":1,"target":18},{"cost":0,"weight":871,"source":17,"target":15},{"cost":0,"weight":366,"source":3,"target":15},{"cost":0,"weight":932,"source":17,"target":1},{"cost":0,"weight":848,"source":7,"target":6},{"cost":0,"weight":336,"source":0,"target":4},{"cost":0,"weight":464,"source":6,"target":7},{"cost":0,"weight":316,"source":6,"target":12},{"cost":0,"weight":552,"source":2,"target":14},{"cost":0,"weight":344,"source":7,"target":9},{"cost":0,"weight":773,"source":11,"target":13},{"cost":0,"weight":665,"source":11,"target":16},{"cost":0,"weight":878,"source":15,"target":18},{"cost":0,"weight":147,"source":10,"target":4},{"cost":0,"weight":874,"source":0,"target":17},{"cost":0,"weight":770,"source":17,"target":11}],"graph":{"S":0,"T":10},"multigraph":false}