{"directed":true,"nodes":[{"id":0},{"id":1},{"id":2},{"id":3},{"id":4},{"id":5},{"id":6},{"id":7},{"id":8},{"id":9},{"id":10},{"id":11},{"id":12},{"id":13},{"id":14},{"id":15},{"id":16},{"id":17},{"id":18},{"id":19},{"id":20},{"id":21},{"id":22},{"id":23},{"id":24},{"id":25},{"id":26},{"id":27},{"id":28},{"id":29},{"id":30},{"id":31},{"id":32},{"id":33},{"id":34},{"id":35},{"id":36},{"id":37},{"id":38},{"id":39}],"links":[{"cost":0,"weight":822,"source":3,"target":8},{"cost":0,"weight":439,"source":11,"target":26},{"cost":0,"weight":646,"source":38,"target":1},{"cost":0,"weight":780,"source":0,"target":15},{"cost":0,"weight":180,"source":27,"target":21},{"cost":0,"weight":50,"source":37,"target":14},{"cost":0,"weight":275,"source":31,"target":10},{"cost":0,"weight":432,"source":4,"target":28},{"cost":0,"weight":731,"source":27,"target":24},{"cost":0,"weight":755,"source":16,"target":34},{"cost":0,"weight":450,"source":16,"target":20},{"cost":0,"weight":317,"source":37,"target":23},{"cost":0,"weight":786,"source":12,"target":15},{"cost":0,"weight":166,"source":30,"target":13},{"cost":0,"weight":977,"source":26,"target":35},{"cost":0,"weight":472,"source":37,"target":34},{"cost":0,"weight":891,"source":0,"target":25},{"cost":0,"weight":956,"source":13,"target":29},{"cost":0,"weight":789,"source":18,"target":10},{"cost":0,"weight":502,"source":11,"target":2},{"cost":0,"weight":98,"source":3,"target":24},{"cost":0,"weight":704,"source":27,"target":36},{"cost":0,"weight":32,"source":20,"target":24},{"cost":0,"weight":87,"source":39,"target":30},{"cost":0,"weight":775,"source":5,"target":15},{"cost":0,"weight":372,"source":34,"target":6},{"cost":0,"weight":94,"source":9,"target":14},{"cost":0,"weight":147,"source":27,"target":23},{"cost":0,"weight":948,"source":14,"target":35},{"cost":0,"weight":351,"source":13,"target":34},{"cost":0,"weight":584,"source":1,"target":37},{"cost":0,"weight":565,"source":3,"target":0},{"cost":0,"weight":41,"source":0,"target":20},{"cost":0,"weight":881,"source":17,"target":7},{"cost":0,"weight":941,"source":9,"target":34},{"cost":0,"weight":395,"source":21,"target":38},{"cost":0,"weight":407,"source":17,"target":2},{"cost":0,"weight":377,"source":13,"target":30},{"cost":0,"weight":51,"source":38,"target":28},{"cost":0,"weight":358,"source":18,"target":31},{"cost":0,"weight":175,"source":21,"target":34},{"cost":0,"weight":413,"source":33,"target":28},{"cost":0,"weight":959,"source":8,"target":2},{"cost":0,"weight":82,"source":10,"target":36},{"cost":0,"weight":160,"source":7,"target":39},{"cost":0,"weight":697,"source":18,"target":22},{"cost":0,"weight":327,"source":23,"target":30},{"cost":0,"weight":272,"source":3,"target":32},{"cost":0,"weight":39,"source":32,"target":19},{"cost":0,"weight":298,"source":4,"target":20},{"cost":0,"weight":122,"source":17,"target":14},{"cost":0,"weight":476,"source":27,"target":16},{"cost":0,"weight":189,"source":6,"target":0},{"cost":0,"weight":596,"source":25,"target":7},{"cost":0,"weight":998,"source":25,"target":10},{"cost":0,"weight":506,"source":31,"target":11},{"cost":0,"weight":437,"source":9,"target":27},{"cost":0,"weight":93,"source":31,"target":16},{"cost":0,"weight":623,"source":10,"target":24},{"cost":0,"weight":134,"source":25,"target":11},{"cost":0,"weight":524,"source":25,"target":2},{"cost":0,"weight":461,"source":20,"target":35},{"cost":0,"weight":996,"source":26,"target":8},{"cost":0,"weight":787,"source":12,"target":25},{"cost":0,"weight":180,"source":24,"target":11},{"cost":0,"weight":396,"source":16,"target":39},{"cost":0,"weight":816,"source":3,"target":38},{"cost":0,"weight":430,"source":0,"target":12},{"cost":0,"weight":489,"source":14,"target":7},{"cost":0,"weight":433,"source":22,"target":17},{"cost":0,"weight":323,"source":32,"target":29},{"cost":0,"weight":301,"source":5,"target":24},{"cost":0,"weight":975,"source":20,"target":39},{"cost":0,"weight":555,"source":29,"target":7},{"cost":0,"weight":258,"source":25,"target":4},{"cost":0,"weight":524,"source":11,"target":17},{"cost":0,"weight":560,"source":39,"target":0},{"cost":0,"weight":499,"source":30,"target":24},{"cost":0,"weight":515,"source":0,"target":4},{"cost":0,"weight":526,"source":11,"target":19},{"cost":0,"weight":831,"source":0,"target":37},{"cost":0,"weight":282,"source":19,"target":16},{"cost":0,"weight":178,"source":20,"target":17},{"cost":0,"weight":267,"source":14,"target":10},{"cost":0,"weight":464,"source":11,"target":34},{"cost":0,"weight":787,"source":17,"target":29},{"cost":0,"weight":201,"source":17,"target":31},{"cost":0,"weight":922,"source":33,"target":11},{"cost":0,"weight":50,"source":3,"target":29},{"cost":0,"weight":665,"source":4,"target":0},{"cost":0,"weight":516,"source":29,"target":39},{"cost":0,"weight":985,"source":32,"target":22},{"cost":0,"weight":513,"source":39,"target":31},{"cost":0,"weight":530,"source":34,"target":12},{"cost":0,"weight":393,"source":17,"target":13},{"cost":0,"weight":873,"source":28,"target":16},{"cost":0,"weight":738,"source":5,"target":20},{"cost":0,"weight":755,"source":0,"target":38},{"cost":0,"weight":389,"source":13,"target":26},{"cost":0,"weight":806,"source":20,"target":7},{"cost":0,"weight":113,"source":7,"target":10},{"cost":0,"weight":526,"source":39,"target":11},{"cost":0,"weight":275,"source":20,"target":29},{"cost":0,"weight":271,"source":36,"target":1},{"cost":0,"weight":304,"source":4,"target":9},{"cost":0,"weight":521,"source":31,"target":7},{"cost":0,"weight":302,"source":2,"target":24},{"cost":0,"weight":269,"source":26,"target":23},{"cost":0,"weight":133,"source":33,"target":34},{"cost":0,"weight":721,"source":0,"target":34},{"cost":0,"weight":199,"source":26,"target":20},{"cost":0,"weight":426,"source":7,"target":21},{"cost":0,"weight":429,"source":9,"target":23},{"cost":0,"weight":480,"source":37,"target":8},{"cost":0,"weight":718,"source":20,"target":0},{"cost":0,"weight":435,"source":12,"target":27},{"cost":0,"weight":515,"source":22,"target":37},{"cost":0,"weight":457,"source":12,"target":18},{"cost":0,"weight":525,"source":11,"target":24},{"cost":0,"weight":184,"source":4,"target":34},{"cost":0,"weight":800,"source":22,"target":16},{"cost":0,"weight":773,"source":37,"target":17},{"cost":0,"weight":710,"source":37,"target":12},{"cost":0,"weight":244,"source":24,"target":23},{"cost":0,"weight":765,"source":25,"target":28},{"cost":0,"weight":262,"source":24,"target":3},{"cost":0,"weight":352,"source":26,"target":12},{"cost":0,"weight":607,"source":5,"target":38},{"cost":0,"weight":380,"source":1,"target":29},{"cost":0,"weight":172,"source":16,"target":11},{"cost":0,"weight":631,"source":30,"target":35},{"cost":0,"weight":835,"source":23,"target":38},{"cost":0,"weight":282,"source":36,"target":14},{"cost":0,"weight":627,"source":15,"target":28},{"cost":0,"weight":171,"source":1,"target":17},{"cost":0,"weight":947,"source":33,"target":24},{"cost":0,"weight":622,"source":34,"target":30},{"cost":0,"weight":876,"source":29,"target":22},{"cost":0,"weight":787,"source":23,"target":11},{"cost":0,"weight":995,"source":9,"target":32},{"cost":0,"weight":652,"source":27,"target":2},{"cost":0,"weight":762,"source":6,"target":27},{"cost":0,"weight":35,"source":32,"target":9},{"cost":0,"weight":669,"source":30,"target":39},{"cost":0,"weight":216,"source":36,"target":23},{"cost":0,"weight":310,"source":23,"target":33},{"cost":0,"weight":573,"source":15,"target":32},{"cost":0,"weight":164,"source":28,"target":12},{"cost":0,"weight":263,"source":25,"target":36},{"cost":0,"weight":457,"source":5,"target":29},{"cost":0,"weight":794,"source":18,"target":12},{"cost":0,"weight":533,"source":27,"target":37},{"cost":0,"weight":815,"source":14,"target":23},{"cost":0,"weight":645,"source":9,"target":25},{"cost":0,"weight":642,"source":4,"target":11},{"cost":0,"weight":845,"source":25,"target":37},{"cost":0,"weight":606,"source":33,"target":32},{"cost":0,"weight":726,"source":22,"target":13},{"cost":0,"weight":141,"source":33,"target":6},{"cost":0,"weight":878,"source":8,"target":32}],"graph":{"S":0,"T":10},"multigraph":false}