{"directed":true,"nodes":[{"id":0},{"id":1},{"id":2},{"id":3},{"id":4},{"id":5},{"id":6},{"id":7},{"id":8},{"id":9},{"id":10},{"id":11},{"id":12},{"id":13},{"id":14},{"id":15},{"id":16},{"id":17},{"id":18},{"id":19},{"id":20},{"id":21},{"id":22},{"id":23},{"id":24},{"id":25},{"id":26},{"id":27},{"id":28},{"id":29},{"id":30},{"id":31},{"id":32},{"id":33},{"id":34},{"id":35},{"id":36},{"id":37},{"id":38},{"id":39}],"links":[{"cost":0,"weight":198,"source":9,"target":35},{"cost":0,"weight":875,"source":22,"target":11},{"cost":0,"weight":458,"source":19,"target":28},{"cost":0,"weight":65,"source":0,"target":10},{"cost":0,"weight":329,"source":3,"target":34},{"cost":0,"weight":893,"source":21,"target":39},{"cost":0,"weight":49,"source":4,"target":6},{"cost":0,"weight":587,"source":1,"target":8},{"cost":0,"weight":592,"source":11,"target":23},{"cost":0,"weight":284,"source":19,"target":34},{"cost":0,"weight":439,"source":11,"target":22},{"cost":0,"weight":574,"source":2,"target":16},{"cost":0,"weight":93,"source":12,"target":36},{"cost":0,"weight":230,"source":33,"target":39},{"cost":0,"weight":654,"source":37,"target":18},{"cost":0,"weight":36,"source":16,"target":30},{"cost":0,"weight":195,"source":25,"target":5},{"cost":0,"weight":612,"source":17,"target":5},{"cost":0,"weight":625,"source":14,"target":16},{"cost":0,"weight":400,"source":19,"target":18},{"cost":0,"weight":68,"source":35,"target":13},{"cost":0,"weight":513,"source":5,"target":9},{"cost":0,"weight":843,"source":34,"target":7},{"cost":0,"weight":696,"source":7,"target":36},{"cost":0,"weight":737,"source":5,"target":15},{"cost":0,"weight":337,"source":29,"target":38},{"cost":0,"weight":41,"source":37,"target":10},{"cost":0,"weight":611,"source":13,"target":37},{"cost":0,"weight":634,"source":13,"target":3},{"cost":0,"weight":192,"source":15,"target":28},{"cost":0,"weight":825,"source":21,"target":26},{"cost":0,"weight":910,"source":4,"target":34},{"cost":0,"weight":476,"source":10,"target":24},{"cost":0,"weight":626,"source":39,"target":19},{"cost":0,"weight":460,"source":27,"target":14},{"cost":0,"weight":168,"source":17,"target":0},{"cost":0,"weight":699,"source":39,"target":10},{"cost":0,"weight":341,"source":33,"target":5},{"cost":0,"weight":263,"source":18,"target":20},{"cost":0,"weight":678,"source":8,"target":39},{"cost":0,"weight":759,"source":30,"target":3},{"cost":0,"weight":631,"source":33,"target":9},{"cost":0,"weight":853,"source":30,"target":23},{"cost":0,"weight":124,"source":7,"target":18},{"cost":0,"weight":88,"source":14,"target":11},{"cost":0,"weight":256,"source":2,"target":20},{"cost":0,"weight":860,"source":30,"target":1},{"cost":0,"weight":215,"source":17,"target":11},{"cost":0,"weight":698,"source":22,"target":17},{"cost":0,"weight":435,"source":27,"target":15},{"cost":0,"weight":247,"source":19,"target":24},{"cost":0,"weight":373,"source":33,"target":32},{"cost":0,"weight":975,"source":14,"target":1},{"cost":0,"weight":517,"source":2,"target":6},{"cost":0,"weight":539,"source":38,"target":10},{"cost":0,"weight":605,"source":34,"target":19},{"cost":0,"weight":256,"source":5,"target":13},{"cost":0,"weight":242,"source":29,"target":34},{"cost":0,"weight":561,"source":14,"target":3},{"cost":0,"weight":587,"source":5,"target":6},{"cost":0,"weight":922,"source":4,"target":10},{"cost":0,"weight":731,"source":13,"target":35},{"cost":0,"weight":364,"source":27,"target":21},{"cost":0,"weight":393,"source":39,"target":3},{"cost":0,"weight":932,"source":8,"target":24},{"cost":0,"weight":42,"source":22,"target":7},{"cost":0,"weight":868,"source":37,"target":14},{"cost":0,"weight":523,"source":39,"target":8},{"cost":0,"weight":998,"source":25,"target":13},{"cost":0,"weight":940,"source":4,"target":1},{"cost":0,"weight":184,"source":26,"target":36},{"cost":0,"weight":677,"source":29,"target":31},{"cost":0,"weight":565,"source":35,"target":39},{"cost":0,"weight":601,"source":12,"target":20},{"cost":0,"weight":742,"source":12,"target":34},{"cost":0,"weight":534,"source":3,"target":4},{"cost":0,"weight":701,"source":30,"target":11},{"cost":0,"weight":278,"source":6,"target":28},{"cost":0,"weight":616,"source":11,"target":24},{"cost":0,"weight":430,"source":1,"target":15},{"cost":0,"weight":264,"source":14,"target":8},{"cost":0,"weight":475,"source":25,"target":22},{"cost":0,"weight":367,"source":24,"target":16},{"cost":0,"weight":327,"source":17,"target":14},{"cost":0,"weight":794,"source":28,"target":25},{"cost":0,"weight":750,"source":35,"target":34},{"cost":0,"weight":889,"source":37,"target":17},{"cost":0,"weight":324,"source":24,"target":27},{"cost":0,"weight":105,"source":10,"target":4},{"cost":0,"weight":787,"source":36,"target":7},{"cost":0,"weight":431,"source":37,"target":5},{"cost":0,"weight":150,"source":36,"target":19},{"cost":0,"weight":346,"source":15,"target":36},{"cost":0,"weight":514,"source":8,"target":28},{"cost":0,"weight":335,"source":27,"target":31},{"cost":0,"weight":912,"source":31,"target":20},{"cost":0,"weight":276,"source":38,"target":36},{"cost":0,"weight":311,"source":38,"target":17},{"cost":0,"weight":899,"source":20,"target":39},{"cost":0,"weight":748,"source":38,"target":26},{"cost":0,"weight":836,"source":29,"target":3},{"cost":0,"weight":69,"source":11,"target":15},{"cost":0,"weight":254,"source":6,"target":4},{"cost":0,"weight":166,"source":21,"target":38},{"cost":0,"weight":353,"source":20,"target":1},{"cost":0,"weight":636,"source":15,"target":25},{"cost":0,"weight":92,"source":0,"target":15},{"cost":0,"weight":81,"source":34,"target":29},{"cost":0,"weight":527,"source":34,"target":5},{"cost":0,"weight":674,"source":25,"target":24},{"cost":0,"weight":684,"source":32,"target":2},{"cost":0,"weight":217,"source":34,"target":14},{"cost":0,"weight":889,"source":28,"target":19},{"cost":0,"weight":900,"source":35,"target":26},{"cost":0,"weight":513,"source":4,"target":24},{"cost":0,"weight":583,"source":8,"target":17},{"cost":0,"weight":264,"source":1,"target":0},{"cost":0,"weight":182,"source":17,"target":31},{"cost":0,"weight":367,"source":18,"target":9},{"cost":0,"weight":752,"source":16,"target":9},{"cost":0,"weight":775,"source":18,"target":38},{"cost":0,"weight":201,"source":26,"target":38},{"cost":0,"weight":936,"source":30,"target":7},{"cost":0,"weight":692,"source":37,"target":36},{"cost":0,"weight":568,"source":14,"target":36},{"cost":0,"weight":106,"source":26,"target":1},{"cost":0,"weight":434,"source":39,"target":17},{"cost":0,"weight":621,"source":25,"target":23},{"cost":0,"weight":561,"source":3,"target":38},{"cost":0,"weight":10,"source":28,"target":30},{"cost":0,"weight":234,"source":33,"target":18},{"cost":0,"weight":531,"source":9,"target":20},{"cost":0,"weight":374,"source":8,"target":19},{"cost":0,"weight":815,"source":16,"target":21},{"cost":0,"weight":109,"source":12,"target":30},{"cost":0,"weight":447,"source":9,"target":5},{"cost":0,"weight":935,"source":5,"target":12},{"cost":0,"weight":863,"source":5,"target":16},{"cost":0,"weight":565,"source":34,"target":22},{"cost":0,"weight":946,"source":11,"target":2},{"cost":0,"weight":758,"source":22,"target":8},{"cost":0,"weight":173,"source":2,"target":9},{"cost":0,"weight":490,"source":18,"target":24},{"cost":0,"weight":464,"source":1,"target":6},{"cost":0,"weight":244,"source":12,"target":2},{"cost":0,"weight":331,"source":18,"target":2},{"cost":0,"weight":809,"source":13,"target":20},{"cost":0,"weight":495,"source":34,"target":23},{"cost":0,"weight":744,"source":9,"target":24},{"cost":0,"weight":265,"source":7,"target":21},{"cost":0,"weight":539,"source":23,"target":30},{"cost":0,"weight":921,"source":35,"target":12},{"cost":0,"weight":824,"source":20,"target":0},{"cost":0,"weight":313,"source":13,"target":32},{"cost":0,"weight":138,"source":13,"target":0},{"cost":0,"weight":472,"source":16,"target":13},{"cost":0,"weight":181,"source":19,"target":14},{"cost":0,"weight":625,"source":6,"target":20},{"cost":0,"weight":765,"source":5,"target":11},{"cost":0,"weight":350,"source":18,"target":32}],"graph":{"S":0,"T":10},"multigraph":false}