{"directed":true,"nodes":[{"id":0},{"id":1},{"id":2},{"id":3},{"id":4},{"id":5},{"id":6},{"id":7},{"id":8},{"id":9},{"id":10},{"id":11},{"id":12},{"id":13},{"id":14},{"id":15},{"id":16},{"id":17},{"id":18},{"id":19},{"id":20},{"id":21},{"id":22},{"id":23},{"id":24},{"id":25},{"id":26},{"id":27},{"id":28},{"id":29},{"id":30},{"id":31},{"id":32},{"id":33},{"id":34},{"id":35},{"id":36},{"id":37},{"id":38},{"id":39}],"links":[{"cost":0,"weight":295,"source":0,"target":12},{"cost":0,"weight":701,"source":5,"target":3},{"cost":0,"weight":50,"source":0,"target":1},{"cost":0,"weight":976,"source":39,"target":12},{"cost":0,"weight":174,"source":31,"target":8},{"cost":0,"weight":652,"source":3,"target":12},{"cost":0,"weight":440,"source":5,"target":26},{"cost":0,"weight":584,"source":2,"target":18},{"cost":0,"weight":861,"source":26,"target":33},{"cost":0,"weight":828,"source":33,"target":36},{"cost":0,"weight":277,"source":17,"target":4},{"cost":0,"weight":460,"source":33,"target":35},{"cost":0,"weight":223,"source":21,"target":26},{"cost":0,"weight":343,"source":21,"target":29},{"cost":0,"weight":62,"source":12,"target":13},{"cost":0,"weight":36,"source":27,"target":20},{"cost":0,"weight":944,"source":22,"target":18},{"cost":0,"weight":816,"source":34,"target":10},{"cost":0,"weight":74,"source":17,"target":38},{"cost":0,"weight":555,"source":12,"target":2},{"cost":0,"weight":278,"source":5,"target":11},{"cost":0,"weight":317,"source":27,"target":5},{"cost":0,"weight":195,"source":8,"target":23},{"cost":0,"weight":201,"source":0,"target":32},{"cost":0,"weight":886,"source":14,"target":13},{"cost":0,"weight":70,"source":39,"target":16},{"cost":0,"weight":359,"source":13,"target":22},{"cost":0,"weight":806,"source":10,"target":4},{"cost":0,"weight":61,"source":19,"target":11},{"cost":0,"weight":918,"source":27,"target":24},{"cost":0,"weight":164,"source":5,"target":20},{"cost":0,"weight":657,"source":36,"target":6},{"cost":0,"weight":933,"source":11,"target":25},{"cost":0,"weight":739,"source":5,"target":25},{"cost":0,"weight":799,"source":13,"target":29},{"cost":0,"weight":975,"source":1,"target":11},{"cost":0,"weight":191,"source":10,"target":14},{"cost":0,"weight":315,"source":22,"target":23},{"cost":0,"weight":202,"source":3,"target":19},{"cost":0,"weight":924,"source":12,"target":23},{"cost":0,"weight":569,"source":10,"target":23},{"cost":0,"weight":756,"source":3,"target":7},{"cost":0,"weight":114,"source":39,"target":36},{"cost":0,"weight":338,"source":35,"target":30},{"cost":0,"weight":957,"source":17,"target":24},{"cost":0,"weight":99,"source":13,"target":5},{"cost":0,"weight":75,"source":39,"target":34},{"cost":0,"weight":117,"source":39,"target":32},{"cost":0,"weight":150,"source":25,"target":10},{"cost":0,"weight":853,"source":17,"target":23},{"cost":0,"weight":829,"source":28,"target":32},{"cost":0,"weight":921,"source":22,"target":16},{"cost":0,"weight":75,"source":17,"target":36},{"cost":0,"weight":556,"source":18,"target":35},{"cost":0,"weight":786,"source":31,"target":37},{"cost":0,"weight":478,"source":21,"target":36},{"cost":0,"weight":777,"source":31,"target":3},{"cost":0,"weight":411,"source":2,"target":4},{"cost":0,"weight":808,"source":33,"target":27},{"cost":0,"weight":395,"source":37,"target":19},{"cost":0,"weight":634,"source":3,"target":4},{"cost":0,"weight":289,"source":11,"target":2},{"cost":0,"weight":233,"source":26,"target":34},{"cost":0,"weight":288,"source":36,"target":24},{"cost":0,"weight":32,"source":9,"target":15},{"cost":0,"weight":653,"source":11,"target":27},{"cost":0,"weight":689,"source":6,"target":33},{"cost":0,"weight":329,"source":30,"target":25},{"cost":0,"weight":23,"source":12,"target":36},{"cost":0,"weight":365,"source":8,"target":18},{"cost":0,"weight":348,"source":19,"target":4},{"cost":0,"weight":257,"source":28,"target":11},{"cost":0,"weight":997,"source":12,"target":38},{"cost":0,"weight":489,"source":5,"target":18},{"cost":0,"weight":179,"source":0,"target":9},{"cost":0,"weight":409,"source":1,"target":20},{"cost":0,"weight":86,"source":35,"target":9},{"cost":0,"weight":471,"source":24,"target":37},{"cost":0,"weight":497,"source":39,"target":21},{"cost":0,"weight":584,"source":36,"target":5},{"cost":0,"weight":678,"source":8,"target":7},{"cost":0,"weight":740,"source":12,"target":33},{"cost":0,"weight":819,"source":20,"target":33},{"cost":0,"weight":888,"source":11,"target":30},{"cost":0,"weight":946,"source":28,"target":31},{"cost":0,"weight":857,"source":28,"target":34},{"cost":0,"weight":265,"source":7,"target":29},{"cost":0,"weight":874,"source":37,"target":17},{"cost":0,"weight":376,"source":30,"target":16},{"cost":0,"weight":544,"source":0,"target":7},{"cost":0,"weight":560,"source":4,"target":2},{"cost":0,"weight":444,"source":15,"target":16},{"cost":0,"weight":742,"source":35,"target":6},{"cost":0,"weight":18,"source":3,"target":20},{"cost":0,"weight":637,"source":7,"target":10},{"cost":0,"weight":212,"source":5,"target":32},{"cost":0,"weight":570,"source":13,"target":26},{"cost":0,"weight":589,"source":6,"target":2},{"cost":0,"weight":800,"source":7,"target":11},{"cost":0,"weight":846,"source":3,"target":17},{"cost":0,"weight":89,"source":37,"target":5},{"cost":0,"weight":395,"source":38,"target":24},{"cost":0,"weight":477,"source":22,"target":37},{"cost":0,"weight":989,"source":26,"target":16},{"cost":0,"weight":232,"source":24,"target":30},{"cost":0,"weight":555,"source":13,"target":25},{"cost":0,"weight":451,"source":23,"target":28},{"cost":0,"weight":468,"source":6,"target":12},{"cost":0,"weight":524,"source":26,"target":5},{"cost":0,"weight":347,"source":37,"target":31},{"cost":0,"weight":807,"source":17,"target":27},{"cost":0,"weight":921,"source":10,"target":38},{"cost":0,"weight":439,"source":11,"target":10},{"cost":0,"weight":332,"source":5,"target":10},{"cost":0,"weight":62,"source":36,"target":19},{"cost":0,"weight":341,"source":28,"target":17},{"cost":0,"weight":624,"source":3,"target":11},{"cost":0,"weight":761,"source":28,"target":19},{"cost":0,"weight":520,"source":17,"target":11},{"cost":0,"weight":664,"source":7,"target":28},{"cost":0,"weight":99,"source":21,"target":28},{"cost":0,"weight":976,"source":13,"target":6},{"cost":0,"weight":166,"source":4,"target":13},{"cost":0,"weight":153,"source":23,"target":14},{"cost":0,"weight":762,"source":31,"target":21},{"cost":0,"weight":253,"source":23,"target":37},{"cost":0,"weight":717,"source":32,"target":18},{"cost":0,"weight":344,"source":5,"target":19},{"cost":0,"weight":754,"source":20,"target":21},{"cost":0,"weight":934,"source":32,"target":24},{"cost":0,"weight":764,"source":17,"target":37},{"cost":0,"weight":93,"source":4,"target":34},{"cost":0,"weight":164,"source":33,"target":16},{"cost":0,"weight":618,"source":14,"target":35},{"cost":0,"weight":736,"source":36,"target":4},{"cost":0,"weight":253,"source":22,"target":6},{"cost":0,"weight":577,"source":17,"target":30},{"cost":0,"weight":546,"source":39,"target":22},{"cost":0,"weight":676,"source":14,"target":27},{"cost":0,"weight":645,"source":2,"target":27},{"cost":0,"weight":509,"source":33,"target":34},{"cost":0,"weight":992,"source":34,"target":7},{"cost":0,"weight":628,"source":10,"target":7},{"cost":0,"weight":925,"source":37,"target":22},{"cost":0,"weight":382,"source":24,"target":2},{"cost":0,"weight":793,"source":36,"target":9},{"cost":0,"weight":950,"source":34,"target":3},{"cost":0,"weight":50,"source":28,"target":35},{"cost":0,"weight":339,"source":17,"target":2},{"cost":0,"weight":745,"source":39,"target":25},{"cost":0,"weight":332,"source":23,"target":30},{"cost":0,"weight":899,"source":30,"target":5},{"cost":0,"weight":958,"source":22,"target":34},{"cost":0,"weight":706,"source":2,"target":17},{"cost":0,"weight":586,"source":4,"target":1},{"cost":0,"weight":729,"source":35,"target":11},{"cost":0,"weight":416,"source":16,"target":12},{"cost":0,"weight":186,"source":18,"target":2},{"cost":0,"weight":804,"source":11,"target":34},{"cost":0,"weight":626,"source":23,"target":33}],"graph":{"S":0,"T":10},"multigraph":false}