{"directed":true,"nodes":[{"id":0},{"id":1},{"id":2},{"id":3},{"id":4},{"id":5},{"id":6},{"id":7},{"id":8},{"id":9},{"id":10},{"id":11},{"id":12},{"id":13},{"id":14},{"id":15},{"id":16},{"id":17},{"id":18},{"id":19},{"id":20},{"id":21},{"id":22},{"id":23},{"id":24},{"id":25},{"id":26},{"id":27},{"id":28},{"id":29},{"id":30},{"id":31},{"id":32},{"id":33},{"id":34},{"id":35},{"id":36},{"id":37},{"id":38},{"id":39}],"links":[{"cost":0,"weight":786,"source":39,"target":31},{"cost":0,"weight":413,"source":16,"target":15},{"cost":0,"weight":920,"source":13,"target":4},{"cost":0,"weight":695,"source":13,"target":17},{"cost":0,"weight":483,"source":31,"target":16},{"cost":0,"weight":664,"source":14,"target":35},{"cost":0,"weight":963,"source":35,"target":7},{"cost":0,"weight":553,"source":16,"target":37},{"cost":0,"weight":975,"source":31,"target":8},{"cost":0,"weight":443,"source":9,"target":19},{"cost":0,"weight":686,"source":8,"target":11},{"cost":0,"weight":537,"source":11,"target":36},{"cost":0,"weight":740,"source":4,"target":24},{"cost":0,"weight":61,"source":21,"target":6},{"cost":0,"weight":981,"source":28,"target":2},{"cost":0,"weight":589,"source":12,"target":31},{"cost":0,"weight":135,"source":18,"target":11},{"cost":0,"weight":423,"source":33,"target":7},{"cost":0,"weight":650,"source":27,"target":9},{"cost":0,"weight":47,"source":24,"target":25},{"cost":0,"weight":884,"source":0,"target":6},{"cost":0,"weight":254,"source":4,"target":16},{"cost":0,"weight":78,"source":23,"target":37},{"cost":0,"weight":614,"source":10,"target":14},{"cost":0,"weight":916,"source":9,"target":0},{"cost":0,"weight":479,"source":8,"target":16},{"cost":0,"weight":213,"source":8,"target":39},{"cost":0,"weight":848,"source":1,"target":13},{"cost":0,"weight":725,"source":31,"target":3},{"cost":0,"weight":202,"source":9,"target":29},{"cost":0,"weight":507,"source":22,"target":16},{"cost":0,"weight":433,"source":16,"target":14},{"cost":0,"weight":773,"source":16,"target":0},{"cost":0,"weight":873,"source":28,"target":26},{"cost":0,"weight":741,"source":10,"target":21},{"cost":0,"weight":739,"source":39,"target":21},{"cost":0,"weight":331,"source":27,"target":38},{"cost":0,"weight":842,"source":26,"target":18},{"cost":0,"weight":256,"source":11,"target":35},{"cost":0,"weight":294,"source":5,"target":20},{"cost":0,"weight":600,"source":33,"target":36},{"cost":0,"weight":867,"source":36,"target":10},{"cost":0,"weight":194,"source":28,"target":35},{"cost":0,"weight":688,"source":15,"target":36},{"cost":0,"weight":459,"source":14,"target":2},{"cost":0,"weight":687,"source":22,"target":10},{"cost":0,"weight":257,"source":16,"target":39},{"cost":0,"weight":514,"source":39,"target":4},{"cost":0,"weight":378,"source":22,"target":28},{"cost":0,"weight":904,"source":22,"target":20},{"cost":0,"weight":176,"source":1,"target":18},{"cost":0,"weight":250,"source":7,"target":16},{"cost":0,"weight":552,"source":10,"target":6},{"cost":0,"weight":81,"source":19,"target":27},{"cost":0,"weight":836,"source":17,"target":12},{"cost":0,"weight":30,"source":13,"target":27},{"cost":0,"weight":52,"source":35,"target":24},{"cost":0,"weight":587,"source":32,"target":13},{"cost":0,"weight":189,"source":1,"target":3},{"cost":0,"weight":186,"source":31,"target":28},{"cost":0,"weight":227,"source":11,"target":18},{"cost":0,"weight":490,"source":8,"target":33},{"cost":0,"weight":583,"source":0,"target":27},{"cost":0,"weight":126,"source":22,"target":5},{"cost":0,"weight":822,"source":24,"target":17},{"cost":0,"weight":123,"source":1,"target":17},{"cost":0,"weight":51,"source":9,"target":15},{"cost":0,"weight":372,"source":36,"target":14},{"cost":0,"weight":386,"source":19,"target":0},{"cost":0,"weight":726,"source":27,"target":17},{"cost":0,"weight":173,"source":0,"target":36},{"cost":0,"weight":428,"source":7,"target":14},{"cost":0,"weight":900,"source":18,"target":7},{"cost":0,"weight":598,"source":24,"target":21},{"cost":0,"weight":693,"source":19,"target":4},{"cost":0,"weight":423,"source":38,"target":34},{"cost":0,"weight":412,"source":27,"target":23},{"cost":0,"weight":887,"source":11,"target":6},{"cost":0,"weight":500,"source":34,"target":16},{"cost":0,"weight":472,"source":16,"target":27},{"cost":0,"weight":235,"source":19,"target":20},{"cost":0,"weight":213,"source":11,"target":37},{"cost":0,"weight":191,"source":8,"target":13},{"cost":0,"weight":71,"source":2,"target":4},{"cost":0,"weight":78,"source":16,"target":9},{"cost":0,"weight":210,"source":30,"target":6},{"cost":0,"weight":536,"source":18,"target":0},{"cost":0,"weight":106,"source":31,"target":2},{"cost":0,"weight":43,"source":20,"target":33},{"cost":0,"weight":689,"source":15,"target":1},{"cost":0,"weight":457,"source":34,"target":29},{"cost":0,"weight":334,"source":12,"target":37},{"cost":0,"weight":955,"source":33,"target":35},{"cost":0,"weight":570,"source":2,"target":5},{"cost":0,"weight":622,"source":33,"target":16},{"cost":0,"weight":277,"source":39,"target":37},{"cost":0,"weight":502,"source":12,"target":6},{"cost":0,"weight":138,"source":17,"target":8},{"cost":0,"weight":509,"source":3,"target":19},{"cost":0,"weight":541,"source":3,"target":2},{"cost":0,"weight":303,"source":12,"target":13},{"cost":0,"weight":356,"source":31,"target":38},{"cost":0,"weight":829,"source":21,"target":0},{"cost":0,"weight":366,"source":29,"target":27},{"cost":0,"weight":32,"source":17,"target":7},{"cost":0,"weight":48,"source":0,"target":5},{"cost":0,"weight":205,"source":15,"target":19},{"cost":0,"weight":17,"source":24,"target":3},{"cost":0,"weight":538,"source":10,"target":1},{"cost":0,"weight":902,"source":31,"target":23},{"cost":0,"weight":668,"source":33,"target":31},{"cost":0,"weight":455,"source":6,"target":10},{"cost":0,"weight":742,"source":39,"target":1},{"cost":0,"weight":569,"source":8,"target":34},{"cost":0,"weight":217,"source":29,"target":21},{"cost":0,"weight":515,"source":33,"target":12},{"cost":0,"weight":665,"source":17,"target":32},{"cost":0,"weight":321,"source":26,"target":37},{"cost":0,"weight":485,"source":14,"target":3},{"cost":0,"weight":642,"source":36,"target":26},{"cost":0,"weight":90,"source":7,"target":1},{"cost":0,"weight":80,"source":14,"target":15},{"cost":0,"weight":465,"source":0,"target":23},{"cost":0,"weight":973,"source":5,"target":36},{"cost":0,"weight":270,"source":36,"target":22},{"cost":0,"weight":828,"source":14,"target":4},{"cost":0,"weight":53,"source":11,"target":23},{"cost":0,"weight":875,"source":35,"target":30},{"cost":0,"weight":160,"source":8,"target":24},{"cost":0,"weight":558,"source":20,"target":35},{"cost":0,"weight":87,"source":2,"target":8},{"cost":0,"weight":211,"source":36,"target":34},{"cost":0,"weight":438,"source":11,"target":33},{"cost":0,"weight":438,"source":17,"target":28},{"cost":0,"weight":735,"source":28,"target":15},{"cost":0,"weight":785,"source":38,"target":27},{"cost":0,"weight":577,"source":15,"target":0},{"cost":0,"weight":161,"source":18,"target":17},{"cost":0,"weight":980,"source":15,"target":5},{"cost":0,"weight":510,"source":4,"target":29},{"cost":0,"weight":43,"source":30,"target":16},{"cost":0,"weight":97,"source":6,"target":9},{"cost":0,"weight":676,"source":19,"target":21},{"cost":0,"weight":324,"source":7,"target":29},{"cost":0,"weight":752,"source":37,"target":34},{"cost":0,"weight":154,"source":10,"target":30},{"cost":0,"weight":580,"source":7,"target":8},{"cost":0,"weight":770,"source":39,"target":30},{"cost":0,"weight":77,"source":7,"target":4},{"cost":0,"weight":525,"source":16,"target":21},{"cost":0,"weight":106,"source":32,"target":35},{"cost":0,"weight":566,"source":34,"target":31},{"cost":0,"weight":42,"source":33,"target":39},{"cost":0,"weight":336,"source":36,"target":4},{"cost":0,"weight":15,"source":15,"target":32},{"cost":0,"weight":448,"source":34,"target":33},{"cost":0,"weight":529,"source":31,"target":11},{"cost":0,"weight":242,"source":9,"target":4},{"cost":0,"weight":647,"source":20,"target":6},{"cost":0,"weight":788,"source":13,"target":23}],"graph":{"S":0,"T":10},"multigraph":false}