{"directed":true,"nodes":[{"id":0},{"id":1},{"id":2},{"id":3},{"id":4},{"id":5},{"id":6},{"id":7},{"id":8},{"id":9},{"id":10},{"id":11},{"id":12},{"id":13},{"id":14},{"id":15},{"id":16},{"id":17},{"id":18},{"id":19},{"id":20},{"id":21},{"id":22},{"id":23},{"id":24},{"id":25},{"id":26},{"id":27},{"id":28},{"id":29},{"id":30},{"id":31},{"id":32},{"id":33},{"id":34},{"id":35},{"id":36},{"id":37},{"id":38},{"id":39}],"links":[{"cost":0,"weight":989,"source":17,"target":29},{"cost":0,"weight":983,"source":15,"target":35},{"cost":0,"weight":964,"source":29,"target":8},{"cost":0,"weight":864,"source":27,"target":17},{"cost":0,"weight":54,"source":39,"target":32},{"cost":0,"weight":975,"source":14,"target":18},{"cost":0,"weight":730,"source":8,"target":19},{"cost":0,"weight":630,"source":8,"target":28},{"cost":0,"weight":107,"source":20,"target":21},{"cost":0,"weight":992,"source":36,"target":18},{"cost":0,"weight":776,"source":37,"target":36},{"cost":0,"weight":930,"source":7,"target":14},{"cost":0,"weight":959,"source":7,"target":34},{"cost":0,"weight":77,"source":12,"target":21},{"cost":0,"weight":939,"source":31,"target":9},{"cost":0,"weight":456,"source":14,"target":27},{"cost":0,"weight":296,"source":8,"target":25},{"cost":0,"weight":977,"source":35,"target":37},{"cost":0,"weight":902,"source":4,"target":20},{"cost":0,"weight":103,"source":10,"target":38},{"cost":0,"weight":23,"source":12,"target":18},{"cost":0,"weight":147,"source":9,"target":1},{"cost":0,"weight":925,"source":36,"target":24},{"cost":0,"weight":959,"source":5,"target":29},{"cost":0,"weight":667,"source":30,"target":4},{"cost":0,"weight":316,"source":14,"target":38},{"cost":0,"weight":297,"source":25,"target":36},{"cost":0,"weight":996,"source":30,"target":24},{"cost":0,"weight":842,"source":30,"target":20},{"cost":0,"weight":67,"source":23,"target":31},{"cost":0,"weight":995,"source":22,"target":37},{"cost":0,"weight":458,"source":30,"target":2},{"cost":0,"weight":198,"source":11,"target":3},{"cost":0,"weight":447,"source":32,"target":38},{"cost":0,"weight":704,"source":18,"target":7},{"cost":0,"weight":894,"source":15,"target":14},{"cost":0,"weight":631,"source":34,"target":11},{"cost":0,"weight":430,"source":32,"target":15},{"cost":0,"weight":855,"source":12,"target":37},{"cost":0,"weight":487,"source":29,"target":2},{"cost":0,"weight":762,"source":26,"target":11},{"cost":0,"weight":422,"source":6,"target":28},{"cost":0,"weight":207,"source":22,"target":31},{"cost":0,"weight":51,"source":7,"target":30},{"cost":0,"weight":956,"source":16,"target":26},{"cost":0,"weight":796,"source":27,"target":4},{"cost":0,"weight":880,"source":3,"target":30},{"cost":0,"weight":280,"source":6,"target":31},{"cost":0,"weight":143,"source":16,"target":23},{"cost":0,"weight":884,"source":26,"target":14},{"cost":0,"weight":525,"source":15,"target":20},{"cost":0,"weight":849,"source":36,"target":32},{"cost":0,"weight":618,"source":1,"target":8},{"cost":0,"weight":199,"source":20,"target":30},{"cost":0,"weight":759,"source":16,"target":22},{"cost":0,"weight":48,"source":36,"target":11},{"cost":0,"weight":179,"source":14,"target":2},{"cost":0,"weight":246,"source":19,"target":5},{"cost":0,"weight":618,"source":15,"target":38},{"cost":0,"weight":328,"source":25,"target":24},{"cost":0,"weight":367,"source":18,"target":11},{"cost":0,"weight":973,"source":28,"target":27},{"cost":0,"weight":110,"source":32,"target":7},{"cost":0,"weight":87,"source":24,"target":3},{"cost":0,"weight":701,"source":21,"target":36},{"cost":0,"weight":87,"source":7,"target":5},{"cost":0,"weight":102,"source":12,"target":7},{"cost":0,"weight":191,"source":31,"target":30},{"cost":0,"weight":200,"source":31,"target":10},{"cost":0,"weight":102,"source":16,"target":27},{"cost":0,"weight":816,"source":31,"target":0},{"cost":0,"weight":215,"source":31,"target":16},{"cost":0,"weight":472,"source":10,"target":24},{"cost":0,"weight":655,"source":8,"target":35},{"cost":0,"weight":205,"source":12,"target":31},{"cost":0,"weight":84,"source":30,"target":38},{"cost":0,"weight":135,"source":33,"target":8},{"cost":0,"weight":821,"source":36,"target":17},{"cost":0,"weight":435,"source":1,"target":4},{"cost":0,"weight":828,"source":37,"target":26},{"cost":0,"weight":779,"source":23,"target":21},{"cost":0,"weight":80,"source":36,"target":27},{"cost":0,"weight":496,"source":29,"target":36},{"cost":0,"weight":884,"source":17,"target":20},{"cost":0,"weight":581,"source":32,"target":2},{"cost":0,"weight":239,"source":25,"target":23},{"cost":0,"weight":645,"source":12,"target":4},{"cost":0,"weight":493,"source":9,"target":19},{"cost":0,"weight":583,"source":6,"target":16},{"cost":0,"weight":66,"source":32,"target":3},{"cost":0,"weight":888,"source":27,"target":26},{"cost":0,"weight":867,"source":3,"target":21},{"cost":0,"weight":21,"source":16,"target":8},{"cost":0,"weight":143,"source":39,"target":20},{"cost":0,"weight":129,"source":20,"target":27},{"cost":0,"weight":689,"source":16,"target":12},{"cost":0,"weight":777,"source":7,"target":36},{"cost":0,"weight":394,"source":2,"target":1},{"cost":0,"weight":69,"source":39,"target":19},{"cost":0,"weight":418,"source":29,"target":27},{"cost":0,"weight":317,"source":9,"target":32},{"cost":0,"weight":44,"source":26,"target":35},{"cost":0,"weight":182,"source":16,"target":32},{"cost":0,"weight":731,"source":35,"target":22},{"cost":0,"weight":251,"source":33,"target":26},{"cost":0,"weight":119,"source":14,"target":11},{"cost":0,"weight":741,"source":20,"target":11},{"cost":0,"weight":179,"source":16,"target":33},{"cost":0,"weight":874,"source":24,"target":22},{"cost":0,"weight":439,"source":21,"target":2},{"cost":0,"weight":34,"source":21,"target":7},{"cost":0,"weight":20,"source":19,"target":0},{"cost":0,"weight":564,"source":5,"target":10},{"cost":0,"weight":539,"source":7,"target":25},{"cost":0,"weight":145,"source":22,"target":27},{"cost":0,"weight":280,"source":26,"target":2},{"cost":0,"weight":737,"source":0,"target":10},{"cost":0,"weight":418,"source":3,"target":22},{"cost":0,"weight":89,"source":19,"target":1},{"cost":0,"weight":183,"source":27,"target":6},{"cost":0,"weight":576,"source":19,"target":37},{"cost":0,"weight":238,"source":32,"target":25},{"cost":0,"weight":398,"source":24,"target":0},{"cost":0,"weight":844,"source":39,"target":8},{"cost":0,"weight":692,"source":13,"target":36},{"cost":0,"weight":996,"source":10,"target":18},{"cost":0,"weight":938,"source":28,"target":19},{"cost":0,"weight":331,"source":19,"target":27},{"cost":0,"weight":597,"source":36,"target":20},{"cost":0,"weight":842,"source":13,"target":23},{"cost":0,"weight":31,"source":9,"target":34},{"cost":0,"weight":413,"source":11,"target":5},{"cost":0,"weight":385,"source":23,"target":6},{"cost":0,"weight":454,"source":1,"target":14},{"cost":0,"weight":958,"source":26,"target":37},{"cost":0,"weight":16,"source":27,"target":37},{"cost":0,"weight":704,"source":37,"target":16},{"cost":0,"weight":317,"source":36,"target":33},{"cost":0,"weight":380,"source":39,"target":13},{"cost":0,"weight":924,"source":39,"target":35},{"cost":0,"weight":278,"source":5,"target":16},{"cost":0,"weight":54,"source":30,"target":9},{"cost":0,"weight":121,"source":33,"target":32},{"cost":0,"weight":991,"source":4,"target":24},{"cost":0,"weight":283,"source":13,"target":18},{"cost":0,"weight":876,"source":2,"target":37},{"cost":0,"weight":720,"source":33,"target":36},{"cost":0,"weight":345,"source":25,"target":3},{"cost":0,"weight":286,"source":4,"target":30},{"cost":0,"weight":61,"source":4,"target":1},{"cost":0,"weight":548,"source":5,"target":15},{"cost":0,"weight":464,"source":7,"target":23},{"cost":0,"weight":87,"source":31,"target":32},{"cost":0,"weight":717,"source":8,"target":21},{"cost":0,"weight":854,"source":32,"target":30},{"cost":0,"weight":916,"source":29,"target":37},{"cost":0,"weight":14,"source":26,"target":21},{"cost":0,"weight":568,"source":8,"target":15},{"cost":0,"weight":382,"source":2,"target":29},{"cost":0,"weight":283,"source":14,"target":8}],"graph":{"S":0,"T":10},"multigraph":false}