{"directed":true,"nodes":[{"id":0},{"id":1},{"id":2},{"id":3},{"id":4},{"id":5},{"id":6},{"id":7},{"id":8},{"id":9},{"id":10},{"id":11},{"id":12},{"id":13},{"id":14},{"id":15},{"id":16},{"id":17},{"id":18},{"id":19},{"id":20},{"id":21},{"id":22},{"id":23},{"id":24},{"id":25},{"id":26},{"id":27},{"id":28},{"id":29},{"id":30},{"id":31},{"id":32},{"id":33},{"id":34},{"id":35},{"id":36},{"id":37},{"id":38},{"id":39}],"links":[{"cost":0,"weight":125,"source":20,"target":39},{"cost":0,"weight":293,"source":32,"target":12},{"cost":0,"weight":284,"source":35,"target":11},{"cost":0,"weight":589,"source":36,"target":24},{"cost":0,"weight":785,"source":11,"target":6},{"cost":0,"weight":582,"source":26,"target":28},{"cost":0,"weight":215,"source":26,"target":30},{"cost":0,"weight":448,"source":27,"target":16},{"cost":0,"weight":176,"source":7,"target":30},{"cost":0,"weight":217,"source":17,"target":30},{"cost":0,"weight":244,"source":8,"target":13},{"cost":0,"weight":663,"source":6,"target":25},{"cost":0,"weight":956,"source":11,"target":34},{"cost":0,"weight":932,"source":25,"target":4},{"cost":0,"weight":102,"source":22,"target":14},{"cost":0,"weight":249,"source":4,"target":19},{"cost":0,"weight":230,"source":17,"target":22},{"cost":0,"weight":502,"source":25,"target":18},{"cost":0,"weight":401,"source":1,"target":4},{"cost":0,"weight":631,"source":11,"target":17},{"cost":0,"weight":236,"source":8,"target":17},{"cost":0,"weight":849,"source":16,"target":0},{"cost":0,"weight":789,"source":32,"target":17},{"cost":0,"weight":954,"source":12,"target":5},{"cost":0,"weight":360,"source":39,"target":27},{"cost":0,"weight":379,"source":33,"target":15},{"cost":0,"weight":54,"source":34,"target":21},{"cost":0,"weight":73,"source":38,"target":5},{"cost":0,"weight":525,"source":23,"target":8},{"cost":0,"weight":965,"source":13,"target":0},{"cost":0,"weight":339,"source":27,"target":10},{"cost":0,"weight":856,"source":11,"target":13},{"cost":0,"weight":628,"source":9,"target":18},{"cost":0,"weight":551,"source":27,"target":11},{"cost":0,"weight":16,"source":37,"target":6},{"cost":0,"weight":881,"source":10,"target":17},{"cost":0,"weight":232,"source":31,"target":19},{"cost":0,"weight":816,"source":19,"target":23},{"cost":0,"weight":61,"source":17,"target":3},{"cost":0,"weight":768,"source":28,"target":33},{"cost":0,"weight":721,"source":26,"target":11},{"cost":0,"weight":594,"source":37,"target":8},{"cost":0,"weight":279,"source":4,"target":0},{"cost":0,"weight":979,"source":33,"target":7},{"cost":0,"weight":201,"source":39,"target":30},{"cost":0,"weight":159,"source":21,"target":15},{"cost":0,"weight":605,"source":8,"target":29},{"cost":0,"weight":636,"source":5,"target":31},{"cost":0,"weight":598,"source":20,"target":16},{"cost":0,"weight":643,"source":22,"target":36},{"cost":0,"weight":382,"source":39,"target":35},{"cost":0,"weight":549,"source":22,"target":9},{"cost":0,"weight":887,"source":9,"target":24},{"cost":0,"weight":312,"source":31,"target":35},{"cost":0,"weight":893,"source":8,"target":30},{"cost":0,"weight":599,"source":27,"target":20},{"cost":0,"weight":808,"source":9,"target":39},{"cost":0,"weight":201,"source":10,"target":2},{"cost":0,"weight":635,"source":23,"target":37},{"cost":0,"weight":76,"source":22,"target":3},{"cost":0,"weight":761,"source":6,"target":32},{"cost":0,"weight":639,"source":24,"target":22},{"cost":0,"weight":530,"source":33,"target":6},{"cost":0,"weight":167,"source":3,"target":17},{"cost":0,"weight":660,"source":13,"target":27},{"cost":0,"weight":270,"source":30,"target":38},{"cost":0,"weight":507,"source":10,"target":27},{"cost":0,"weight":593,"source":35,"target":3},{"cost":0,"weight":379,"source":0,"target":1},{"cost":0,"weight":12,"source":8,"target":39},{"cost":0,"weight":359,"source":37,"target":35},{"cost":0,"weight":436,"source":24,"target":7},{"cost":0,"weight":799,"source":19,"target":37},{"cost":0,"weight":793,"source":6,"target":19},{"cost":0,"weight":658,"source":18,"target":3},{"cost":0,"weight":267,"source":24,"target":10},{"cost":0,"weight":262,"source":13,"target":4},{"cost":0,"weight":808,"source":13,"target":28},{"cost":0,"weight":876,"source":10,"target":29},{"cost":0,"weight":635,"source":8,"target":3},{"cost":0,"weight":303,"source":12,"target":11},{"cost":0,"weight":45,"source":13,"target":1},{"cost":0,"weight":394,"source":31,"target":28},{"cost":0,"weight":154,"source":24,"target":19},{"cost":0,"weight":723,"source":35,"target":0},{"cost":0,"weight":801,"source":11,"target":12},{"cost":0,"weight":985,"source":34,"target":2},{"cost":0,"weight":357,"source":13,"target":10},{"cost":0,"weight":674,"source":10,"target":30},{"cost":0,"weight":357,"source":34,"target":11},{"cost":0,"weight":681,"source":10,"target":35},{"cost":0,"weight":124,"source":14,"target":28},{"cost":0,"weight":368,"source":3,"target":16},{"cost":0,"weight":740,"source":38,"target":35},{"cost":0,"weight":612,"source":0,"target":23},{"cost":0,"weight":225,"source":37,"target":15},{"cost":0,"weight":548,"source":20,"target":9},{"cost":0,"weight":954,"source":39,"target":22},{"cost":0,"weight":943,"source":4,"target":8},{"cost":0,"weight":375,"source":17,"target":37},{"cost":0,"weight":699,"source":7,"target":34},{"cost":0,"weight":160,"source":37,"target":27},{"cost":0,"weight":558,"source":3,"target":21},{"cost":0,"weight":626,"source":20,"target":18},{"cost":0,"weight":350,"source":18,"target":16},{"cost":0,"weight":639,"source":36,"target":25},{"cost":0,"weight":804,"source":22,"target":6},{"cost":0,"weight":701,"source":15,"target":8},{"cost":0,"weight":663,"source":33,"target":11},{"cost":0,"weight":103,"source":34,"target":31},{"cost":0,"weight":97,"source":21,"target":16},{"cost":0,"weight":378,"source":15,"target":28},{"cost":0,"weight":515,"source":30,"target":37},{"cost":0,"weight":335,"source":30,"target":15},{"cost":0,"weight":211,"source":38,"target":30},{"cost":0,"weight":861,"source":14,"target":27},{"cost":0,"weight":442,"source":26,"target":17},{"cost":0,"weight":798,"source":26,"target":38},{"cost":0,"weight":705,"source":8,"target":10},{"cost":0,"weight":380,"source":25,"target":35},{"cost":0,"weight":338,"source":2,"target":4},{"cost":0,"weight":70,"source":19,"target":6},{"cost":0,"weight":172,"source":1,"target":14},{"cost":0,"weight":762,"source":26,"target":2},{"cost":0,"weight":259,"source":4,"target":18},{"cost":0,"weight":341,"source":27,"target":32},{"cost":0,"weight":634,"source":39,"target":0},{"cost":0,"weight":253,"source":19,"target":22},{"cost":0,"weight":500,"source":24,"target":37},{"cost":0,"weight":911,"source":15,"target":14},{"cost":0,"weight":165,"source":9,"target":20},{"cost":0,"weight":974,"source":8,"target":20},{"cost":0,"weight":508,"source":13,"target":17},{"cost":0,"weight":706,"source":10,"target":18},{"cost":0,"weight":905,"source":30,"target":21},{"cost":0,"weight":806,"source":24,"target":3},{"cost":0,"weight":362,"source":12,"target":0},{"cost":0,"weight":738,"source":11,"target":0},{"cost":0,"weight":630,"source":8,"target":38},{"cost":0,"weight":958,"source":26,"target":18},{"cost":0,"weight":147,"source":34,"target":13},{"cost":0,"weight":270,"source":33,"target":22},{"cost":0,"weight":447,"source":31,"target":36},{"cost":0,"weight":407,"source":16,"target":15},{"cost":0,"weight":22,"source":19,"target":31},{"cost":0,"weight":791,"source":6,"target":12},{"cost":0,"weight":39,"source":26,"target":14},{"cost":0,"weight":468,"source":23,"target":39},{"cost":0,"weight":277,"source":25,"target":17},{"cost":0,"weight":893,"source":39,"target":19},{"cost":0,"weight":827,"source":19,"target":38},{"cost":0,"weight":152,"source":5,"target":24},{"cost":0,"weight":896,"source":10,"target":13},{"cost":0,"weight":277,"source":4,"target":37},{"cost":0,"weight":734,"source":31,"target":11},{"cost":0,"weight":367,"source":1,"target":10},{"cost":0,"weight":339,"source":9,"target":1},{"cost":0,"weight":824,"source":24,"target":18},{"cost":0,"weight":546,"source":2,"target":1},{"cost":0,"weight":50,"source":22,"target":13}],"graph":{"S":0,"T":10},"multigraph":false}