{"directed":true,"nodes":[{"id":0},{"id":1},{"id":2},{"id":3},{"id":4},{"id":5},{"id":6},{"id":7},{"id":8},{"id":9},{"id":10},{"id":11},{"id":12},{"id":13},{"id":14},{"id":15},{"id":16},{"id":17},{"id":18},{"id":19},{"id":20},{"id":21},{"id":22},{"id":23},{"id":24},{"id":25},{"id":26},{"id":27},{"id":28},{"id":29},{"id":30},{"id":31},{"id":32},{"id":33},{"id":34},{"id":35},{"id":36},{"id":37},{"id":38},{"id":39}],"links":[{"cost":0,"weight":690,"source":20,"target":19},{"cost":0,"weight":854,"source":1,"target":36},{"cost":0,"weight":40,"source":9,"target":8},{"cost":0,"weight":262,"source":3,"target":27},{"cost":0,"weight":612,"source":14,"target":35},{"cost":0,"weight":745,"source":27,"target":34},{"cost":0,"weight":166,"source":21,"target":9},{"cost":0,"weight":52,"source":17,"target":11},{"cost":0,"weight":388,"source":8,"target":0},{"cost":0,"weight":795,"source":25,"target":31},{"cost":0,"weight":252,"source":2,"target":29},{"cost":0,"weight":590,"source":12,"target":17},{"cost":0,"weight":92,"source":3,"target":32},{"cost":0,"weight":428,"source":1,"target":20},{"cost":0,"weight":424,"source":17,"target":36},{"cost":0,"weight":356,"source":13,"target":29},{"cost":0,"weight":985,"source":26,"target":3},{"cost":0,"weight":624,"source":4,"target":20},{"cost":0,"weight":856,"source":35,"target":15},{"cost":0,"weight":127,"source":10,"target":20},{"cost":0,"weight":82,"source":3,"target":34},{"cost":0,"weight":150,"source":25,"target":23},{"cost":0,"weight":359,"source":19,"target":26},{"cost":0,"weight":263,"source":14,"target":25},{"cost":0,"weight":999,"source":20,"target":28},{"cost":0,"weight":833,"source":25,"target":1},{"cost":0,"weight":268,"source":2,"target":30},{"cost":0,"weight":437,"source":22,"target":13},{"cost":0,"weight":393,"source":28,"target":3},{"cost":0,"weight":516,"source":17,"target":28},{"cost":0,"weight":496,"source":17,"target":33},{"cost":0,"weight":21,"source":29,"target":38},{"cost":0,"weight":940,"source":35,"target":0},{"cost":0,"weight":788,"source":28,"target":16},{"cost":0,"weight":670,"source":29,"target":30},{"cost":0,"weight":51,"source":17,"target":5},{"cost":0,"weight":897,"source":13,"target":0},{"cost":0,"weight":180,"source":26,"target":32},{"cost":0,"weight":145,"source":30,"target":11},{"cost":0,"weight":372,"source":11,"target":7},{"cost":0,"weight":75,"source":22,"target":33},{"cost":0,"weight":566,"source":33,"target":25},{"cost":0,"weight":671,"source":14,"target":23},{"cost":0,"weight":454,"source":21,"target":23},{"cost":0,"weight":296,"source":19,"target":34},{"cost":0,"weight":228,"source":32,"target":16},{"cost":0,"weight":102,"source":23,"target":1},{"cost":0,"weight":740,"source":17,"target":31},{"cost":0,"weight":555,"source":5,"target":38},{"cost":0,"weight":61,"source":24,"target":32},{"cost":0,"weight":677,"source":16,"target":23},{"cost":0,"weight":296,"source":38,"target":32},{"cost":0,"weight":480,"source":22,"target":1},{"cost":0,"weight":319,"source":11,"target":9},{"cost":0,"weight":27,"source":22,"target":28},{"cost":0,"weight":893,"source":28,"target":12},{"cost":0,"weight":391,"source":19,"target":25},{"cost":0,"weight":219,"source":15,"target":9},{"cost":0,"weight":90,"source":36,"target":15},{"cost":0,"weight":491,"source":20,"target":18},{"cost":0,"weight":883,"source":26,"target":5},{"cost":0,"weight":966,"source":18,"target":39},{"cost":0,"weight":860,"source":29,"target":26},{"cost":0,"weight":233,"source":10,"target":2},{"cost":0,"weight":726,"source":3,"target":33},{"cost":0,"weight":476,"source":28,"target":2},{"cost":0,"weight":798,"source":22,"target":25},{"cost":0,"weight":931,"source":25,"target":16},{"cost":0,"weight":797,"source":34,"target":37},{"cost":0,"weight":486,"source":7,"target":31},{"cost":0,"weight":500,"source":11,"target":6},{"cost":0,"weight":697,"source":8,"target":16},{"cost":0,"weight":228,"source":39,"target":38},{"cost":0,"weight":871,"source":8,"target":4},{"cost":0,"weight":186,"source":31,"target":34},{"cost":0,"weight":592,"source":18,"target":34},{"cost":0,"weight":603,"source":14,"target":8},{"cost":0,"weight":918,"source":29,"target":35},{"cost":0,"weight":231,"source":19,"target":37},{"cost":0,"weight":944,"source":12,"target":19},{"cost":0,"weight":343,"source":29,"target":8},{"cost":0,"weight":539,"source":34,"target":1},{"cost":0,"weight":242,"source":18,"target":9},{"cost":0,"weight":443,"source":1,"target":25},{"cost":0,"weight":686,"source":37,"target":32},{"cost":0,"weight":778,"source":6,"target":15},{"cost":0,"weight":387,"source":24,"target":10},{"cost":0,"weight":82,"source":4,"target":36},{"cost":0,"weight":406,"source":6,"target":16},{"cost":0,"weight":316,"source":35,"target":36},{"cost":0,"weight":218,"source":34,"target":25},{"cost":0,"weight":514,"source":20,"target":16},{"cost":0,"weight":875,"source":13,"target":31},{"cost":0,"weight":495,"source":5,"target":22},{"cost":0,"weight":539,"source":20,"target":38},{"cost":0,"weight":243,"source":23,"target":26},{"cost":0,"weight":885,"source":1,"target":32},{"cost":0,"weight":95,"source":30,"target":17},{"cost":0,"weight":699,"source":4,"target":9},{"cost":0,"weight":253,"source":3,"target":5},{"cost":0,"weight":437,"source":0,"target":21},{"cost":0,"weight":152,"source":15,"target":4},{"cost":0,"weight":525,"source":27,"target":30},{"cost":0,"weight":936,"source":26,"target":24},{"cost":0,"weight":597,"source":27,"target":2},{"cost":0,"weight":558,"source":2,"target":9},{"cost":0,"weight":561,"source":6,"target":10},{"cost":0,"weight":313,"source":32,"target":11},{"cost":0,"weight":670,"source":13,"target":23},{"cost":0,"weight":665,"source":39,"target":2},{"cost":0,"weight":969,"source":31,"target":24},{"cost":0,"weight":473,"source":2,"target":17},{"cost":0,"weight":326,"source":22,"target":14},{"cost":0,"weight":624,"source":8,"target":27},{"cost":0,"weight":60,"source":30,"target":33},{"cost":0,"weight":768,"source":37,"target":18},{"cost":0,"weight":905,"source":39,"target":8},{"cost":0,"weight":440,"source":16,"target":7},{"cost":0,"weight":83,"source":10,"target":1},{"cost":0,"weight":126,"source":27,"target":38},{"cost":0,"weight":572,"source":18,"target":23},{"cost":0,"weight":469,"source":9,"target":39},{"cost":0,"weight":216,"source":20,"target":2},{"cost":0,"weight":873,"source":3,"target":18},{"cost":0,"weight":354,"source":34,"target":12},{"cost":0,"weight":689,"source":24,"target":18},{"cost":0,"weight":601,"source":22,"target":39},{"cost":0,"weight":253,"source":37,"target":35},{"cost":0,"weight":453,"source":25,"target":35},{"cost":0,"weight":663,"source":35,"target":39},{"cost":0,"weight":990,"source":33,"target":20},{"cost":0,"weight":328,"source":13,"target":37},{"cost":0,"weight":993,"source":29,"target":23},{"cost":0,"weight":566,"source":4,"target":27},{"cost":0,"weight":794,"source":30,"target":37},{"cost":0,"weight":73,"source":24,"target":34},{"cost":0,"weight":260,"source":21,"target":25},{"cost":0,"weight":954,"source":11,"target":35},{"cost":0,"weight":660,"source":25,"target":12},{"cost":0,"weight":782,"source":16,"target":15},{"cost":0,"weight":708,"source":38,"target":17},{"cost":0,"weight":290,"source":32,"target":13},{"cost":0,"weight":60,"source":3,"target":37},{"cost":0,"weight":195,"source":20,"target":4},{"cost":0,"weight":626,"source":16,"target":29},{"cost":0,"weight":225,"source":18,"target":5},{"cost":0,"weight":582,"source":9,"target":23},{"cost":0,"weight":779,"source":17,"target":22},{"cost":0,"weight":76,"source":35,"target":2},{"cost":0,"weight":708,"source":30,"target":19},{"cost":0,"weight":96,"source":10,"target":12},{"cost":0,"weight":655,"source":9,"target":34},{"cost":0,"weight":328,"source":7,"target":22},{"cost":0,"weight":448,"source":20,"target":26},{"cost":0,"weight":411,"source":14,"target":28},{"cost":0,"weight":949,"source":24,"target":26},{"cost":0,"weight":276,"source":13,"target":38},{"cost":0,"weight":733,"source":17,"target":34},{"cost":0,"weight":272,"source":22,"target":11},{"cost":0,"weight":227,"source":30,"target":27}],"graph":{"S":0,"T":10},"multigraph":false}