{"directed":true,"nodes":[{"id":0},{"id":1},{"id":2},{"id":3},{"id":4},{"id":5},{"id":6},{"id":7},{"id":8},{"id":9},{"id":10},{"id":11},{"id":12},{"id":13},{"id":14},{"id":15},{"id":16},{"id":17},{"id":18},{"id":19},{"id":20},{"id":21},{"id":22},{"id":23},{"id":24},{"id":25},{"id":26},{"id":27},{"id":28},{"id":29},{"id":30},{"id":31},{"id":32},{"id":33},{"id":34},{"id":35},{"id":36},{"id":37},{"id":38},{"id":39}],"links":[{"cost":0,"weight":920,"source":3,"target":1},{"cost":0,"weight":412,"source":14,"target":11},{"cost":0,"weight":175,"source":34,"target":18},{"cost":0,"weight":769,"source":9,"target":14},{"cost":0,"weight":814,"source":25,"target":8},{"cost":0,"weight":955,"source":23,"target":10},{"cost":0,"weight":170,"source":4,"target":11},{"cost":0,"weight":761,"source":30,"target":36},{"cost":0,"weight":945,"source":36,"target":5},{"cost":0,"weight":660,"source":18,"target":9},{"cost":0,"weight":500,"source":18,"target":20},{"cost":0,"weight":602,"source":38,"target":21},{"cost":0,"weight":653,"source":35,"target":27},{"cost":0,"weight":165,"source":22,"target":33},{"cost":0,"weight":686,"source":33,"target":21},{"cost":0,"weight":95,"source":32,"target":16},{"cost":0,"weight":170,"source":26,"target":5},{"cost":0,"weight":265,"source":27,"target":14},{"cost":0,"weight":290,"source":1,"target":20},{"cost":0,"weight":386,"source":15,"target":37},{"cost":0,"weight":219,"source":3,"target":32},{"cost":0,"weight":277,"source":12,"target":22},{"cost":0,"weight":263,"source":20,"target":29},{"cost":0,"weight":525,"source":15,"target":17},{"cost":0,"weight":64,"source":32,"target":26},{"cost":0,"weight":653,"source":7,"target":24},{"cost":0,"weight":755,"source":13,"target":3},{"cost":0,"weight":970,"source":6,"target":22},{"cost":0,"weight":211,"source":29,"target":15},{"cost":0,"weight":453,"source":27,"target":15},{"cost":0,"weight":265,"source":2,"target":21},{"cost":0,"weight":441,"source":4,"target":20},{"cost":0,"weight":871,"source":10,"target":8},{"cost":0,"weight":61,"source":32,"target":31},{"cost":0,"weight":610,"source":34,"target":20},{"cost":0,"weight":584,"source":26,"target":13},{"cost":0,"weight":742,"source":15,"target":11},{"cost":0,"weight":291,"source":10,"target":12},{"cost":0,"weight":429,"source":31,"target":25},{"cost":0,"weight":109,"source":6,"target":2},{"cost":0,"weight":11,"source":6,"target":8},{"cost":0,"weight":42,"source":6,"target":39},{"cost":0,"weight":605,"source":21,"target":25},{"cost":0,"weight":838,"source":29,"target":25},{"cost":0,"weight":766,"source":13,"target":8},{"cost":0,"weight":820,"source":11,"target":2},{"cost":0,"weight":111,"source":17,"target":34},{"cost":0,"weight":328,"source":39,"target":8},{"cost":0,"weight":886,"source":24,"target":6},{"cost":0,"weight":756,"source":18,"target":1},{"cost":0,"weight":328,"source":10,"target":13},{"cost":0,"weight":804,"source":23,"target":32},{"cost":0,"weight":717,"source":26,"target":39},{"cost":0,"weight":241,"source":38,"target":8},{"cost":0,"weight":203,"source":34,"target":12},{"cost":0,"weight":270,"source":32,"target":20},{"cost":0,"weight":947,"source":37,"target":11},{"cost":0,"weight":94,"source":20,"target":1},{"cost":0,"weight":851,"source":37,"target":34},{"cost":0,"weight":611,"source":8,"target":25},{"cost":0,"weight":214,"source":36,"target":3},{"cost":0,"weight":686,"source":36,"target":29},{"cost":0,"weight":336,"source":16,"target":32},{"cost":0,"weight":729,"source":32,"target":22},{"cost":0,"weight":435,"source":16,"target":19},{"cost":0,"weight":118,"source":13,"target":32},{"cost":0,"weight":388,"source":35,"target":28},{"cost":0,"weight":474,"source":17,"target":19},{"cost":0,"weight":477,"source":32,"target":15},{"cost":0,"weight":946,"source":20,"target":15},{"cost":0,"weight":214,"source":31,"target":1},{"cost":0,"weight":659,"source":24,"target":27},{"cost":0,"weight":145,"source":6,"target":15},{"cost":0,"weight":84,"source":32,"target":35},{"cost":0,"weight":245,"source":10,"target":35},{"cost":0,"weight":892,"source":9,"target":4},{"cost":0,"weight":423,"source":32,"target":12},{"cost":0,"weight":74,"source":20,"target":9},{"cost":0,"weight":728,"source":0,"target":26},{"cost":0,"weight":558,"source":13,"target":34},{"cost":0,"weight":298,"source":37,"target":0},{"cost":0,"weight":327,"source":2,"target":12},{"cost":0,"weight":482,"source":4,"target":9},{"cost":0,"weight":983,"source":28,"target":22},{"cost":0,"weight":45,"source":32,"target":11},{"cost":0,"weight":627,"source":20,"target":36},{"cost":0,"weight":358,"source":10,"target":26},{"cost":0,"weight":585,"source":24,"target":32},{"cost":0,"weight":643,"source":37,"target":38},{"cost":0,"weight":449,"source":20,"target":31},{"cost":0,"weight":199,"source":7,"target":35},{"cost":0,"weight":852,"source":13,"target":15},{"cost":0,"weight":991,"source":4,"target":35},{"cost":0,"weight":675,"source":2,"target":3},{"cost":0,"weight":708,"source":5,"target":26},{"cost":0,"weight":457,"source":3,"target":25},{"cost":0,"weight":789,"source":6,"target":29},{"cost":0,"weight":890,"source":27,"target":25},{"cost":0,"weight":976,"source":4,"target":7},{"cost":0,"weight":794,"source":34,"target":10},{"cost":0,"weight":126,"source":29,"target":26},{"cost":0,"weight":800,"source":27,"target":26},{"cost":0,"weight":285,"source":10,"target":39},{"cost":0,"weight":758,"source":15,"target":2},{"cost":0,"weight":123,"source":12,"target":11},{"cost":0,"weight":533,"source":28,"target":12},{"cost":0,"weight":255,"source":23,"target":8},{"cost":0,"weight":460,"source":20,"target":6},{"cost":0,"weight":481,"source":20,"target":34},{"cost":0,"weight":644,"source":10,"target":24},{"cost":0,"weight":567,"source":32,"target":19},{"cost":0,"weight":457,"source":19,"target":11},{"cost":0,"weight":500,"source":35,"target":32},{"cost":0,"weight":178,"source":6,"target":17},{"cost":0,"weight":472,"source":23,"target":5},{"cost":0,"weight":874,"source":25,"target":14},{"cost":0,"weight":618,"source":37,"target":27},{"cost":0,"weight":215,"source":33,"target":32},{"cost":0,"weight":77,"source":17,"target":8},{"cost":0,"weight":450,"source":25,"target":3},{"cost":0,"weight":394,"source":19,"target":34},{"cost":0,"weight":594,"source":19,"target":32},{"cost":0,"weight":253,"source":29,"target":3},{"cost":0,"weight":216,"source":33,"target":31},{"cost":0,"weight":122,"source":29,"target":18},{"cost":0,"weight":576,"source":15,"target":13},{"cost":0,"weight":141,"source":21,"target":6},{"cost":0,"weight":265,"source":11,"target":5},{"cost":0,"weight":444,"source":38,"target":37},{"cost":0,"weight":414,"source":1,"target":23},{"cost":0,"weight":13,"source":5,"target":6},{"cost":0,"weight":292,"source":19,"target":4},{"cost":0,"weight":811,"source":31,"target":20},{"cost":0,"weight":602,"source":15,"target":33},{"cost":0,"weight":129,"source":0,"target":28},{"cost":0,"weight":417,"source":29,"target":8},{"cost":0,"weight":154,"source":8,"target":14},{"cost":0,"weight":162,"source":36,"target":28},{"cost":0,"weight":439,"source":12,"target":34},{"cost":0,"weight":448,"source":21,"target":15},{"cost":0,"weight":773,"source":29,"target":20},{"cost":0,"weight":453,"source":16,"target":35},{"cost":0,"weight":56,"source":4,"target":26},{"cost":0,"weight":30,"source":9,"target":7},{"cost":0,"weight":765,"source":16,"target":27},{"cost":0,"weight":358,"source":23,"target":7},{"cost":0,"weight":593,"source":28,"target":18},{"cost":0,"weight":647,"source":37,"target":3},{"cost":0,"weight":727,"source":34,"target":17},{"cost":0,"weight":153,"source":34,"target":16},{"cost":0,"weight":622,"source":19,"target":9},{"cost":0,"weight":154,"source":21,"target":9},{"cost":0,"weight":621,"source":32,"target":30},{"cost":0,"weight":338,"source":29,"target":5},{"cost":0,"weight":642,"source":35,"target":12},{"cost":0,"weight":820,"source":28,"target":34},{"cost":0,"weight":266,"source":39,"target":10},{"cost":0,"weight":189,"source":34,"target":38},{"cost":0,"weight":672,"source":11,"target":9},{"cost":0,"weight":724,"source":21,"target":7}],"graph":{"S":0,"T":10},"multigraph":false}