{"directed":true,"nodes":[{"id":0},{"id":1},{"id":2},{"id":3},{"id":4},{"id":5},{"id":6},{"id":7},{"id":8},{"id":9},{"id":10},{"id":11},{"id":12},{"id":13},{"id":14},{"id":15},{"id":16},{"id":17},{"id":18},{"id":19},{"id":20},{"id":21},{"id":22},{"id":23},{"id":24},{"id":25},{"id":26},{"id":27},{"id":28},{"id":29},{"id":30},{"id":31},{"id":32},{"id":33},{"id":34},{"id":35},{"id":36},{"id":37},{"id":38},{"id":39}],"links":[{"cost":0,"weight":628,"source":32,"target":20},{"cost":0,"weight":296,"source":21,"target":28},{"cost":0,"weight":810,"source":1,"target":17},{"cost":0,"weight":552,"source":33,"target":18},{"cost":0,"weight":642,"source":31,"target":26},{"cost":0,"weight":264,"source":5,"target":36},{"cost":0,"weight":393,"source":16,"target":2},{"cost":0,"weight":499,"source":28,"target":6},{"cost":0,"weight":111,"source":33,"target":38},{"cost":0,"weight":512,"source":10,"target":1},{"cost":0,"weight":76,"source":37,"target":35},{"cost":0,"weight":813,"source":1,"target":20},{"cost":0,"weight":246,"source":21,"target":2},{"cost":0,"weight":122,"source":15,"target":10},{"cost":0,"weight":465,"source":1,"target":18},{"cost":0,"weight":119,"source":33,"target":20},{"cost":0,"weight":624,"source":4,"target":32},{"cost":0,"weight":526,"source":8,"target":28},{"cost":0,"weight":451,"source":30,"target":12},{"cost":0,"weight":918,"source":18,"target":29},{"cost":0,"weight":178,"source":36,"target":11},{"cost":0,"weight":603,"source":20,"target":17},{"cost":0,"weight":134,"source":2,"target":29},{"cost":0,"weight":894,"source":27,"target":17},{"cost":0,"weight":64,"source":24,"target":11},{"cost":0,"weight":426,"source":2,"target":19},{"cost":0,"weight":527,"source":2,"target":23},{"cost":0,"weight":904,"source":13,"target":11},{"cost":0,"weight":373,"source":1,"target":31},{"cost":0,"weight":891,"source":12,"target":24},{"cost":0,"weight":38,"source":3,"target":17},{"cost":0,"weight":457,"source":32,"target":18},{"cost":0,"weight":555,"source":38,"target":28},{"cost":0,"weight":102,"source":27,"target":5},{"cost":0,"weight":931,"source":34,"target":3},{"cost":0,"weight":140,"source":24,"target":8},{"cost":0,"weight":248,"source":15,"target":4},{"cost":0,"weight":837,"source":36,"target":2},{"cost":0,"weight":590,"source":33,"target":36},{"cost":0,"weight":402,"source":8,"target":16},{"cost":0,"weight":647,"source":30,"target":31},{"cost":0,"weight":753,"source":8,"target":1},{"cost":0,"weight":609,"source":26,"target":38},{"cost":0,"weight":241,"source":7,"target":25},{"cost":0,"weight":545,"source":13,"target":29},{"cost":0,"weight":941,"source":15,"target":8},{"cost":0,"weight":771,"source":14,"target":32},{"cost":0,"weight":797,"source":30,"target":14},{"cost":0,"weight":935,"source":2,"target":9},{"cost":0,"weight":189,"source":4,"target":30},{"cost":0,"weight":126,"source":29,"target":17},{"cost":0,"weight":811,"source":9,"target":28},{"cost":0,"weight":713,"source":16,"target":9},{"cost":0,"weight":926,"source":4,"target":36},{"cost":0,"weight":599,"source":19,"target":3},{"cost":0,"weight":934,"source":13,"target":25},{"cost":0,"weight":64,"source":10,"target":26},{"cost":0,"weight":607,"source":36,"target":38},{"cost":0,"weight":814,"source":11,"target":18},{"cost":0,"weight":854,"source":11,"target":28},{"cost":0,"weight":179,"source":32,"target":30},{"cost":0,"weight":407,"source":30,"target":17},{"cost":0,"weight":965,"source":24,"target":37},{"cost":0,"weight":73,"source":11,"target":33},{"cost":0,"weight":905,"source":16,"target":15},{"cost":0,"weight":530,"source":12,"target":28},{"cost":0,"weight":379,"source":6,"target":25},{"cost":0,"weight":188,"source":26,"target":20},{"cost":0,"weight":952,"source":14,"target":35},{"cost":0,"weight":738,"source":11,"target":1},{"cost":0,"weight":101,"source":29,"target":19},{"cost":0,"weight":201,"source":20,"target":34},{"cost":0,"weight":727,"source":19,"target":24},{"cost":0,"weight":740,"source":25,"target":10},{"cost":0,"weight":573,"source":22,"target":12},{"cost":0,"weight":635,"source":25,"target":21},{"cost":0,"weight":495,"source":9,"target":14},{"cost":0,"weight":916,"source":23,"target":22},{"cost":0,"weight":307,"source":19,"target":12},{"cost":0,"weight":683,"source":19,"target":14},{"cost":0,"weight":789,"source":20,"target":2},{"cost":0,"weight":505,"source":16,"target":11},{"cost":0,"weight":513,"source":2,"target":1},{"cost":0,"weight":462,"source":22,"target":3},{"cost":0,"weight":117,"source":26,"target":23},{"cost":0,"weight":565,"source":7,"target":19},{"cost":0,"weight":214,"source":27,"target":22},{"cost":0,"weight":798,"source":31,"target":0},{"cost":0,"weight":245,"source":12,"target":20},{"cost":0,"weight":952,"source":12,"target":1},{"cost":0,"weight":997,"source":5,"target":23},{"cost":0,"weight":199,"source":21,"target":15},{"cost":0,"weight":342,"source":2,"target":10},{"cost":0,"weight":326,"source":7,"target":34},{"cost":0,"weight":510,"source":28,"target":1},{"cost":0,"weight":574,"source":11,"target":26},{"cost":0,"weight":779,"source":10,"target":37},{"cost":0,"weight":58,"source":35,"target":23},{"cost":0,"weight":626,"source":30,"target":20},{"cost":0,"weight":56,"source":19,"target":37},{"cost":0,"weight":426,"source":18,"target":32},{"cost":0,"weight":575,"source":4,"target":39},{"cost":0,"weight":708,"source":32,"target":10},{"cost":0,"weight":163,"source":35,"target":39},{"cost":0,"weight":646,"source":9,"target":35},{"cost":0,"weight":412,"source":33,"target":39},{"cost":0,"weight":971,"source":21,"target":39},{"cost":0,"weight":517,"source":12,"target":39},{"cost":0,"weight":23,"source":25,"target":30},{"cost":0,"weight":327,"source":10,"target":35},{"cost":0,"weight":392,"source":39,"target":16},{"cost":0,"weight":447,"source":29,"target":0},{"cost":0,"weight":799,"source":39,"target":37},{"cost":0,"weight":227,"source":18,"target":3},{"cost":0,"weight":110,"source":19,"target":30},{"cost":0,"weight":788,"source":33,"target":35},{"cost":0,"weight":160,"source":37,"target":1},{"cost":0,"weight":957,"source":33,"target":26},{"cost":0,"weight":990,"source":21,"target":25},{"cost":0,"weight":878,"source":30,"target":9},{"cost":0,"weight":227,"source":11,"target":7},{"cost":0,"weight":817,"source":18,"target":8},{"cost":0,"weight":718,"source":32,"target":16},{"cost":0,"weight":918,"source":17,"target":6},{"cost":0,"weight":696,"source":3,"target":36},{"cost":0,"weight":470,"source":8,"target":38},{"cost":0,"weight":994,"source":31,"target":13},{"cost":0,"weight":11,"source":38,"target":21},{"cost":0,"weight":768,"source":32,"target":13},{"cost":0,"weight":482,"source":0,"target":11},{"cost":0,"weight":201,"source":4,"target":12},{"cost":0,"weight":585,"source":27,"target":12},{"cost":0,"weight":818,"source":15,"target":5},{"cost":0,"weight":144,"source":34,"target":10},{"cost":0,"weight":820,"source":31,"target":12},{"cost":0,"weight":649,"source":16,"target":33},{"cost":0,"weight":645,"source":23,"target":15},{"cost":0,"weight":343,"source":31,"target":6},{"cost":0,"weight":572,"source":22,"target":14},{"cost":0,"weight":740,"source":31,"target":5},{"cost":0,"weight":997,"source":15,"target":16},{"cost":0,"weight":504,"source":26,"target":14},{"cost":0,"weight":803,"source":3,"target":35},{"cost":0,"weight":296,"source":4,"target":18},{"cost":0,"weight":87,"source":17,"target":25},{"cost":0,"weight":634,"source":29,"target":38},{"cost":0,"weight":659,"source":14,"target":15},{"cost":0,"weight":383,"source":15,"target":14},{"cost":0,"weight":355,"source":31,"target":28},{"cost":0,"weight":922,"source":24,"target":2},{"cost":0,"weight":443,"source":18,"target":14},{"cost":0,"weight":359,"source":21,"target":24},{"cost":0,"weight":467,"source":33,"target":13},{"cost":0,"weight":407,"source":34,"target":19},{"cost":0,"weight":99,"source":11,"target":16},{"cost":0,"weight":885,"source":28,"target":7},{"cost":0,"weight":697,"source":14,"target":7},{"cost":0,"weight":516,"source":22,"target":1},{"cost":0,"weight":346,"source":34,"target":7},{"cost":0,"weight":520,"source":28,"target":35}],"graph":{"S":0,"T":10},"multigraph":false}