{"directed":true,"nodes":[{"id":0},{"id":1},{"id":2},{"id":3},{"id":4},{"id":5},{"id":6},{"id":7},{"id":8},{"id":9},{"id":10},{"id":11},{"id":12},{"id":13},{"id":14},{"id":15},{"id":16},{"id":17},{"id":18},{"id":19},{"id":20},{"id":21},{"id":22},{"id":23},{"id":24},{"id":25},{"id":26},{"id":27},{"id":28},{"id":29},{"id":30},{"id":31},{"id":32},{"id":33},{"id":34},{"id":35},{"id":36},{"id":37},{"id":38},{"id":39}],"links":[{"cost":0,"weight":747,"source":32,"target":1},{"cost":0,"weight":722,"source":28,"target":24},{"cost":0,"weight":593,"source":6,"target":26},{"cost":0,"weight":18,"source":10,"target":39},{"cost":0,"weight":407,"source":37,"target":19},{"cost":0,"weight":423,"source":8,"target":14},{"cost":0,"weight":173,"source":20,"target":15},{"cost":0,"weight":11,"source":35,"target":15},{"cost":0,"weight":470,"source":3,"target":12},{"cost":0,"weight":946,"source":30,"target":9},{"cost":0,"weight":865,"source":32,"target":25},{"cost":0,"weight":942,"source":3,"target":19},{"cost":0,"weight":890,"source":31,"target":24},{"cost":0,"weight":222,"source":26,"target":3},{"cost":0,"weight":704,"source":29,"target":35},{"cost":0,"weight":303,"source":12,"target":11},{"cost":0,"weight":186,"source":16,"target":3},{"cost":0,"weight":654,"source":3,"target":27},{"cost":0,"weight":685,"source":33,"target":29},{"cost":0,"weight":871,"source":26,"target":19},{"cost":0,"weight":322,"source":8,"target":18},{"cost":0,"weight":266,"source":32,"target":8},{"cost":0,"weight":98,"source":38,"target":21},{"cost":0,"weight":672,"source":28,"target":31},{"cost":0,"weight":491,"source":22,"target":5},{"cost":0,"weight":249,"source":16,"target":39},{"cost":0,"weight":78,"source":3,"target":16},{"cost":0,"weight":789,"source":10,"target":14},{"cost":0,"weight":859,"source":37,"target":36},{"cost":0,"weight":454,"source":1,"target":15},{"cost":0,"weight":123,"source":31,"target":28},{"cost":0,"weight":278,"source":37,"target":21},{"cost":0,"weight":377,"source":32,"target":4},{"cost":0,"weight":457,"source":33,"target":16},{"cost":0,"weight":518,"source":10,"target":28},{"cost":0,"weight":219,"source":15,"target":7},{"cost":0,"weight":590,"source":9,"target":4},{"cost":0,"weight":587,"source":31,"target":9},{"cost":0,"weight":435,"source":21,"target":9},{"cost":0,"weight":242,"source":38,"target":31},{"cost":0,"weight":866,"source":14,"target":28},{"cost":0,"weight":307,"source":7,"target":24},{"cost":0,"weight":371,"source":16,"target":32},{"cost":0,"weight":592,"source":1,"target":26},{"cost":0,"weight":505,"source":12,"target":27},{"cost":0,"weight":484,"source":27,"target":3},{"cost":0,"weight":861,"source":8,"target":4},{"cost":0,"weight":136,"source":1,"target":3},{"cost":0,"weight":557,"source":20,"target":34},{"cost":0,"weight":541,"source":0,"target":35},{"cost":0,"weight":338,"source":9,"target":33},{"cost":0,"weight":807,"source":3,"target":5},{"cost":0,"weight":178,"source":33,"target":6},{"cost":0,"weight":411,"source":38,"target":39},{"cost":0,"weight":142,"source":39,"target":20},{"cost":0,"weight":868,"source":37,"target":3},{"cost":0,"weight":169,"source":20,"target":13},{"cost":0,"weight":360,"source":38,"target":23},{"cost":0,"weight":121,"source":19,"target":26},{"cost":0,"weight":700,"source":15,"target":0},{"cost":0,"weight":755,"source":10,"target":19},{"cost":0,"weight":724,"source":21,"target":25},{"cost":0,"weight":606,"source":21,"target":10},{"cost":0,"weight":677,"source":18,"target":26},{"cost":0,"weight":895,"source":34,"target":12},{"cost":0,"weight":596,"source":17,"target":4},{"cost":0,"weight":950,"source":26,"target":32},{"cost":0,"weight":195,"source":32,"target":9},{"cost":0,"weight":930,"source":14,"target":7},{"cost":0,"weight":945,"source":29,"target":36},{"cost":0,"weight":74,"source":6,"target":12},{"cost":0,"weight":419,"source":36,"target":31},{"cost":0,"weight":302,"source":36,"target":6},{"cost":0,"weight":282,"source":38,"target":15},{"cost":0,"weight":270,"source":12,"target":2},{"cost":0,"weight":954,"source":39,"target":17},{"cost":0,"weight":378,"source":24,"target":5},{"cost":0,"weight":223,"source":24,"target":35},{"cost":0,"weight":661,"source":7,"target":38},{"cost":0,"weight":674,"source":10,"target":2},{"cost":0,"weight":43,"source":37,"target":35},{"cost":0,"weight":469,"source":3,"target":10},{"cost":0,"weight":252,"source":1,"target":21},{"cost":0,"weight":293,"source":26,"target":30},{"cost":0,"weight":54,"source":34,"target":25},{"cost":0,"weight":384,"source":29,"target":37},{"cost":0,"weight":187,"source":18,"target":4},{"cost":0,"weight":419,"source":2,"target":28},{"cost":0,"weight":804,"source":31,"target":10},{"cost":0,"weight":935,"source":8,"target":27},{"cost":0,"weight":36,"source":37,"target":12},{"cost":0,"weight":42,"source":18,"target":27},{"cost":0,"weight":747,"source":4,"target":18},{"cost":0,"weight":390,"source":39,"target":35},{"cost":0,"weight":922,"source":39,"target":22},{"cost":0,"weight":914,"source":13,"target":16},{"cost":0,"weight":50,"source":35,"target":0},{"cost":0,"weight":203,"source":22,"target":16},{"cost":0,"weight":868,"source":19,"target":31},{"cost":0,"weight":583,"source":22,"target":6},{"cost":0,"weight":242,"source":9,"target":20},{"cost":0,"weight":888,"source":28,"target":9},{"cost":0,"weight":437,"source":24,"target":2},{"cost":0,"weight":948,"source":22,"target":39},{"cost":0,"weight":186,"source":5,"target":8},{"cost":0,"weight":736,"source":23,"target":22},{"cost":0,"weight":972,"source":39,"target":8},{"cost":0,"weight":778,"source":12,"target":16},{"cost":0,"weight":518,"source":12,"target":28},{"cost":0,"weight":418,"source":13,"target":19},{"cost":0,"weight":445,"source":18,"target":12},{"cost":0,"weight":342,"source":10,"target":0},{"cost":0,"weight":726,"source":7,"target":5},{"cost":0,"weight":133,"source":31,"target":39},{"cost":0,"weight":563,"source":28,"target":34},{"cost":0,"weight":94,"source":36,"target":7},{"cost":0,"weight":942,"source":8,"target":10},{"cost":0,"weight":755,"source":21,"target":31},{"cost":0,"weight":366,"source":34,"target":6},{"cost":0,"weight":739,"source":25,"target":30},{"cost":0,"weight":380,"source":18,"target":11},{"cost":0,"weight":265,"source":30,"target":0},{"cost":0,"weight":405,"source":4,"target":15},{"cost":0,"weight":68,"source":19,"target":5},{"cost":0,"weight":663,"source":30,"target":36},{"cost":0,"weight":25,"source":33,"target":9},{"cost":0,"weight":746,"source":32,"target":12},{"cost":0,"weight":653,"source":22,"target":32},{"cost":0,"weight":999,"source":23,"target":0},{"cost":0,"weight":522,"source":14,"target":27},{"cost":0,"weight":560,"source":23,"target":31},{"cost":0,"weight":617,"source":12,"target":34},{"cost":0,"weight":475,"source":8,"target":32},{"cost":0,"weight":345,"source":32,"target":11},{"cost":0,"weight":158,"source":10,"target":32},{"cost":0,"weight":249,"source":5,"target":12},{"cost":0,"weight":463,"source":23,"target":7},{"cost":0,"weight":535,"source":30,"target":29},{"cost":0,"weight":406,"source":35,"target":37},{"cost":0,"weight":41,"source":4,"target":1},{"cost":0,"weight":828,"source":6,"target":11},{"cost":0,"weight":94,"source":14,"target":19},{"cost":0,"weight":679,"source":27,"target":1},{"cost":0,"weight":840,"source":36,"target":12},{"cost":0,"weight":155,"source":34,"target":3},{"cost":0,"weight":165,"source":9,"target":16},{"cost":0,"weight":723,"source":14,"target":3},{"cost":0,"weight":923,"source":26,"target":39},{"cost":0,"weight":355,"source":31,"target":0},{"cost":0,"weight":423,"source":7,"target":13},{"cost":0,"weight":458,"source":7,"target":29},{"cost":0,"weight":492,"source":26,"target":17},{"cost":0,"weight":800,"source":23,"target":12},{"cost":0,"weight":132,"source":27,"target":17},{"cost":0,"weight":245,"source":21,"target":2},{"cost":0,"weight":799,"source":31,"target":16},{"cost":0,"weight":198,"source":22,"target":37},{"cost":0,"weight":901,"source":38,"target":11},{"cost":0,"weight":282,"source":33,"target":24},{"cost":0,"weight":871,"source":29,"target":19}],"graph":{"S":0,"T":10},"multigraph":false}