{"directed":true,"nodes":[{"id":0},{"id":1},{"id":2},{"id":3},{"id":4},{"id":5},{"id":6},{"id":7},{"id":8},{"id":9},{"id":10},{"id":11},{"id":12},{"id":13},{"id":14},{"id":15},{"id":16},{"id":17},{"id":18},{"id":19},{"id":20},{"id":21},{"id":22},{"id":23},{"id":24},{"id":25},{"id":26},{"id":27},{"id":28},{"id":29},{"id":30},{"id":31},{"id":32},{"id":33},{"id":34},{"id":35},{"id":36},{"id":37},{"id":38},{"id":39}],"links":[{"cost":0,"weight":59,"source":14,"target":32},{"cost":0,"weight":883,"source":5,"target":9},{"cost":0,"weight":767,"source":28,"target":6},{"cost":0,"weight":630,"source":15,"target":26},{"cost":0,"weight":639,"source":3,"target":29},{"cost":0,"weight":626,"source":9,"target":28},{"cost":0,"weight":258,"source":10,"target":11},{"cost":0,"weight":84,"source":15,"target":28},{"cost":0,"weight":794,"source":39,"target":11},{"cost":0,"weight":874,"source":27,"target":11},{"cost":0,"weight":221,"source":17,"target":28},{"cost":0,"weight":380,"source":8,"target":12},{"cost":0,"weight":338,"source":18,"target":16},{"cost":0,"weight":783,"source":16,"target":9},{"cost":0,"weight":586,"source":19,"target":35},{"cost":0,"weight":291,"source":25,"target":18},{"cost":0,"weight":937,"source":15,"target":14},{"cost":0,"weight":873,"source":26,"target":36},{"cost":0,"weight":170,"source":25,"target":15},{"cost":0,"weight":110,"source":27,"target":2},{"cost":0,"weight":50,"source":18,"target":7},{"cost":0,"weight":589,"source":10,"target":3},{"cost":0,"weight":553,"source":10,"target":24},{"cost":0,"weight":151,"source":34,"target":23},{"cost":0,"weight":384,"source":16,"target":8},{"cost":0,"weight":93,"source":6,"target":23},{"cost":0,"weight":194,"source":13,"target":22},{"cost":0,"weight":707,"source":12,"target":24},{"cost":0,"weight":809,"source":34,"target":32},{"cost":0,"weight":452,"source":20,"target":4},{"cost":0,"weight":196,"source":17,"target":38},{"cost":0,"weight":208,"source":7,"target":5},{"cost":0,"weight":155,"source":25,"target":31},{"cost":0,"weight":843,"source":29,"target":31},{"cost":0,"weight":175,"source":36,"target":23},{"cost":0,"weight":570,"source":22,"target":25},{"cost":0,"weight":316,"source":11,"target":1},{"cost":0,"weight":194,"source":34,"target":7},{"cost":0,"weight":151,"source":17,"target":15},{"cost":0,"weight":337,"source":13,"target":31},{"cost":0,"weight":878,"source":12,"target":27},{"cost":0,"weight":958,"source":18,"target":37},{"cost":0,"weight":50,"source":32,"target":14},{"cost":0,"weight":688,"source":13,"target":34},{"cost":0,"weight":81,"source":34,"target":29},{"cost":0,"weight":524,"source":33,"target":7},{"cost":0,"weight":215,"source":0,"target":22},{"cost":0,"weight":43,"source":17,"target":24},{"cost":0,"weight":984,"source":2,"target":29},{"cost":0,"weight":630,"source":0,"target":32},{"cost":0,"weight":824,"source":13,"target":18},{"cost":0,"weight":375,"source":26,"target":9},{"cost":0,"weight":742,"source":14,"target":11},{"cost":0,"weight":286,"source":28,"target":5},{"cost":0,"weight":812,"source":8,"target":39},{"cost":0,"weight":557,"source":26,"target":1},{"cost":0,"weight":800,"source":22,"target":30},{"cost":0,"weight":74,"source":26,"target":23},{"cost":0,"weight":746,"source":17,"target":27},{"cost":0,"weight":288,"source":21,"target":18},{"cost":0,"weight":121,"source":37,"target":8},{"cost":0,"weight":383,"source":38,"target":16},{"cost":0,"weight":432,"source":9,"target":29},{"cost":0,"weight":493,"source":6,"target":19},{"cost":0,"weight":557,"source":34,"target":0},{"cost":0,"weight":364,"source":18,"target":17},{"cost":0,"weight":423,"source":28,"target":32},{"cost":0,"weight":336,"source":2,"target":13},{"cost":0,"weight":349,"source":11,"target":7},{"cost":0,"weight":454,"source":19,"target":23},{"cost":0,"weight":314,"source":15,"target":33},{"cost":0,"weight":829,"source":11,"target":23},{"cost":0,"weight":56,"source":36,"target":17},{"cost":0,"weight":300,"source":26,"target":15},{"cost":0,"weight":994,"source":33,"target":29},{"cost":0,"weight":908,"source":2,"target":31},{"cost":0,"weight":290,"source":30,"target":15},{"cost":0,"weight":427,"source":23,"target":2},{"cost":0,"weight":649,"source":5,"target":14},{"cost":0,"weight":219,"source":30,"target":2},{"cost":0,"weight":185,"source":3,"target":26},{"cost":0,"weight":693,"source":4,"target":21},{"cost":0,"weight":830,"source":9,"target":7},{"cost":0,"weight":649,"source":38,"target":23},{"cost":0,"weight":447,"source":13,"target":25},{"cost":0,"weight":963,"source":29,"target":13},{"cost":0,"weight":194,"source":9,"target":19},{"cost":0,"weight":787,"source":39,"target":15},{"cost":0,"weight":45,"source":3,"target":31},{"cost":0,"weight":823,"source":18,"target":33},{"cost":0,"weight":762,"source":20,"target":15},{"cost":0,"weight":733,"source":31,"target":34},{"cost":0,"weight":924,"source":16,"target":11},{"cost":0,"weight":155,"source":18,"target":27},{"cost":0,"weight":438,"source":22,"target":2},{"cost":0,"weight":153,"source":31,"target":38},{"cost":0,"weight":988,"source":7,"target":27},{"cost":0,"weight":723,"source":8,"target":21},{"cost":0,"weight":216,"source":39,"target":16},{"cost":0,"weight":119,"source":33,"target":2},{"cost":0,"weight":786,"source":28,"target":30},{"cost":0,"weight":863,"source":23,"target":30},{"cost":0,"weight":987,"source":23,"target":17},{"cost":0,"weight":635,"source":31,"target":35},{"cost":0,"weight":889,"source":29,"target":21},{"cost":0,"weight":608,"source":27,"target":1},{"cost":0,"weight":606,"source":18,"target":14},{"cost":0,"weight":780,"source":4,"target":13},{"cost":0,"weight":333,"source":37,"target":21},{"cost":0,"weight":71,"source":38,"target":28},{"cost":0,"weight":11,"source":9,"target":14},{"cost":0,"weight":191,"source":12,"target":14},{"cost":0,"weight":957,"source":31,"target":26},{"cost":0,"weight":483,"source":17,"target":20},{"cost":0,"weight":470,"source":31,"target":25},{"cost":0,"weight":407,"source":18,"target":25},{"cost":0,"weight":65,"source":28,"target":18},{"cost":0,"weight":792,"source":33,"target":9},{"cost":0,"weight":66,"source":22,"target":34},{"cost":0,"weight":937,"source":36,"target":37},{"cost":0,"weight":601,"source":1,"target":5},{"cost":0,"weight":676,"source":8,"target":20},{"cost":0,"weight":328,"source":29,"target":5},{"cost":0,"weight":117,"source":23,"target":38},{"cost":0,"weight":663,"source":25,"target":22},{"cost":0,"weight":833,"source":3,"target":36},{"cost":0,"weight":418,"source":15,"target":20},{"cost":0,"weight":323,"source":38,"target":1},{"cost":0,"weight":646,"source":11,"target":2},{"cost":0,"weight":266,"source":28,"target":1},{"cost":0,"weight":201,"source":5,"target":16},{"cost":0,"weight":469,"source":8,"target":13},{"cost":0,"weight":788,"source":14,"target":8},{"cost":0,"weight":572,"source":11,"target":8},{"cost":0,"weight":527,"source":23,"target":5},{"cost":0,"weight":336,"source":36,"target":18},{"cost":0,"weight":72,"source":12,"target":32},{"cost":0,"weight":966,"source":1,"target":38},{"cost":0,"weight":733,"source":11,"target":17},{"cost":0,"weight":660,"source":34,"target":5},{"cost":0,"weight":749,"source":24,"target":10},{"cost":0,"weight":293,"source":5,"target":34},{"cost":0,"weight":144,"source":33,"target":8},{"cost":0,"weight":198,"source":6,"target":4},{"cost":0,"weight":301,"source":4,"target":29},{"cost":0,"weight":982,"source":30,"target":19},{"cost":0,"weight":171,"source":28,"target":29},{"cost":0,"weight":530,"source":15,"target":5},{"cost":0,"weight":262,"source":12,"target":34},{"cost":0,"weight":576,"source":27,"target":16},{"cost":0,"weight":46,"source":33,"target":22},{"cost":0,"weight":378,"source":32,"target":16},{"cost":0,"weight":819,"source":33,"target":25},{"cost":0,"weight":74,"source":15,"target":27},{"cost":0,"weight":616,"source":38,"target":21},{"cost":0,"weight":323,"source":20,"target":29},{"cost":0,"weight":76,"source":2,"target":34},{"cost":0,"weight":824,"source":12,"target":3},{"cost":0,"weight":500,"source":37,"target":4},{"cost":0,"weight":757,"source":12,"target":10}],"graph":{"S":0,"T":10},"multigraph":false}