{"directed":true,"nodes":[{"id":0},{"id":1},{"id":2},{"id":3},{"id":4},{"id":5},{"id":6},{"id":7},{"id":8},{"id":9},{"id":10},{"id":11},{"id":12},{"id":13},{"id":14},{"id":15},{"id":16},{"id":17},{"id":18},{"id":19},{"id":20},{"id":21},{"id":22},{"id":23},{"id":24},{"id":25},{"id":26},{"id":27},{"id":28},{"id":29},{"id":30},{"id":31},{"id":32},{"id":33},{"id":34},{"id":35},{"id":36},{"id":37},{"id":38},{"id":39}],"links":[{"cost":0,"weight":48,"source":8,"target":9},{"cost":0,"weight":498,"source":5,"target":38},{"cost":0,"weight":496,"source":34,"target":0},{"cost":0,"weight":787,"source":20,"target":17},{"cost":0,"weight":510,"source":21,"target":13},{"cost":0,"weight":712,"source":15,"target":21},{"cost":0,"weight":503,"source":11,"target":7},{"cost":0,"weight":690,"source":39,"target":6},{"cost":0,"weight":381,"source":19,"target":18},{"cost":0,"weight":664,"source":34,"target":14},{"cost":0,"weight":218,"source":24,"target":12},{"cost":0,"weight":730,"source":38,"target":3},{"cost":0,"weight":648,"source":37,"target":6},{"cost":0,"weight":226,"source":37,"target":29},{"cost":0,"weight":467,"source":24,"target":22},{"cost":0,"weight":513,"source":10,"target":13},{"cost":0,"weight":520,"source":34,"target":1},{"cost":0,"weight":121,"source":22,"target":1},{"cost":0,"weight":404,"source":0,"target":21},{"cost":0,"weight":253,"source":30,"target":29},{"cost":0,"weight":273,"source":26,"target":4},{"cost":0,"weight":329,"source":37,"target":19},{"cost":0,"weight":992,"source":38,"target":28},{"cost":0,"weight":624,"source":2,"target":3},{"cost":0,"weight":951,"source":39,"target":17},{"cost":0,"weight":578,"source":4,"target":27},{"cost":0,"weight":982,"source":15,"target":39},{"cost":0,"weight":98,"source":37,"target":36},{"cost":0,"weight":117,"source":6,"target":19},{"cost":0,"weight":195,"source":15,"target":27},{"cost":0,"weight":890,"source":5,"target":37},{"cost":0,"weight":270,"source":9,"target":14},{"cost":0,"weight":207,"source":38,"target":27},{"cost":0,"weight":782,"source":29,"target":34},{"cost":0,"weight":418,"source":37,"target":32},{"cost":0,"weight":829,"source":19,"target":12},{"cost":0,"weight":952,"source":36,"target":19},{"cost":0,"weight":970,"source":6,"target":26},{"cost":0,"weight":210,"source":22,"target":4},{"cost":0,"weight":721,"source":6,"target":0},{"cost":0,"weight":779,"source":8,"target":1},{"cost":0,"weight":724,"source":33,"target":7},{"cost":0,"weight":864,"source":22,"target":8},{"cost":0,"weight":580,"source":2,"target":20},{"cost":0,"weight":536,"source":32,"target":30},{"cost":0,"weight":683,"source":13,"target":1},{"cost":0,"weight":543,"source":35,"target":1},{"cost":0,"weight":614,"source":30,"target":13},{"cost":0,"weight":454,"source":22,"target":30},{"cost":0,"weight":493,"source":8,"target":13},{"cost":0,"weight":479,"source":29,"target":12},{"cost":0,"weight":416,"source":2,"target":0},{"cost":0,"weight":838,"source":33,"target":1},{"cost":0,"weight":668,"source":36,"target":14},{"cost":0,"weight":733,"source":22,"target":11},{"cost":0,"weight":500,"source":13,"target":24},{"cost":0,"weight":769,"source":2,"target":19},{"cost":0,"weight":838,"source":19,"target":2},{"cost":0,"weight":790,"source":5,"target":12},{"cost":0,"weight":862,"source":16,"target":21},{"cost":0,"weight":783,"source":25,"target":2},{"cost":0,"weight":739,"source":39,"target":29},{"cost":0,"weight":214,"source":30,"target":1},{"cost":0,"weight":415,"source":19,"target":20},{"cost":0,"weight":649,"source":25,"target":7},{"cost":0,"weight":658,"source":6,"target":22},{"cost":0,"weight":530,"source":28,"target":14},{"cost":0,"weight":61,"source":30,"target":35},{"cost":0,"weight":762,"source":19,"target":6},{"cost":0,"weight":98,"source":4,"target":33},{"cost":0,"weight":955,"source":3,"target":33},{"cost":0,"weight":178,"source":17,"target":4},{"cost":0,"weight":179,"source":38,"target":29},{"cost":0,"weight":323,"source":38,"target":13},{"cost":0,"weight":158,"source":19,"target":26},{"cost":0,"weight":302,"source":15,"target":11},{"cost":0,"weight":982,"source":33,"target":19},{"cost":0,"weight":788,"source":18,"target":14},{"cost":0,"weight":740,"source":24,"target":1},{"cost":0,"weight":508,"source":10,"target":31},{"cost":0,"weight":575,"source":36,"target":35},{"cost":0,"weight":31,"source":11,"target":22},{"cost":0,"weight":692,"source":14,"target":34},{"cost":0,"weight":37,"source":17,"target":12},{"cost":0,"weight":193,"source":17,"target":1},{"cost":0,"weight":414,"source":26,"target":15},{"cost":0,"weight":970,"source":30,"target":33},{"cost":0,"weight":256,"source":12,"target":28},{"cost":0,"weight":238,"source":13,"target":34},{"cost":0,"weight":434,"source":12,"target":6},{"cost":0,"weight":935,"source":25,"target":6},{"cost":0,"weight":648,"source":4,"target":28},{"cost":0,"weight":73,"source":14,"target":8},{"cost":0,"weight":47,"source":24,"target":9},{"cost":0,"weight":312,"source":1,"target":10},{"cost":0,"weight":227,"source":6,"target":13},{"cost":0,"weight":979,"source":23,"target":17},{"cost":0,"weight":64,"source":12,"target":32},{"cost":0,"weight":733,"source":6,"target":16},{"cost":0,"weight":417,"source":17,"target":9},{"cost":0,"weight":439,"source":36,"target":1},{"cost":0,"weight":101,"source":18,"target":20},{"cost":0,"weight":227,"source":27,"target":15},{"cost":0,"weight":415,"source":12,"target":4},{"cost":0,"weight":540,"source":4,"target":31},{"cost":0,"weight":637,"source":6,"target":35},{"cost":0,"weight":418,"source":15,"target":38},{"cost":0,"weight":570,"source":21,"target":10},{"cost":0,"weight":42,"source":13,"target":16},{"cost":0,"weight":348,"source":35,"target":33},{"cost":0,"weight":168,"source":24,"target":35},{"cost":0,"weight":677,"source":26,"target":20},{"cost":0,"weight":206,"source":18,"target":11},{"cost":0,"weight":727,"source":24,"target":18},{"cost":0,"weight":943,"source":27,"target":6},{"cost":0,"weight":560,"source":27,"target":5},{"cost":0,"weight":498,"source":28,"target":16},{"cost":0,"weight":353,"source":25,"target":10},{"cost":0,"weight":138,"source":34,"target":7},{"cost":0,"weight":840,"source":24,"target":19},{"cost":0,"weight":591,"source":32,"target":31},{"cost":0,"weight":320,"source":12,"target":36},{"cost":0,"weight":39,"source":24,"target":31},{"cost":0,"weight":257,"source":21,"target":23},{"cost":0,"weight":529,"source":36,"target":37},{"cost":0,"weight":739,"source":20,"target":33},{"cost":0,"weight":523,"source":23,"target":9},{"cost":0,"weight":911,"source":33,"target":38},{"cost":0,"weight":453,"source":0,"target":38},{"cost":0,"weight":500,"source":21,"target":3},{"cost":0,"weight":555,"source":31,"target":21},{"cost":0,"weight":309,"source":13,"target":15},{"cost":0,"weight":655,"source":9,"target":13},{"cost":0,"weight":260,"source":5,"target":35},{"cost":0,"weight":388,"source":22,"target":24},{"cost":0,"weight":285,"source":22,"target":33},{"cost":0,"weight":57,"source":33,"target":12},{"cost":0,"weight":573,"source":22,"target":18},{"cost":0,"weight":934,"source":16,"target":35},{"cost":0,"weight":660,"source":20,"target":22},{"cost":0,"weight":606,"source":3,"target":34},{"cost":0,"weight":456,"source":35,"target":22},{"cost":0,"weight":330,"source":1,"target":18},{"cost":0,"weight":118,"source":0,"target":34},{"cost":0,"weight":605,"source":4,"target":14},{"cost":0,"weight":684,"source":26,"target":34},{"cost":0,"weight":860,"source":37,"target":9},{"cost":0,"weight":974,"source":10,"target":22},{"cost":0,"weight":267,"source":4,"target":6},{"cost":0,"weight":168,"source":2,"target":29},{"cost":0,"weight":662,"source":27,"target":30},{"cost":0,"weight":33,"source":32,"target":9},{"cost":0,"weight":81,"source":25,"target":20},{"cost":0,"weight":895,"source":14,"target":39},{"cost":0,"weight":891,"source":3,"target":25},{"cost":0,"weight":436,"source":1,"target":6},{"cost":0,"weight":813,"source":3,"target":4},{"cost":0,"weight":78,"source":21,"target":9},{"cost":0,"weight":266,"source":36,"target":20},{"cost":0,"weight":180,"source":29,"target":10}],"graph":{"S":0,"T":10},"multigraph":false}