{"directed":true,"nodes":[{"id":0},{"id":1},{"id":2},{"id":3},{"id":4},{"id":5},{"id":6},{"id":7},{"id":8},{"id":9},{"id":10},{"id":11},{"id":12},{"id":13},{"id":14},{"id":15},{"id":16},{"id":17},{"id":18},{"id":19},{"id":20},{"id":21},{"id":22},{"id":23},{"id":24},{"id":25},{"id":26},{"id":27},{"id":28},{"id":29},{"id":30},{"id":31},{"id":32},{"id":33},{"id":34},{"id":35},{"id":36},{"id":37},{"id":38},{"id":39}],"links":[{"cost":0,"weight":453,"source":21,"target":19},{"cost":0,"weight":846,"source":3,"target":16},{"cost":0,"weight":492,"source":7,"target":21},{"cost":0,"weight":360,"source":2,"target":12},{"cost":0,"weight":13,"source":12,"target":27},{"cost":0,"weight":314,"source":0,"target":15},{"cost":0,"weight":148,"source":9,"target":8},{"cost":0,"weight":507,"source":25,"target":0},{"cost":0,"weight":761,"source":8,"target":26},{"cost":0,"weight":171,"source":32,"target":12},{"cost":0,"weight":582,"source":29,"target":22},{"cost":0,"weight":423,"source":39,"target":2},{"cost":0,"weight":766,"source":25,"target":29},{"cost":0,"weight":326,"source":7,"target":1},{"cost":0,"weight":698,"source":18,"target":29},{"cost":0,"weight":757,"source":31,"target":19},{"cost":0,"weight":851,"source":13,"target":32},{"cost":0,"weight":308,"source":9,"target":34},{"cost":0,"weight":267,"source":20,"target":30},{"cost":0,"weight":248,"source":6,"target":0},{"cost":0,"weight":426,"source":31,"target":26},{"cost":0,"weight":646,"source":33,"target":22},{"cost":0,"weight":578,"source":16,"target":8},{"cost":0,"weight":446,"source":15,"target":3},{"cost":0,"weight":51,"source":22,"target":12},{"cost":0,"weight":777,"source":38,"target":8},{"cost":0,"weight":481,"source":34,"target":25},{"cost":0,"weight":175,"source":28,"target":13},{"cost":0,"weight":458,"source":7,"target":4},{"cost":0,"weight":24,"source":24,"target":21},{"cost":0,"weight":536,"source":17,"target":21},{"cost":0,"weight":921,"source":17,"target":29},{"cost":0,"weight":240,"source":17,"target":0},{"cost":0,"weight":734,"source":0,"target":24},{"cost":0,"weight":722,"source":13,"target":0},{"cost":0,"weight":418,"source":26,"target":32},{"cost":0,"weight":55,"source":15,"target":30},{"cost":0,"weight":203,"source":16,"target":32},{"cost":0,"weight":303,"source":16,"target":23},{"cost":0,"weight":22,"source":21,"target":31},{"cost":0,"weight":742,"source":33,"target":27},{"cost":0,"weight":888,"source":20,"target":38},{"cost":0,"weight":742,"source":6,"target":17},{"cost":0,"weight":337,"source":20,"target":11},{"cost":0,"weight":473,"source":16,"target":17},{"cost":0,"weight":142,"source":17,"target":14},{"cost":0,"weight":963,"source":37,"target":26},{"cost":0,"weight":123,"source":15,"target":8},{"cost":0,"weight":37,"source":5,"target":17},{"cost":0,"weight":261,"source":29,"target":36},{"cost":0,"weight":110,"source":36,"target":11},{"cost":0,"weight":347,"source":36,"target":14},{"cost":0,"weight":583,"source":15,"target":33},{"cost":0,"weight":814,"source":35,"target":0},{"cost":0,"weight":96,"source":37,"target":34},{"cost":0,"weight":456,"source":9,"target":19},{"cost":0,"weight":42,"source":30,"target":25},{"cost":0,"weight":387,"source":12,"target":0},{"cost":0,"weight":86,"source":29,"target":17},{"cost":0,"weight":131,"source":27,"target":28},{"cost":0,"weight":847,"source":2,"target":13},{"cost":0,"weight":901,"source":15,"target":14},{"cost":0,"weight":947,"source":36,"target":6},{"cost":0,"weight":609,"source":23,"target":15},{"cost":0,"weight":87,"source":5,"target":22},{"cost":0,"weight":248,"source":10,"target":22},{"cost":0,"weight":148,"source":12,"target":6},{"cost":0,"weight":932,"source":32,"target":7},{"cost":0,"weight":392,"source":33,"target":31},{"cost":0,"weight":198,"source":36,"target":19},{"cost":0,"weight":711,"source":32,"target":22},{"cost":0,"weight":753,"source":15,"target":17},{"cost":0,"weight":740,"source":31,"target":10},{"cost":0,"weight":921,"source":31,"target":30},{"cost":0,"weight":44,"source":35,"target":12},{"cost":0,"weight":249,"source":20,"target":18},{"cost":0,"weight":628,"source":4,"target":22},{"cost":0,"weight":801,"source":35,"target":37},{"cost":0,"weight":866,"source":14,"target":37},{"cost":0,"weight":191,"source":31,"target":39},{"cost":0,"weight":875,"source":3,"target":23},{"cost":0,"weight":895,"source":34,"target":10},{"cost":0,"weight":706,"source":26,"target":33},{"cost":0,"weight":463,"source":4,"target":27},{"cost":0,"weight":280,"source":36,"target":33},{"cost":0,"weight":820,"source":9,"target":6},{"cost":0,"weight":535,"source":18,"target":0},{"cost":0,"weight":413,"source":13,"target":11},{"cost":0,"weight":300,"source":22,"target":7},{"cost":0,"weight":78,"source":4,"target":5},{"cost":0,"weight":808,"source":5,"target":34},{"cost":0,"weight":272,"source":33,"target":0},{"cost":0,"weight":244,"source":22,"target":34},{"cost":0,"weight":598,"source":27,"target":2},{"cost":0,"weight":891,"source":18,"target":21},{"cost":0,"weight":768,"source":15,"target":10},{"cost":0,"weight":928,"source":6,"target":29},{"cost":0,"weight":92,"source":19,"target":20},{"cost":0,"weight":732,"source":26,"target":30},{"cost":0,"weight":580,"source":35,"target":24},{"cost":0,"weight":39,"source":4,"target":1},{"cost":0,"weight":312,"source":10,"target":21},{"cost":0,"weight":37,"source":29,"target":5},{"cost":0,"weight":360,"source":26,"target":35},{"cost":0,"weight":60,"source":10,"target":12},{"cost":0,"weight":608,"source":29,"target":10},{"cost":0,"weight":580,"source":3,"target":17},{"cost":0,"weight":95,"source":5,"target":24},{"cost":0,"weight":328,"source":15,"target":13},{"cost":0,"weight":618,"source":14,"target":6},{"cost":0,"weight":817,"source":25,"target":20},{"cost":0,"weight":202,"source":8,"target":36},{"cost":0,"weight":369,"source":18,"target":37},{"cost":0,"weight":790,"source":14,"target":33},{"cost":0,"weight":733,"source":31,"target":22},{"cost":0,"weight":558,"source":6,"target":16},{"cost":0,"weight":834,"source":0,"target":12},{"cost":0,"weight":526,"source":29,"target":11},{"cost":0,"weight":350,"source":4,"target":19},{"cost":0,"weight":803,"source":32,"target":19},{"cost":0,"weight":577,"source":13,"target":33},{"cost":0,"weight":470,"source":20,"target":36},{"cost":0,"weight":453,"source":19,"target":10},{"cost":0,"weight":231,"source":10,"target":4},{"cost":0,"weight":736,"source":21,"target":27},{"cost":0,"weight":898,"source":13,"target":29},{"cost":0,"weight":953,"source":31,"target":15},{"cost":0,"weight":422,"source":14,"target":29},{"cost":0,"weight":227,"source":19,"target":38},{"cost":0,"weight":868,"source":14,"target":18},{"cost":0,"weight":555,"source":2,"target":28},{"cost":0,"weight":942,"source":26,"target":19},{"cost":0,"weight":412,"source":1,"target":31},{"cost":0,"weight":90,"source":1,"target":8},{"cost":0,"weight":112,"source":17,"target":11},{"cost":0,"weight":566,"source":16,"target":25},{"cost":0,"weight":112,"source":33,"target":35},{"cost":0,"weight":598,"source":13,"target":16},{"cost":0,"weight":317,"source":15,"target":31},{"cost":0,"weight":366,"source":23,"target":11},{"cost":0,"weight":429,"source":9,"target":24},{"cost":0,"weight":599,"source":36,"target":39},{"cost":0,"weight":95,"source":26,"target":2},{"cost":0,"weight":809,"source":22,"target":31},{"cost":0,"weight":66,"source":12,"target":28},{"cost":0,"weight":576,"source":0,"target":3},{"cost":0,"weight":121,"source":30,"target":33},{"cost":0,"weight":487,"source":20,"target":25},{"cost":0,"weight":938,"source":9,"target":16},{"cost":0,"weight":135,"source":22,"target":13},{"cost":0,"weight":766,"source":4,"target":25},{"cost":0,"weight":83,"source":20,"target":16},{"cost":0,"weight":751,"source":10,"target":19},{"cost":0,"weight":821,"source":3,"target":15},{"cost":0,"weight":593,"source":0,"target":11},{"cost":0,"weight":874,"source":35,"target":38},{"cost":0,"weight":634,"source":13,"target":18},{"cost":0,"weight":382,"source":23,"target":30},{"cost":0,"weight":817,"source":36,"target":24},{"cost":0,"weight":902,"source":15,"target":12}],"graph":{"S":0,"T":10},"multigraph":false}