{"directed":true,"nodes":[{"id":0},{"id":1},{"id":2},{"id":3},{"id":4},{"id":5},{"id":6},{"id":7},{"id":8},{"id":9},{"id":10},{"id":11},{"id":12},{"id":13},{"id":14},{"id":15},{"id":16},{"id":17},{"id":18},{"id":19},{"id":20},{"id":21},{"id":22},{"id":23},{"id":24},{"id":25},{"id":26},{"id":27},{"id":28},{"id":29},{"id":30},{"id":31},{"id":32},{"id":33},{"id":34},{"id":35},{"id":36},{"id":37},{"id":38},{"id":39}],"links":[{"cost":0,"weight":783,"source":8,"target":6},{"cost":0,"weight":90,"source":20,"target":13},{"cost":0,"weight":242,"source":34,"target":11},{"cost":0,"weight":227,"source":14,"target":6},{"cost":0,"weight":867,"source":22,"target":14},{"cost":0,"weight":509,"source":4,"target":19},{"cost":0,"weight":856,"source":26,"target":14},{"cost":0,"weight":283,"source":3,"target":34},{"cost":0,"weight":806,"source":34,"target":14},{"cost":0,"weight":817,"source":38,"target":4},{"cost":0,"weight":304,"source":10,"target":21},{"cost":0,"weight":475,"source":15,"target":7},{"cost":0,"weight":339,"source":36,"target":1},{"cost":0,"weight":405,"source":38,"target":27},{"cost":0,"weight":714,"source":17,"target":23},{"cost":0,"weight":846,"source":2,"target":17},{"cost":0,"weight":485,"source":12,"target":25},{"cost":0,"weight":634,"source":2,"target":12},{"cost":0,"weight":155,"source":3,"target":4},{"cost":0,"weight":821,"source":6,"target":5},{"cost":0,"weight":260,"source":33,"target":21},{"cost":0,"weight":686,"source":25,"target":32},{"cost":0,"weight":768,"source":37,"target":33},{"cost":0,"weight":587,"source":22,"target":29},{"cost":0,"weight":229,"source":28,"target":8},{"cost":0,"weight":74,"source":21,"target":17},{"cost":0,"weight":547,"source":20,"target":10},{"cost":0,"weight":420,"source":3,"target":20},{"cost":0,"weight":965,"source":34,"target":25},{"cost":0,"weight":932,"source":17,"target":14},{"cost":0,"weight":271,"source":1,"target":17},{"cost":0,"weight":402,"source":5,"target":31},{"cost":0,"weight":874,"source":15,"target":13},{"cost":0,"weight":875,"source":18,"target":30},{"cost":0,"weight":523,"source":0,"target":6},{"cost":0,"weight":170,"source":25,"target":34},{"cost":0,"weight":315,"source":22,"target":23},{"cost":0,"weight":740,"source":18,"target":17},{"cost":0,"weight":161,"source":37,"target":11},{"cost":0,"weight":449,"source":10,"target":0},{"cost":0,"weight":823,"source":7,"target":0},{"cost":0,"weight":689,"source":9,"target":0},{"cost":0,"weight":819,"source":30,"target":33},{"cost":0,"weight":978,"source":12,"target":1},{"cost":0,"weight":669,"source":29,"target":22},{"cost":0,"weight":575,"source":3,"target":10},{"cost":0,"weight":173,"source":21,"target":28},{"cost":0,"weight":808,"source":5,"target":1},{"cost":0,"weight":423,"source":15,"target":32},{"cost":0,"weight":852,"source":31,"target":38},{"cost":0,"weight":291,"source":32,"target":21},{"cost":0,"weight":668,"source":13,"target":30},{"cost":0,"weight":410,"source":7,"target":6},{"cost":0,"weight":808,"source":35,"target":4},{"cost":0,"weight":37,"source":19,"target":22},{"cost":0,"weight":178,"source":25,"target":13},{"cost":0,"weight":486,"source":33,"target":25},{"cost":0,"weight":364,"source":10,"target":15},{"cost":0,"weight":503,"source":2,"target":36},{"cost":0,"weight":555,"source":20,"target":21},{"cost":0,"weight":203,"source":22,"target":32},{"cost":0,"weight":774,"source":7,"target":31},{"cost":0,"weight":522,"source":9,"target":37},{"cost":0,"weight":314,"source":0,"target":38},{"cost":0,"weight":380,"source":1,"target":7},{"cost":0,"weight":592,"source":26,"target":10},{"cost":0,"weight":223,"source":18,"target":34},{"cost":0,"weight":22,"source":31,"target":4},{"cost":0,"weight":95,"source":27,"target":20},{"cost":0,"weight":352,"source":7,"target":11},{"cost":0,"weight":426,"source":37,"target":32},{"cost":0,"weight":136,"source":32,"target":25},{"cost":0,"weight":865,"source":12,"target":8},{"cost":0,"weight":287,"source":19,"target":17},{"cost":0,"weight":403,"source":32,"target":22},{"cost":0,"weight":358,"source":13,"target":15},{"cost":0,"weight":453,"source":15,"target":3},{"cost":0,"weight":307,"source":21,"target":29},{"cost":0,"weight":655,"source":6,"target":4},{"cost":0,"weight":743,"source":8,"target":23},{"cost":0,"weight":265,"source":11,"target":21},{"cost":0,"weight":552,"source":34,"target":31},{"cost":0,"weight":603,"source":15,"target":39},{"cost":0,"weight":796,"source":19,"target":39},{"cost":0,"weight":696,"source":11,"target":27},{"cost":0,"weight":261,"source":4,"target":1},{"cost":0,"weight":899,"source":23,"target":18},{"cost":0,"weight":83,"source":12,"target":10},{"cost":0,"weight":526,"source":21,"target":27},{"cost":0,"weight":520,"source":26,"target":19},{"cost":0,"weight":659,"source":20,"target":32},{"cost":0,"weight":554,"source":13,"target":4},{"cost":0,"weight":410,"source":33,"target":5},{"cost":0,"weight":986,"source":32,"target":36},{"cost":0,"weight":611,"source":23,"target":13},{"cost":0,"weight":497,"source":1,"target":25},{"cost":0,"weight":866,"source":23,"target":3},{"cost":0,"weight":781,"source":32,"target":16},{"cost":0,"weight":677,"source":19,"target":27},{"cost":0,"weight":293,"source":13,"target":26},{"cost":0,"weight":305,"source":36,"target":11},{"cost":0,"weight":523,"source":18,"target":4},{"cost":0,"weight":28,"source":11,"target":33},{"cost":0,"weight":876,"source":31,"target":9},{"cost":0,"weight":635,"source":37,"target":18},{"cost":0,"weight":437,"source":5,"target":38},{"cost":0,"weight":426,"source":7,"target":3},{"cost":0,"weight":328,"source":2,"target":25},{"cost":0,"weight":691,"source":25,"target":8},{"cost":0,"weight":45,"source":11,"target":23},{"cost":0,"weight":26,"source":15,"target":23},{"cost":0,"weight":703,"source":32,"target":9},{"cost":0,"weight":626,"source":18,"target":8},{"cost":0,"weight":292,"source":24,"target":18},{"cost":0,"weight":27,"source":22,"target":27},{"cost":0,"weight":241,"source":22,"target":24},{"cost":0,"weight":468,"source":20,"target":6},{"cost":0,"weight":384,"source":11,"target":12},{"cost":0,"weight":737,"source":24,"target":26},{"cost":0,"weight":662,"source":27,"target":39},{"cost":0,"weight":197,"source":21,"target":1},{"cost":0,"weight":215,"source":3,"target":6},{"cost":0,"weight":366,"source":0,"target":4},{"cost":0,"weight":64,"source":35,"target":32},{"cost":0,"weight":178,"source":36,"target":9},{"cost":0,"weight":147,"source":25,"target":4},{"cost":0,"weight":406,"source":32,"target":35},{"cost":0,"weight":343,"source":0,"target":39},{"cost":0,"weight":532,"source":23,"target":17},{"cost":0,"weight":303,"source":12,"target":13},{"cost":0,"weight":551,"source":1,"target":4},{"cost":0,"weight":812,"source":28,"target":6},{"cost":0,"weight":551,"source":9,"target":17},{"cost":0,"weight":580,"source":2,"target":10},{"cost":0,"weight":225,"source":10,"target":28},{"cost":0,"weight":315,"source":19,"target":16},{"cost":0,"weight":280,"source":21,"target":19},{"cost":0,"weight":502,"source":34,"target":0},{"cost":0,"weight":272,"source":11,"target":18},{"cost":0,"weight":400,"source":29,"target":16},{"cost":0,"weight":16,"source":34,"target":2},{"cost":0,"weight":901,"source":7,"target":27},{"cost":0,"weight":976,"source":29,"target":36},{"cost":0,"weight":132,"source":32,"target":24},{"cost":0,"weight":879,"source":2,"target":11},{"cost":0,"weight":482,"source":28,"target":36},{"cost":0,"weight":25,"source":5,"target":30},{"cost":0,"weight":909,"source":32,"target":29},{"cost":0,"weight":942,"source":24,"target":5},{"cost":0,"weight":717,"source":0,"target":8},{"cost":0,"weight":993,"source":22,"target":7},{"cost":0,"weight":211,"source":38,"target":9},{"cost":0,"weight":903,"source":13,"target":21},{"cost":0,"weight":321,"source":6,"target":27},{"cost":0,"weight":95,"source":15,"target":14},{"cost":0,"weight":598,"source":39,"target":20},{"cost":0,"weight":934,"source":36,"target":19},{"cost":0,"weight":386,"source":17,"target":27},{"cost":0,"weight":938,"source":6,"target":36},{"cost":0,"weight":234,"source":35,"target":38}],"graph":{"S":0,"T":10},"multigraph":false}