{"directed":true,"nodes":[{"id":0},{"id":1},{"id":2},{"id":3},{"id":4},{"id":5},{"id":6},{"id":7},{"id":8},{"id":9},{"id":10},{"id":11},{"id":12},{"id":13},{"id":14},{"id":15},{"id":16},{"id":17},{"id":18},{"id":19},{"id":20},{"id":21},{"id":22},{"id":23},{"id":24},{"id":25},{"id":26},{"id":27},{"id":28},{"id":29},{"id":30},{"id":31},{"id":32},{"id":33},{"id":34},{"id":35},{"id":36},{"id":37},{"id":38},{"id":39}],"links":[{"cost":0,"weight":835,"source":0,"target":2},{"cost":0,"weight":560,"source":37,"target":15},{"cost":0,"weight":546,"source":18,"target":8},{"cost":0,"weight":93,"source":10,"target":36},{"cost":0,"weight":796,"source":35,"target":28},{"cost":0,"weight":546,"source":10,"target":25},{"cost":0,"weight":939,"source":25,"target":34},{"cost":0,"weight":473,"source":10,"target":26},{"cost":0,"weight":925,"source":30,"target":9},{"cost":0,"weight":412,"source":21,"target":17},{"cost":0,"weight":69,"source":21,"target":26},{"cost":0,"weight":843,"source":2,"target":18},{"cost":0,"weight":452,"source":36,"target":31},{"cost":0,"weight":482,"source":24,"target":10},{"cost":0,"weight":271,"source":29,"target":33},{"cost":0,"weight":197,"source":39,"target":13},{"cost":0,"weight":419,"source":3,"target":10},{"cost":0,"weight":366,"source":21,"target":22},{"cost":0,"weight":342,"source":29,"target":26},{"cost":0,"weight":722,"source":17,"target":1},{"cost":0,"weight":663,"source":26,"target":36},{"cost":0,"weight":333,"source":7,"target":29},{"cost":0,"weight":238,"source":34,"target":8},{"cost":0,"weight":563,"source":1,"target":29},{"cost":0,"weight":42,"source":37,"target":28},{"cost":0,"weight":81,"source":14,"target":21},{"cost":0,"weight":985,"source":34,"target":3},{"cost":0,"weight":66,"source":9,"target":26},{"cost":0,"weight":781,"source":6,"target":8},{"cost":0,"weight":690,"source":9,"target":18},{"cost":0,"weight":938,"source":39,"target":19},{"cost":0,"weight":164,"source":24,"target":3},{"cost":0,"weight":715,"source":19,"target":25},{"cost":0,"weight":241,"source":35,"target":31},{"cost":0,"weight":841,"source":10,"target":19},{"cost":0,"weight":150,"source":37,"target":5},{"cost":0,"weight":891,"source":21,"target":29},{"cost":0,"weight":213,"source":24,"target":35},{"cost":0,"weight":378,"source":17,"target":7},{"cost":0,"weight":164,"source":25,"target":31},{"cost":0,"weight":430,"source":20,"target":8},{"cost":0,"weight":112,"source":30,"target":5},{"cost":0,"weight":339,"source":19,"target":5},{"cost":0,"weight":526,"source":31,"target":3},{"cost":0,"weight":868,"source":13,"target":18},{"cost":0,"weight":472,"source":39,"target":24},{"cost":0,"weight":769,"source":0,"target":39},{"cost":0,"weight":709,"source":22,"target":20},{"cost":0,"weight":511,"source":27,"target":39},{"cost":0,"weight":343,"source":11,"target":31},{"cost":0,"weight":838,"source":26,"target":4},{"cost":0,"weight":827,"source":30,"target":34},{"cost":0,"weight":488,"source":16,"target":25},{"cost":0,"weight":987,"source":18,"target":34},{"cost":0,"weight":165,"source":8,"target":21},{"cost":0,"weight":483,"source":15,"target":1},{"cost":0,"weight":243,"source":12,"target":6},{"cost":0,"weight":798,"source":18,"target":5},{"cost":0,"weight":667,"source":32,"target":8},{"cost":0,"weight":41,"source":30,"target":26},{"cost":0,"weight":189,"source":14,"target":31},{"cost":0,"weight":298,"source":37,"target":26},{"cost":0,"weight":230,"source":18,"target":32},{"cost":0,"weight":237,"source":7,"target":13},{"cost":0,"weight":653,"source":18,"target":9},{"cost":0,"weight":325,"source":21,"target":20},{"cost":0,"weight":85,"source":20,"target":9},{"cost":0,"weight":145,"source":35,"target":30},{"cost":0,"weight":369,"source":4,"target":2},{"cost":0,"weight":329,"source":0,"target":6},{"cost":0,"weight":176,"source":0,"target":11},{"cost":0,"weight":574,"source":27,"target":20},{"cost":0,"weight":893,"source":25,"target":2},{"cost":0,"weight":572,"source":35,"target":7},{"cost":0,"weight":812,"source":8,"target":15},{"cost":0,"weight":72,"source":3,"target":12},{"cost":0,"weight":25,"source":33,"target":16},{"cost":0,"weight":754,"source":3,"target":31},{"cost":0,"weight":791,"source":11,"target":17},{"cost":0,"weight":236,"source":19,"target":35},{"cost":0,"weight":576,"source":7,"target":26},{"cost":0,"weight":175,"source":22,"target":39},{"cost":0,"weight":385,"source":39,"target":11},{"cost":0,"weight":893,"source":15,"target":6},{"cost":0,"weight":183,"source":30,"target":21},{"cost":0,"weight":900,"source":18,"target":3},{"cost":0,"weight":906,"source":35,"target":23},{"cost":0,"weight":891,"source":20,"target":6},{"cost":0,"weight":40,"source":3,"target":18},{"cost":0,"weight":520,"source":10,"target":12},{"cost":0,"weight":377,"source":17,"target":4},{"cost":0,"weight":47,"source":4,"target":28},{"cost":0,"weight":212,"source":11,"target":13},{"cost":0,"weight":458,"source":35,"target":4},{"cost":0,"weight":245,"source":35,"target":27},{"cost":0,"weight":417,"source":7,"target":25},{"cost":0,"weight":231,"source":5,"target":24},{"cost":0,"weight":703,"source":29,"target":38},{"cost":0,"weight":805,"source":13,"target":15},{"cost":0,"weight":145,"source":23,"target":6},{"cost":0,"weight":724,"source":26,"target":27},{"cost":0,"weight":620,"source":21,"target":16},{"cost":0,"weight":302,"source":15,"target":38},{"cost":0,"weight":204,"source":29,"target":6},{"cost":0,"weight":81,"source":29,"target":4},{"cost":0,"weight":258,"source":1,"target":2},{"cost":0,"weight":276,"source":17,"target":11},{"cost":0,"weight":887,"source":23,"target":27},{"cost":0,"weight":835,"source":37,"target":29},{"cost":0,"weight":931,"source":38,"target":37},{"cost":0,"weight":613,"source":32,"target":11},{"cost":0,"weight":245,"source":27,"target":13},{"cost":0,"weight":127,"source":19,"target":17},{"cost":0,"weight":569,"source":20,"target":36},{"cost":0,"weight":996,"source":37,"target":11},{"cost":0,"weight":584,"source":30,"target":17},{"cost":0,"weight":582,"source":4,"target":10},{"cost":0,"weight":483,"source":0,"target":4},{"cost":0,"weight":581,"source":26,"target":39},{"cost":0,"weight":968,"source":26,"target":16},{"cost":0,"weight":242,"source":20,"target":23},{"cost":0,"weight":904,"source":13,"target":16},{"cost":0,"weight":812,"source":24,"target":8},{"cost":0,"weight":330,"source":22,"target":8},{"cost":0,"weight":684,"source":3,"target":0},{"cost":0,"weight":650,"source":38,"target":35},{"cost":0,"weight":433,"source":36,"target":25},{"cost":0,"weight":373,"source":20,"target":32},{"cost":0,"weight":260,"source":17,"target":26},{"cost":0,"weight":483,"source":2,"target":23},{"cost":0,"weight":345,"source":35,"target":15},{"cost":0,"weight":350,"source":29,"target":12},{"cost":0,"weight":880,"source":30,"target":0},{"cost":0,"weight":883,"source":6,"target":33},{"cost":0,"weight":829,"source":4,"target":1},{"cost":0,"weight":613,"source":32,"target":7},{"cost":0,"weight":498,"source":4,"target":25},{"cost":0,"weight":656,"source":8,"target":17},{"cost":0,"weight":575,"source":36,"target":14},{"cost":0,"weight":147,"source":28,"target":31},{"cost":0,"weight":58,"source":29,"target":10},{"cost":0,"weight":112,"source":5,"target":13},{"cost":0,"weight":517,"source":15,"target":4},{"cost":0,"weight":315,"source":11,"target":1},{"cost":0,"weight":458,"source":11,"target":10},{"cost":0,"weight":319,"source":24,"target":33},{"cost":0,"weight":122,"source":20,"target":39},{"cost":0,"weight":742,"source":17,"target":9},{"cost":0,"weight":347,"source":24,"target":28},{"cost":0,"weight":999,"source":30,"target":37},{"cost":0,"weight":635,"source":22,"target":18},{"cost":0,"weight":393,"source":30,"target":16},{"cost":0,"weight":536,"source":2,"target":37},{"cost":0,"weight":213,"source":14,"target":3},{"cost":0,"weight":473,"source":16,"target":33},{"cost":0,"weight":853,"source":24,"target":19},{"cost":0,"weight":225,"source":25,"target":14},{"cost":0,"weight":15,"source":11,"target":15},{"cost":0,"weight":635,"source":10,"target":18},{"cost":0,"weight":56,"source":3,"target":8}],"graph":{"S":0,"T":10},"multigraph":false}