{"directed":true,"nodes":[{"id":0},{"id":1},{"id":2},{"id":3},{"id":4},{"id":5},{"id":6},{"id":7},{"id":8},{"id":9},{"id":10},{"id":11},{"id":12},{"id":13},{"id":14},{"id":15},{"id":16},{"id":17},{"id":18},{"id":19},{"id":20},{"id":21},{"id":22},{"id":23},{"id":24},{"id":25},{"id":26},{"id":27},{"id":28},{"id":29},{"id":30},{"id":31},{"id":32},{"id":33},{"id":34},{"id":35},{"id":36},{"id":37},{"id":38},{"id":39}],"links":[{"cost":0,"weight":966,"source":6,"target":28},{"cost":0,"weight":31,"source":36,"target":28},{"cost":0,"weight":237,"source":30,"target":16},{"cost":0,"weight":393,"source":25,"target":12},{"cost":0,"weight":701,"source":17,"target":25},{"cost":0,"weight":462,"source":1,"target":8},{"cost":0,"weight":248,"source":9,"target":2},{"cost":0,"weight":60,"source":39,"target":25},{"cost":0,"weight":614,"source":27,"target":11},{"cost":0,"weight":804,"source":14,"target":2},{"cost":0,"weight":486,"source":6,"target":7},{"cost":0,"weight":941,"source":1,"target":25},{"cost":0,"weight":35,"source":3,"target":27},{"cost":0,"weight":89,"source":7,"target":13},{"cost":0,"weight":581,"source":0,"target":22},{"cost":0,"weight":20,"source":27,"target":34},{"cost":0,"weight":312,"source":23,"target":24},{"cost":0,"weight":129,"source":2,"target":15},{"cost":0,"weight":555,"source":4,"target":0},{"cost":0,"weight":189,"source":37,"target":32},{"cost":0,"weight":780,"source":19,"target":22},{"cost":0,"weight":301,"source":22,"target":37},{"cost":0,"weight":922,"source":32,"target":17},{"cost":0,"weight":371,"source":7,"target":30},{"cost":0,"weight":986,"source":32,"target":29},{"cost":0,"weight":230,"source":13,"target":17},{"cost":0,"weight":472,"source":20,"target":37},{"cost":0,"weight":43,"source":36,"target":26},{"cost":0,"weight":656,"source":30,"target":10},{"cost":0,"weight":148,"source":21,"target":13},{"cost":0,"weight":694,"source":27,"target":5},{"cost":0,"weight":241,"source":34,"target":35},{"cost":0,"weight":717,"source":17,"target":39},{"cost":0,"weight":909,"source":27,"target":39},{"cost":0,"weight":351,"source":34,"target":18},{"cost":0,"weight":685,"source":32,"target":4},{"cost":0,"weight":236,"source":15,"target":10},{"cost":0,"weight":146,"source":22,"target":21},{"cost":0,"weight":914,"source":0,"target":30},{"cost":0,"weight":206,"source":7,"target":0},{"cost":0,"weight":871,"source":7,"target":22},{"cost":0,"weight":74,"source":10,"target":0},{"cost":0,"weight":176,"source":12,"target":24},{"cost":0,"weight":479,"source":25,"target":5},{"cost":0,"weight":474,"source":19,"target":18},{"cost":0,"weight":584,"source":17,"target":10},{"cost":0,"weight":682,"source":26,"target":38},{"cost":0,"weight":549,"source":13,"target":3},{"cost":0,"weight":487,"source":14,"target":37},{"cost":0,"weight":224,"source":3,"target":25},{"cost":0,"weight":658,"source":30,"target":17},{"cost":0,"weight":641,"source":0,"target":4},{"cost":0,"weight":79,"source":23,"target":4},{"cost":0,"weight":91,"source":39,"target":4},{"cost":0,"weight":681,"source":38,"target":6},{"cost":0,"weight":901,"source":36,"target":19},{"cost":0,"weight":702,"source":12,"target":7},{"cost":0,"weight":913,"source":31,"target":34},{"cost":0,"weight":777,"source":35,"target":18},{"cost":0,"weight":899,"source":36,"target":39},{"cost":0,"weight":84,"source":31,"target":33},{"cost":0,"weight":149,"source":24,"target":32},{"cost":0,"weight":105,"source":32,"target":3},{"cost":0,"weight":432,"source":6,"target":15},{"cost":0,"weight":975,"source":4,"target":23},{"cost":0,"weight":169,"source":15,"target":33},{"cost":0,"weight":290,"source":9,"target":27},{"cost":0,"weight":887,"source":31,"target":12},{"cost":0,"weight":830,"source":32,"target":30},{"cost":0,"weight":481,"source":20,"target":5},{"cost":0,"weight":959,"source":29,"target":14},{"cost":0,"weight":189,"source":2,"target":4},{"cost":0,"weight":652,"source":19,"target":38},{"cost":0,"weight":492,"source":26,"target":12},{"cost":0,"weight":403,"source":28,"target":8},{"cost":0,"weight":975,"source":22,"target":27},{"cost":0,"weight":57,"source":28,"target":34},{"cost":0,"weight":984,"source":34,"target":17},{"cost":0,"weight":768,"source":1,"target":17},{"cost":0,"weight":807,"source":22,"target":24},{"cost":0,"weight":285,"source":33,"target":35},{"cost":0,"weight":921,"source":17,"target":3},{"cost":0,"weight":660,"source":34,"target":33},{"cost":0,"weight":268,"source":38,"target":4},{"cost":0,"weight":744,"source":33,"target":13},{"cost":0,"weight":47,"source":29,"target":5},{"cost":0,"weight":634,"source":16,"target":22},{"cost":0,"weight":960,"source":22,"target":26},{"cost":0,"weight":614,"source":20,"target":30},{"cost":0,"weight":377,"source":3,"target":13},{"cost":0,"weight":946,"source":13,"target":35},{"cost":0,"weight":236,"source":11,"target":13},{"cost":0,"weight":118,"source":27,"target":20},{"cost":0,"weight":477,"source":28,"target":15},{"cost":0,"weight":457,"source":7,"target":28},{"cost":0,"weight":196,"source":32,"target":34},{"cost":0,"weight":906,"source":34,"target":4},{"cost":0,"weight":230,"source":13,"target":21},{"cost":0,"weight":772,"source":11,"target":32},{"cost":0,"weight":534,"source":16,"target":33},{"cost":0,"weight":643,"source":8,"target":20},{"cost":0,"weight":949,"source":15,"target":28},{"cost":0,"weight":604,"source":23,"target":8},{"cost":0,"weight":343,"source":31,"target":8},{"cost":0,"weight":336,"source":24,"target":9},{"cost":0,"weight":612,"source":6,"target":37},{"cost":0,"weight":535,"source":17,"target":20},{"cost":0,"weight":177,"source":16,"target":32},{"cost":0,"weight":53,"source":9,"target":11},{"cost":0,"weight":414,"source":29,"target":0},{"cost":0,"weight":459,"source":13,"target":19},{"cost":0,"weight":775,"source":23,"target":3},{"cost":0,"weight":918,"source":20,"target":6},{"cost":0,"weight":656,"source":18,"target":21},{"cost":0,"weight":813,"source":37,"target":33},{"cost":0,"weight":184,"source":36,"target":5},{"cost":0,"weight":533,"source":16,"target":28},{"cost":0,"weight":55,"source":37,"target":35},{"cost":0,"weight":606,"source":26,"target":33},{"cost":0,"weight":18,"source":16,"target":1},{"cost":0,"weight":735,"source":26,"target":19},{"cost":0,"weight":338,"source":30,"target":6},{"cost":0,"weight":978,"source":8,"target":5},{"cost":0,"weight":683,"source":36,"target":9},{"cost":0,"weight":593,"source":37,"target":3},{"cost":0,"weight":333,"source":11,"target":24},{"cost":0,"weight":281,"source":6,"target":17},{"cost":0,"weight":957,"source":37,"target":4},{"cost":0,"weight":600,"source":26,"target":23},{"cost":0,"weight":305,"source":15,"target":9},{"cost":0,"weight":947,"source":18,"target":39},{"cost":0,"weight":985,"source":1,"target":33},{"cost":0,"weight":270,"source":4,"target":32},{"cost":0,"weight":285,"source":22,"target":31},{"cost":0,"weight":59,"source":34,"target":9},{"cost":0,"weight":608,"source":38,"target":17},{"cost":0,"weight":348,"source":36,"target":35},{"cost":0,"weight":577,"source":28,"target":10},{"cost":0,"weight":838,"source":28,"target":23},{"cost":0,"weight":949,"source":14,"target":25},{"cost":0,"weight":710,"source":15,"target":20},{"cost":0,"weight":566,"source":20,"target":12},{"cost":0,"weight":870,"source":10,"target":16},{"cost":0,"weight":667,"source":17,"target":24},{"cost":0,"weight":94,"source":29,"target":21},{"cost":0,"weight":135,"source":23,"target":39},{"cost":0,"weight":213,"source":33,"target":6},{"cost":0,"weight":605,"source":23,"target":26},{"cost":0,"weight":605,"source":20,"target":2},{"cost":0,"weight":611,"source":14,"target":31},{"cost":0,"weight":888,"source":11,"target":17},{"cost":0,"weight":13,"source":10,"target":5},{"cost":0,"weight":139,"source":30,"target":1},{"cost":0,"weight":93,"source":9,"target":7},{"cost":0,"weight":113,"source":18,"target":37},{"cost":0,"weight":783,"source":6,"target":33},{"cost":0,"weight":823,"source":21,"target":32},{"cost":0,"weight":939,"source":4,"target":37},{"cost":0,"weight":716,"source":26,"target":18},{"cost":0,"weight":629,"source":6,"target":2}],"graph":{"S":0,"T":10},"multigraph":false}