{"directed":true,"nodes":[{"id":0},{"id":1},{"id":2},{"id":3},{"id":4},{"id":5},{"id":6},{"id":7},{"id":8},{"id":9},{"id":10},{"id":11},{"id":12},{"id":13},{"id":14},{"id":15},{"id":16},{"id":17},{"id":18},{"id":19},{"id":20},{"id":21},{"id":22},{"id":23},{"id":24},{"id":25},{"id":26},{"id":27},{"id":28},{"id":29},{"id":30},{"id":31},{"id":32},{"id":33},{"id":34},{"id":35},{"id":36},{"id":37},{"id":38},{"id":39}],"links":[{"cost":0,"weight":751,"source":20,"target":21},{"cost":0,"weight":247,"source":35,"target":2},{"cost":0,"weight":855,"source":22,"target":20},{"cost":0,"weight":619,"source":21,"target":22},{"cost":0,"weight":301,"source":25,"target":13},{"cost":0,"weight":94,"source":15,"target":5},{"cost":0,"weight":108,"source":10,"target":17},{"cost":0,"weight":330,"source":2,"target":12},{"cost":0,"weight":359,"source":18,"target":17},{"cost":0,"weight":663,"source":18,"target":32},{"cost":0,"weight":219,"source":15,"target":28},{"cost":0,"weight":799,"source":7,"target":19},{"cost":0,"weight":387,"source":22,"target":3},{"cost":0,"weight":439,"source":12,"target":15},{"cost":0,"weight":800,"source":33,"target":29},{"cost":0,"weight":651,"source":11,"target":14},{"cost":0,"weight":724,"source":34,"target":22},{"cost":0,"weight":934,"source":19,"target":23},{"cost":0,"weight":361,"source":36,"target":34},{"cost":0,"weight":733,"source":24,"target":37},{"cost":0,"weight":742,"source":10,"target":32},{"cost":0,"weight":192,"source":30,"target":1},{"cost":0,"weight":174,"source":16,"target":17},{"cost":0,"weight":869,"source":33,"target":8},{"cost":0,"weight":29,"source":18,"target":16},{"cost":0,"weight":909,"source":11,"target":16},{"cost":0,"weight":493,"source":36,"target":19},{"cost":0,"weight":216,"source":35,"target":28},{"cost":0,"weight":742,"source":30,"target":0},{"cost":0,"weight":382,"source":14,"target":22},{"cost":0,"weight":742,"source":4,"target":27},{"cost":0,"weight":138,"source":21,"target":12},{"cost":0,"weight":873,"source":0,"target":27},{"cost":0,"weight":334,"source":3,"target":11},{"cost":0,"weight":544,"source":12,"target":37},{"cost":0,"weight":880,"source":17,"target":0},{"cost":0,"weight":125,"source":8,"target":15},{"cost":0,"weight":657,"source":16,"target":38},{"cost":0,"weight":561,"source":4,"target":23},{"cost":0,"weight":70,"source":35,"target":9},{"cost":0,"weight":810,"source":19,"target":4},{"cost":0,"weight":210,"source":30,"target":25},{"cost":0,"weight":293,"source":4,"target":2},{"cost":0,"weight":252,"source":6,"target":18},{"cost":0,"weight":152,"source":22,"target":35},{"cost":0,"weight":696,"source":39,"target":16},{"cost":0,"weight":106,"source":7,"target":17},{"cost":0,"weight":220,"source":4,"target":32},{"cost":0,"weight":403,"source":9,"target":24},{"cost":0,"weight":861,"source":7,"target":10},{"cost":0,"weight":192,"source":37,"target":3},{"cost":0,"weight":256,"source":22,"target":32},{"cost":0,"weight":426,"source":20,"target":30},{"cost":0,"weight":711,"source":27,"target":6},{"cost":0,"weight":731,"source":27,"target":26},{"cost":0,"weight":30,"source":16,"target":3},{"cost":0,"weight":217,"source":31,"target":23},{"cost":0,"weight":847,"source":3,"target":27},{"cost":0,"weight":402,"source":30,"target":18},{"cost":0,"weight":774,"source":39,"target":18},{"cost":0,"weight":519,"source":2,"target":0},{"cost":0,"weight":659,"source":38,"target":26},{"cost":0,"weight":616,"source":28,"target":7},{"cost":0,"weight":864,"source":25,"target":24},{"cost":0,"weight":448,"source":16,"target":15},{"cost":0,"weight":356,"source":6,"target":9},{"cost":0,"weight":348,"source":24,"target":6},{"cost":0,"weight":418,"source":3,"target":15},{"cost":0,"weight":725,"source":8,"target":10},{"cost":0,"weight":287,"source":15,"target":32},{"cost":0,"weight":716,"source":1,"target":7},{"cost":0,"weight":427,"source":23,"target":26},{"cost":0,"weight":592,"source":13,"target":32},{"cost":0,"weight":331,"source":38,"target":0},{"cost":0,"weight":83,"source":23,"target":34},{"cost":0,"weight":604,"source":0,"target":5},{"cost":0,"weight":551,"source":36,"target":10},{"cost":0,"weight":875,"source":15,"target":26},{"cost":0,"weight":376,"source":37,"target":8},{"cost":0,"weight":491,"source":8,"target":32},{"cost":0,"weight":773,"source":34,"target":13},{"cost":0,"weight":745,"source":11,"target":12},{"cost":0,"weight":510,"source":32,"target":8},{"cost":0,"weight":633,"source":34,"target":7},{"cost":0,"weight":585,"source":20,"target":6},{"cost":0,"weight":766,"source":8,"target":11},{"cost":0,"weight":735,"source":18,"target":20},{"cost":0,"weight":325,"source":25,"target":8},{"cost":0,"weight":799,"source":16,"target":33},{"cost":0,"weight":525,"source":39,"target":20},{"cost":0,"weight":695,"source":4,"target":31},{"cost":0,"weight":345,"source":22,"target":38},{"cost":0,"weight":764,"source":22,"target":16},{"cost":0,"weight":188,"source":5,"target":19},{"cost":0,"weight":585,"source":35,"target":12},{"cost":0,"weight":153,"source":25,"target":34},{"cost":0,"weight":563,"source":8,"target":18},{"cost":0,"weight":637,"source":39,"target":3},{"cost":0,"weight":508,"source":7,"target":11},{"cost":0,"weight":860,"source":33,"target":27},{"cost":0,"weight":407,"source":8,"target":17},{"cost":0,"weight":660,"source":16,"target":37},{"cost":0,"weight":613,"source":20,"target":13},{"cost":0,"weight":213,"source":8,"target":0},{"cost":0,"weight":809,"source":25,"target":15},{"cost":0,"weight":530,"source":17,"target":2},{"cost":0,"weight":670,"source":8,"target":6},{"cost":0,"weight":329,"source":27,"target":37},{"cost":0,"weight":984,"source":38,"target":39},{"cost":0,"weight":476,"source":15,"target":18},{"cost":0,"weight":436,"source":4,"target":36},{"cost":0,"weight":605,"source":22,"target":37},{"cost":0,"weight":13,"source":21,"target":27},{"cost":0,"weight":761,"source":33,"target":0},{"cost":0,"weight":330,"source":11,"target":32},{"cost":0,"weight":570,"source":35,"target":18},{"cost":0,"weight":290,"source":39,"target":13},{"cost":0,"weight":539,"source":23,"target":8},{"cost":0,"weight":557,"source":35,"target":29},{"cost":0,"weight":315,"source":25,"target":27},{"cost":0,"weight":646,"source":36,"target":18},{"cost":0,"weight":335,"source":27,"target":16},{"cost":0,"weight":641,"source":16,"target":6},{"cost":0,"weight":905,"source":29,"target":27},{"cost":0,"weight":473,"source":5,"target":33},{"cost":0,"weight":397,"source":30,"target":13},{"cost":0,"weight":644,"source":33,"target":11},{"cost":0,"weight":253,"source":10,"target":9},{"cost":0,"weight":170,"source":23,"target":22},{"cost":0,"weight":951,"source":14,"target":17},{"cost":0,"weight":123,"source":25,"target":17},{"cost":0,"weight":303,"source":10,"target":2},{"cost":0,"weight":440,"source":26,"target":21},{"cost":0,"weight":440,"source":9,"target":20},{"cost":0,"weight":933,"source":39,"target":33},{"cost":0,"weight":11,"source":19,"target":9},{"cost":0,"weight":430,"source":16,"target":7},{"cost":0,"weight":689,"source":23,"target":31},{"cost":0,"weight":836,"source":35,"target":26},{"cost":0,"weight":923,"source":8,"target":35},{"cost":0,"weight":488,"source":4,"target":39},{"cost":0,"weight":328,"source":9,"target":11},{"cost":0,"weight":578,"source":19,"target":11},{"cost":0,"weight":571,"source":18,"target":21},{"cost":0,"weight":118,"source":21,"target":9},{"cost":0,"weight":685,"source":36,"target":26},{"cost":0,"weight":702,"source":30,"target":29},{"cost":0,"weight":49,"source":37,"target":13},{"cost":0,"weight":517,"source":14,"target":13},{"cost":0,"weight":39,"source":29,"target":0},{"cost":0,"weight":915,"source":0,"target":8},{"cost":0,"weight":857,"source":22,"target":26},{"cost":0,"weight":563,"source":18,"target":34},{"cost":0,"weight":876,"source":31,"target":24},{"cost":0,"weight":125,"source":32,"target":13},{"cost":0,"weight":550,"source":36,"target":14},{"cost":0,"weight":683,"source":26,"target":10},{"cost":0,"weight":707,"source":15,"target":37},{"cost":0,"weight":609,"source":19,"target":24},{"cost":0,"weight":957,"source":16,"target":10}],"graph":{"S":0,"T":10},"multigraph":false}