{"directed":true,"nodes":[{"id":0},{"id":1},{"id":2},{"id":3},{"id":4},{"id":5},{"id":6},{"id":7},{"id":8},{"id":9},{"id":10},{"id":11},{"id":12},{"id":13},{"id":14},{"id":15},{"id":16},{"id":17},{"id":18},{"id":19},{"id":20},{"id":21},{"id":22},{"id":23},{"id":24},{"id":25},{"id":26},{"id":27},{"id":28},{"id":29},{"id":30},{"id":31},{"id":32},{"id":33},{"id":34},{"id":35},{"id":36},{"id":37},{"id":38},{"id":39}],"links":[{"cost":0,"weight":412,"source":24,"target":35},{"cost":0,"weight":433,"source":36,"target":27},{"cost":0,"weight":355,"source":14,"target":29},{"cost":0,"weight":261,"source":19,"target":13},{"cost":0,"weight":213,"source":6,"target":7},{"cost":0,"weight":46,"source":0,"target":25},{"cost":0,"weight":312,"source":6,"target":39},{"cost":0,"weight":779,"source":14,"target":3},{"cost":0,"weight":918,"source":0,"target":5},{"cost":0,"weight":408,"source":7,"target":24},{"cost":0,"weight":472,"source":35,"target":2},{"cost":0,"weight":302,"source":16,"target":25},{"cost":0,"weight":357,"source":13,"target":20},{"cost":0,"weight":390,"source":31,"target":19},{"cost":0,"weight":730,"source":36,"target":31},{"cost":0,"weight":73,"source":29,"target":4},{"cost":0,"weight":539,"source":28,"target":25},{"cost":0,"weight":762,"source":5,"target":3},{"cost":0,"weight":707,"source":26,"target":33},{"cost":0,"weight":31,"source":39,"target":5},{"cost":0,"weight":671,"source":3,"target":0},{"cost":0,"weight":37,"source":1,"target":24},{"cost":0,"weight":380,"source":32,"target":5},{"cost":0,"weight":527,"source":19,"target":4},{"cost":0,"weight":65,"source":35,"target":15},{"cost":0,"weight":801,"source":37,"target":9},{"cost":0,"weight":296,"source":28,"target":10},{"cost":0,"weight":596,"source":30,"target":26},{"cost":0,"weight":909,"source":18,"target":35},{"cost":0,"weight":957,"source":13,"target":16},{"cost":0,"weight":559,"source":29,"target":18},{"cost":0,"weight":825,"source":0,"target":21},{"cost":0,"weight":458,"source":5,"target":14},{"cost":0,"weight":935,"source":27,"target":7},{"cost":0,"weight":357,"source":28,"target":21},{"cost":0,"weight":342,"source":10,"target":32},{"cost":0,"weight":28,"source":2,"target":14},{"cost":0,"weight":261,"source":17,"target":29},{"cost":0,"weight":992,"source":17,"target":27},{"cost":0,"weight":591,"source":23,"target":34},{"cost":0,"weight":320,"source":6,"target":35},{"cost":0,"weight":262,"source":8,"target":23},{"cost":0,"weight":202,"source":11,"target":13},{"cost":0,"weight":734,"source":13,"target":28},{"cost":0,"weight":996,"source":39,"target":25},{"cost":0,"weight":786,"source":31,"target":1},{"cost":0,"weight":670,"source":16,"target":12},{"cost":0,"weight":338,"source":6,"target":23},{"cost":0,"weight":777,"source":29,"target":35},{"cost":0,"weight":484,"source":37,"target":35},{"cost":0,"weight":169,"source":18,"target":34},{"cost":0,"weight":922,"source":35,"target":24},{"cost":0,"weight":403,"source":5,"target":23},{"cost":0,"weight":741,"source":21,"target":8},{"cost":0,"weight":550,"source":29,"target":15},{"cost":0,"weight":26,"source":22,"target":39},{"cost":0,"weight":248,"source":10,"target":20},{"cost":0,"weight":824,"source":32,"target":36},{"cost":0,"weight":91,"source":23,"target":19},{"cost":0,"weight":173,"source":36,"target":4},{"cost":0,"weight":62,"source":28,"target":6},{"cost":0,"weight":321,"source":30,"target":13},{"cost":0,"weight":716,"source":32,"target":2},{"cost":0,"weight":679,"source":28,"target":20},{"cost":0,"weight":151,"source":20,"target":7},{"cost":0,"weight":381,"source":21,"target":27},{"cost":0,"weight":623,"source":35,"target":7},{"cost":0,"weight":836,"source":6,"target":11},{"cost":0,"weight":14,"source":13,"target":5},{"cost":0,"weight":727,"source":32,"target":33},{"cost":0,"weight":40,"source":3,"target":36},{"cost":0,"weight":313,"source":21,"target":16},{"cost":0,"weight":724,"source":20,"target":1},{"cost":0,"weight":554,"source":33,"target":12},{"cost":0,"weight":781,"source":14,"target":22},{"cost":0,"weight":59,"source":5,"target":38},{"cost":0,"weight":487,"source":17,"target":3},{"cost":0,"weight":194,"source":6,"target":17},{"cost":0,"weight":779,"source":5,"target":35},{"cost":0,"weight":520,"source":28,"target":15},{"cost":0,"weight":737,"source":19,"target":24},{"cost":0,"weight":746,"source":31,"target":16},{"cost":0,"weight":385,"source":9,"target":36},{"cost":0,"weight":729,"source":36,"target":1},{"cost":0,"weight":810,"source":39,"target":30},{"cost":0,"weight":253,"source":21,"target":5},{"cost":0,"weight":946,"source":23,"target":13},{"cost":0,"weight":23,"source":39,"target":35},{"cost":0,"weight":546,"source":2,"target":4},{"cost":0,"weight":540,"source":5,"target":19},{"cost":0,"weight":703,"source":36,"target":10},{"cost":0,"weight":306,"source":2,"target":30},{"cost":0,"weight":736,"source":9,"target":37},{"cost":0,"weight":195,"source":3,"target":1},{"cost":0,"weight":29,"source":10,"target":18},{"cost":0,"weight":347,"source":10,"target":13},{"cost":0,"weight":126,"source":0,"target":3},{"cost":0,"weight":229,"source":31,"target":39},{"cost":0,"weight":602,"source":9,"target":29},{"cost":0,"weight":454,"source":25,"target":23},{"cost":0,"weight":149,"source":15,"target":13},{"cost":0,"weight":593,"source":10,"target":7},{"cost":0,"weight":494,"source":1,"target":26},{"cost":0,"weight":214,"source":14,"target":11},{"cost":0,"weight":617,"source":1,"target":30},{"cost":0,"weight":745,"source":22,"target":20},{"cost":0,"weight":26,"source":31,"target":23},{"cost":0,"weight":929,"source":34,"target":38},{"cost":0,"weight":576,"source":9,"target":34},{"cost":0,"weight":403,"source":17,"target":2},{"cost":0,"weight":110,"source":21,"target":35},{"cost":0,"weight":409,"source":25,"target":19},{"cost":0,"weight":452,"source":30,"target":38},{"cost":0,"weight":148,"source":24,"target":17},{"cost":0,"weight":384,"source":9,"target":6},{"cost":0,"weight":551,"source":26,"target":6},{"cost":0,"weight":968,"source":30,"target":18},{"cost":0,"weight":411,"source":5,"target":9},{"cost":0,"weight":930,"source":25,"target":32},{"cost":0,"weight":699,"source":7,"target":16},{"cost":0,"weight":110,"source":1,"target":15},{"cost":0,"weight":451,"source":6,"target":4},{"cost":0,"weight":350,"source":12,"target":15},{"cost":0,"weight":748,"source":29,"target":28},{"cost":0,"weight":483,"source":14,"target":2},{"cost":0,"weight":253,"source":23,"target":12},{"cost":0,"weight":273,"source":16,"target":32},{"cost":0,"weight":177,"source":12,"target":10},{"cost":0,"weight":930,"source":25,"target":30},{"cost":0,"weight":488,"source":9,"target":30},{"cost":0,"weight":338,"source":10,"target":37},{"cost":0,"weight":635,"source":27,"target":31},{"cost":0,"weight":388,"source":3,"target":2},{"cost":0,"weight":753,"source":18,"target":13},{"cost":0,"weight":846,"source":10,"target":26},{"cost":0,"weight":960,"source":0,"target":4},{"cost":0,"weight":726,"source":34,"target":31},{"cost":0,"weight":975,"source":12,"target":17},{"cost":0,"weight":154,"source":33,"target":18},{"cost":0,"weight":299,"source":10,"target":27},{"cost":0,"weight":605,"source":39,"target":22},{"cost":0,"weight":52,"source":22,"target":8},{"cost":0,"weight":649,"source":10,"target":39},{"cost":0,"weight":726,"source":11,"target":19},{"cost":0,"weight":425,"source":39,"target":9},{"cost":0,"weight":696,"source":36,"target":21},{"cost":0,"weight":875,"source":35,"target":34},{"cost":0,"weight":257,"source":6,"target":26},{"cost":0,"weight":369,"source":23,"target":37},{"cost":0,"weight":715,"source":18,"target":15},{"cost":0,"weight":238,"source":26,"target":4},{"cost":0,"weight":978,"source":33,"target":6},{"cost":0,"weight":791,"source":16,"target":17},{"cost":0,"weight":764,"source":9,"target":17},{"cost":0,"weight":583,"source":26,"target":31},{"cost":0,"weight":638,"source":12,"target":22},{"cost":0,"weight":903,"source":12,"target":6},{"cost":0,"weight":995,"source":2,"target":31},{"cost":0,"weight":163,"source":15,"target":6},{"cost":0,"weight":498,"source":12,"target":39}],"graph":{"S":0,"T":10},"multigraph":false}