{"directed":true,"nodes":[{"id":0},{"id":1},{"id":2},{"id":3},{"id":4},{"id":5},{"id":6},{"id":7},{"id":8},{"id":9},{"id":10},{"id":11},{"id":12},{"id":13},{"id":14},{"id":15},{"id":16},{"id":17},{"id":18},{"id":19},{"id":20},{"id":21},{"id":22},{"id":23},{"id":24},{"id":25},{"id":26},{"id":27},{"id":28},{"id":29},{"id":30},{"id":31},{"id":32},{"id":33},{"id":34},{"id":35},{"id":36},{"id":37},{"id":38},{"id":39}],"links":[{"cost":0,"weight":748,"source":34,"target":0},{"cost":0,"weight":559,"source":21,"target":14},{"cost":0,"weight":879,"source":36,"target":11},{"cost":0,"weight":169,"source":19,"target":28},{"cost":0,"weight":862,"source":14,"target":35},{"cost":0,"weight":507,"source":29,"target":31},{"cost":0,"weight":671,"source":4,"target":3},{"cost":0,"weight":775,"source":24,"target":8},{"cost":0,"weight":864,"source":23,"target":31},{"cost":0,"weight":868,"source":36,"target":12},{"cost":0,"weight":859,"source":22,"target":32},{"cost":0,"weight":986,"source":22,"target":38},{"cost":0,"weight":345,"source":27,"target":28},{"cost":0,"weight":35,"source":31,"target":9},{"cost":0,"weight":218,"source":24,"target":29},{"cost":0,"weight":415,"source":17,"target":8},{"cost":0,"weight":380,"source":7,"target":4},{"cost":0,"weight":437,"source":9,"target":21},{"cost":0,"weight":918,"source":33,"target":18},{"cost":0,"weight":120,"source":7,"target":18},{"cost":0,"weight":456,"source":14,"target":11},{"cost":0,"weight":396,"source":35,"target":39},{"cost":0,"weight":870,"source":19,"target":39},{"cost":0,"weight":945,"source":11,"target":16},{"cost":0,"weight":683,"source":26,"target":30},{"cost":0,"weight":950,"source":31,"target":10},{"cost":0,"weight":718,"source":19,"target":8},{"cost":0,"weight":716,"source":5,"target":3},{"cost":0,"weight":899,"source":24,"target":22},{"cost":0,"weight":516,"source":15,"target":35},{"cost":0,"weight":188,"source":39,"target":16},{"cost":0,"weight":160,"source":34,"target":10},{"cost":0,"weight":254,"source":16,"target":28},{"cost":0,"weight":402,"source":10,"target":0},{"cost":0,"weight":203,"source":22,"target":15},{"cost":0,"weight":794,"source":26,"target":19},{"cost":0,"weight":984,"source":27,"target":4},{"cost":0,"weight":919,"source":23,"target":0},{"cost":0,"weight":272,"source":27,"target":15},{"cost":0,"weight":104,"source":4,"target":33},{"cost":0,"weight":354,"source":11,"target":36},{"cost":0,"weight":829,"source":32,"target":23},{"cost":0,"weight":589,"source":26,"target":16},{"cost":0,"weight":825,"source":19,"target":36},{"cost":0,"weight":964,"source":13,"target":3},{"cost":0,"weight":218,"source":32,"target":24},{"cost":0,"weight":670,"source":36,"target":39},{"cost":0,"weight":569,"source":9,"target":12},{"cost":0,"weight":737,"source":21,"target":27},{"cost":0,"weight":781,"source":37,"target":18},{"cost":0,"weight":121,"source":32,"target":18},{"cost":0,"weight":528,"source":17,"target":38},{"cost":0,"weight":790,"source":39,"target":21},{"cost":0,"weight":854,"source":37,"target":35},{"cost":0,"weight":983,"source":5,"target":38},{"cost":0,"weight":510,"source":8,"target":21},{"cost":0,"weight":827,"source":37,"target":7},{"cost":0,"weight":614,"source":5,"target":23},{"cost":0,"weight":26,"source":37,"target":21},{"cost":0,"weight":231,"source":3,"target":27},{"cost":0,"weight":812,"source":2,"target":0},{"cost":0,"weight":173,"source":30,"target":8},{"cost":0,"weight":388,"source":36,"target":10},{"cost":0,"weight":384,"source":26,"target":7},{"cost":0,"weight":496,"source":22,"target":29},{"cost":0,"weight":470,"source":35,"target":26},{"cost":0,"weight":53,"source":2,"target":6},{"cost":0,"weight":934,"source":39,"target":8},{"cost":0,"weight":42,"source":33,"target":2},{"cost":0,"weight":532,"source":29,"target":33},{"cost":0,"weight":136,"source":16,"target":3},{"cost":0,"weight":982,"source":7,"target":27},{"cost":0,"weight":777,"source":38,"target":23},{"cost":0,"weight":360,"source":35,"target":23},{"cost":0,"weight":731,"source":26,"target":5},{"cost":0,"weight":923,"source":8,"target":11},{"cost":0,"weight":59,"source":17,"target":36},{"cost":0,"weight":368,"source":19,"target":5},{"cost":0,"weight":863,"source":13,"target":26},{"cost":0,"weight":192,"source":32,"target":8},{"cost":0,"weight":262,"source":33,"target":6},{"cost":0,"weight":352,"source":6,"target":38},{"cost":0,"weight":218,"source":16,"target":35},{"cost":0,"weight":483,"source":14,"target":2},{"cost":0,"weight":451,"source":7,"target":33},{"cost":0,"weight":333,"source":29,"target":37},{"cost":0,"weight":111,"source":4,"target":6},{"cost":0,"weight":383,"source":27,"target":20},{"cost":0,"weight":742,"source":4,"target":29},{"cost":0,"weight":224,"source":37,"target":38},{"cost":0,"weight":446,"source":27,"target":37},{"cost":0,"weight":786,"source":26,"target":23},{"cost":0,"weight":147,"source":31,"target":25},{"cost":0,"weight":389,"source":9,"target":19},{"cost":0,"weight":63,"source":14,"target":28},{"cost":0,"weight":206,"source":13,"target":18},{"cost":0,"weight":248,"source":9,"target":34},{"cost":0,"weight":15,"source":23,"target":39},{"cost":0,"weight":641,"source":28,"target":25},{"cost":0,"weight":736,"source":6,"target":0},{"cost":0,"weight":928,"source":7,"target":28},{"cost":0,"weight":223,"source":36,"target":31},{"cost":0,"weight":100,"source":4,"target":7},{"cost":0,"weight":80,"source":24,"target":18},{"cost":0,"weight":187,"source":27,"target":14},{"cost":0,"weight":725,"source":25,"target":4},{"cost":0,"weight":958,"source":2,"target":12},{"cost":0,"weight":851,"source":30,"target":15},{"cost":0,"weight":970,"source":3,"target":38},{"cost":0,"weight":208,"source":3,"target":31},{"cost":0,"weight":702,"source":39,"target":30},{"cost":0,"weight":60,"source":13,"target":33},{"cost":0,"weight":313,"source":4,"target":16},{"cost":0,"weight":193,"source":31,"target":18},{"cost":0,"weight":254,"source":6,"target":32},{"cost":0,"weight":93,"source":0,"target":33},{"cost":0,"weight":888,"source":34,"target":21},{"cost":0,"weight":494,"source":23,"target":27},{"cost":0,"weight":192,"source":28,"target":21},{"cost":0,"weight":52,"source":5,"target":21},{"cost":0,"weight":315,"source":26,"target":4},{"cost":0,"weight":864,"source":12,"target":27},{"cost":0,"weight":869,"source":31,"target":32},{"cost":0,"weight":262,"source":11,"target":10},{"cost":0,"weight":820,"source":16,"target":30},{"cost":0,"weight":923,"source":20,"target":0},{"cost":0,"weight":612,"source":13,"target":17},{"cost":0,"weight":473,"source":39,"target":6},{"cost":0,"weight":212,"source":8,"target":29},{"cost":0,"weight":560,"source":13,"target":7},{"cost":0,"weight":226,"source":20,"target":36},{"cost":0,"weight":945,"source":18,"target":39},{"cost":0,"weight":847,"source":27,"target":16},{"cost":0,"weight":467,"source":9,"target":38},{"cost":0,"weight":556,"source":4,"target":17},{"cost":0,"weight":231,"source":3,"target":25},{"cost":0,"weight":313,"source":10,"target":36},{"cost":0,"weight":601,"source":38,"target":22},{"cost":0,"weight":115,"source":32,"target":9},{"cost":0,"weight":56,"source":18,"target":26},{"cost":0,"weight":16,"source":33,"target":15},{"cost":0,"weight":46,"source":39,"target":10},{"cost":0,"weight":310,"source":34,"target":18},{"cost":0,"weight":755,"source":4,"target":0},{"cost":0,"weight":167,"source":22,"target":20},{"cost":0,"weight":438,"source":15,"target":24},{"cost":0,"weight":206,"source":10,"target":1},{"cost":0,"weight":988,"source":11,"target":20},{"cost":0,"weight":845,"source":1,"target":9},{"cost":0,"weight":391,"source":29,"target":23},{"cost":0,"weight":314,"source":27,"target":30},{"cost":0,"weight":319,"source":23,"target":34},{"cost":0,"weight":941,"source":24,"target":38},{"cost":0,"weight":621,"source":16,"target":33},{"cost":0,"weight":295,"source":37,"target":19},{"cost":0,"weight":104,"source":29,"target":19},{"cost":0,"weight":476,"source":15,"target":22},{"cost":0,"weight":844,"source":7,"target":21},{"cost":0,"weight":992,"source":34,"target":11},{"cost":0,"weight":466,"source":38,"target":3}],"graph":{"S":0,"T":10},"multigraph":false}