{"directed":true,"nodes":[{"id":0},{"id":1},{"id":2},{"id":3},{"id":4},{"id":5},{"id":6},{"id":7},{"id":8},{"id":9},{"id":10},{"id":11},{"id":12},{"id":13},{"id":14},{"id":15},{"id":16},{"id":17},{"id":18},{"id":19},{"id":20},{"id":21},{"id":22},{"id":23},{"id":24},{"id":25},{"id":26},{"id":27},{"id":28},{"id":29},{"id":30},{"id":31},{"id":32},{"id":33},{"id":34},{"id":35},{"id":36},{"id":37},{"id":38},{"id":39}],"links":[{"cost":0,"weight":17,"source":26,"target":36},{"cost":0,"weight":191,"source":14,"target":25},{"cost":0,"weight":814,"source":8,"target":13},{"cost":0,"weight":359,"source":24,"target":6},{"cost":0,"weight":260,"source":9,"target":4},{"cost":0,"weight":901,"source":24,"target":20},{"cost":0,"weight":297,"source":0,"target":18},{"cost":0,"weight":307,"source":30,"target":12},{"cost":0,"weight":191,"source":24,"target":34},{"cost":0,"weight":949,"source":25,"target":32},{"cost":0,"weight":254,"source":19,"target":14},{"cost":0,"weight":91,"source":13,"target":34},{"cost":0,"weight":575,"source":39,"target":14},{"cost":0,"weight":546,"source":20,"target":19},{"cost":0,"weight":958,"source":2,"target":7},{"cost":0,"weight":11,"source":9,"target":20},{"cost":0,"weight":204,"source":39,"target":36},{"cost":0,"weight":261,"source":13,"target":26},{"cost":0,"weight":717,"source":9,"target":12},{"cost":0,"weight":178,"source":32,"target":2},{"cost":0,"weight":757,"source":36,"target":23},{"cost":0,"weight":841,"source":17,"target":25},{"cost":0,"weight":758,"source":3,"target":22},{"cost":0,"weight":70,"source":1,"target":30},{"cost":0,"weight":616,"source":35,"target":6},{"cost":0,"weight":906,"source":33,"target":7},{"cost":0,"weight":338,"source":23,"target":17},{"cost":0,"weight":164,"source":12,"target":21},{"cost":0,"weight":784,"source":21,"target":9},{"cost":0,"weight":276,"source":14,"target":21},{"cost":0,"weight":640,"source":5,"target":9},{"cost":0,"weight":178,"source":28,"target":3},{"cost":0,"weight":948,"source":2,"target":19},{"cost":0,"weight":901,"source":14,"target":29},{"cost":0,"weight":685,"source":25,"target":39},{"cost":0,"weight":442,"source":39,"target":33},{"cost":0,"weight":316,"source":21,"target":28},{"cost":0,"weight":14,"source":23,"target":12},{"cost":0,"weight":492,"source":12,"target":17},{"cost":0,"weight":870,"source":24,"target":35},{"cost":0,"weight":154,"source":13,"target":18},{"cost":0,"weight":484,"source":28,"target":26},{"cost":0,"weight":168,"source":3,"target":37},{"cost":0,"weight":82,"source":5,"target":18},{"cost":0,"weight":85,"source":35,"target":32},{"cost":0,"weight":811,"source":8,"target":5},{"cost":0,"weight":298,"source":17,"target":19},{"cost":0,"weight":429,"source":37,"target":36},{"cost":0,"weight":909,"source":5,"target":28},{"cost":0,"weight":988,"source":32,"target":24},{"cost":0,"weight":674,"source":37,"target":21},{"cost":0,"weight":665,"source":9,"target":33},{"cost":0,"weight":670,"source":23,"target":24},{"cost":0,"weight":156,"source":19,"target":31},{"cost":0,"weight":161,"source":25,"target":29},{"cost":0,"weight":278,"source":33,"target":11},{"cost":0,"weight":169,"source":0,"target":15},{"cost":0,"weight":749,"source":8,"target":23},{"cost":0,"weight":156,"source":20,"target":27},{"cost":0,"weight":917,"source":23,"target":35},{"cost":0,"weight":303,"source":23,"target":38},{"cost":0,"weight":156,"source":27,"target":13},{"cost":0,"weight":550,"source":14,"target":19},{"cost":0,"weight":221,"source":23,"target":20},{"cost":0,"weight":54,"source":24,"target":38},{"cost":0,"weight":761,"source":25,"target":17},{"cost":0,"weight":20,"source":4,"target":39},{"cost":0,"weight":761,"source":32,"target":19},{"cost":0,"weight":337,"source":0,"target":22},{"cost":0,"weight":275,"source":1,"target":29},{"cost":0,"weight":264,"source":28,"target":39},{"cost":0,"weight":912,"source":1,"target":38},{"cost":0,"weight":354,"source":12,"target":2},{"cost":0,"weight":397,"source":21,"target":13},{"cost":0,"weight":223,"source":20,"target":3},{"cost":0,"weight":848,"source":13,"target":31},{"cost":0,"weight":772,"source":38,"target":33},{"cost":0,"weight":146,"source":15,"target":7},{"cost":0,"weight":819,"source":15,"target":4},{"cost":0,"weight":263,"source":7,"target":16},{"cost":0,"weight":179,"source":7,"target":32},{"cost":0,"weight":714,"source":36,"target":18},{"cost":0,"weight":917,"source":39,"target":1},{"cost":0,"weight":253,"source":30,"target":22},{"cost":0,"weight":131,"source":5,"target":33},{"cost":0,"weight":597,"source":19,"target":32},{"cost":0,"weight":173,"source":27,"target":37},{"cost":0,"weight":832,"source":18,"target":0},{"cost":0,"weight":80,"source":30,"target":17},{"cost":0,"weight":198,"source":15,"target":37},{"cost":0,"weight":772,"source":18,"target":11},{"cost":0,"weight":445,"source":36,"target":31},{"cost":0,"weight":583,"source":19,"target":35},{"cost":0,"weight":836,"source":0,"target":23},{"cost":0,"weight":639,"source":22,"target":37},{"cost":0,"weight":930,"source":33,"target":13},{"cost":0,"weight":234,"source":30,"target":23},{"cost":0,"weight":110,"source":10,"target":13},{"cost":0,"weight":521,"source":23,"target":0},{"cost":0,"weight":944,"source":35,"target":39},{"cost":0,"weight":747,"source":6,"target":11},{"cost":0,"weight":931,"source":6,"target":29},{"cost":0,"weight":855,"source":2,"target":30},{"cost":0,"weight":384,"source":17,"target":34},{"cost":0,"weight":904,"source":11,"target":9},{"cost":0,"weight":154,"source":27,"target":33},{"cost":0,"weight":912,"source":4,"target":1},{"cost":0,"weight":430,"source":17,"target":39},{"cost":0,"weight":696,"source":34,"target":31},{"cost":0,"weight":269,"source":0,"target":31},{"cost":0,"weight":91,"source":2,"target":33},{"cost":0,"weight":136,"source":25,"target":18},{"cost":0,"weight":841,"source":8,"target":27},{"cost":0,"weight":114,"source":11,"target":34},{"cost":0,"weight":431,"source":12,"target":9},{"cost":0,"weight":718,"source":35,"target":22},{"cost":0,"weight":543,"source":25,"target":16},{"cost":0,"weight":553,"source":30,"target":34},{"cost":0,"weight":922,"source":5,"target":2},{"cost":0,"weight":356,"source":18,"target":16},{"cost":0,"weight":802,"source":12,"target":33},{"cost":0,"weight":490,"source":37,"target":31},{"cost":0,"weight":194,"source":24,"target":1},{"cost":0,"weight":29,"source":28,"target":4},{"cost":0,"weight":593,"source":33,"target":0},{"cost":0,"weight":587,"source":1,"target":25},{"cost":0,"weight":490,"source":16,"target":27},{"cost":0,"weight":943,"source":29,"target":15},{"cost":0,"weight":521,"source":30,"target":21},{"cost":0,"weight":486,"source":9,"target":19},{"cost":0,"weight":430,"source":10,"target":38},{"cost":0,"weight":632,"source":17,"target":29},{"cost":0,"weight":655,"source":34,"target":1},{"cost":0,"weight":723,"source":15,"target":27},{"cost":0,"weight":226,"source":30,"target":25},{"cost":0,"weight":679,"source":30,"target":11},{"cost":0,"weight":568,"source":27,"target":8},{"cost":0,"weight":626,"source":23,"target":14},{"cost":0,"weight":641,"source":0,"target":4},{"cost":0,"weight":49,"source":19,"target":4},{"cost":0,"weight":568,"source":4,"target":27},{"cost":0,"weight":630,"source":15,"target":36},{"cost":0,"weight":395,"source":6,"target":23},{"cost":0,"weight":21,"source":38,"target":8},{"cost":0,"weight":683,"source":8,"target":36},{"cost":0,"weight":58,"source":38,"target":20},{"cost":0,"weight":359,"source":17,"target":35},{"cost":0,"weight":781,"source":9,"target":29},{"cost":0,"weight":124,"source":11,"target":13},{"cost":0,"weight":761,"source":9,"target":8},{"cost":0,"weight":582,"source":27,"target":21},{"cost":0,"weight":996,"source":14,"target":3},{"cost":0,"weight":564,"source":30,"target":38},{"cost":0,"weight":980,"source":16,"target":17},{"cost":0,"weight":320,"source":4,"target":31},{"cost":0,"weight":648,"source":24,"target":11},{"cost":0,"weight":295,"source":5,"target":20},{"cost":0,"weight":664,"source":20,"target":17},{"cost":0,"weight":856,"source":17,"target":15},{"cost":0,"weight":415,"source":28,"target":8}],"graph":{"S":0,"T":10},"multigraph":false}