{"directed":true,"nodes":[{"id":0},{"id":1},{"id":2},{"id":3},{"id":4},{"id":5},{"id":6},{"id":7},{"id":8},{"id":9},{"id":10},{"id":11},{"id":12},{"id":13},{"id":14},{"id":15},{"id":16},{"id":17},{"id":18},{"id":19},{"id":20},{"id":21},{"id":22},{"id":23},{"id":24},{"id":25},{"id":26},{"id":27},{"id":28},{"id":29},{"id":30},{"id":31},{"id":32},{"id":33},{"id":34},{"id":35},{"id":36},{"id":37},{"id":38},{"id":39}],"links":[{"cost":0,"weight":576,"source":39,"target":13},{"cost":0,"weight":737,"source":25,"target":18},{"cost":0,"weight":178,"source":22,"target":28},{"cost":0,"weight":927,"source":12,"target":19},{"cost":0,"weight":168,"source":5,"target":36},{"cost":0,"weight":694,"source":4,"target":26},{"cost":0,"weight":307,"source":4,"target":24},{"cost":0,"weight":734,"source":18,"target":8},{"cost":0,"weight":585,"source":18,"target":31},{"cost":0,"weight":118,"source":1,"target":22},{"cost":0,"weight":824,"source":39,"target":1},{"cost":0,"weight":159,"source":20,"target":29},{"cost":0,"weight":877,"source":9,"target":39},{"cost":0,"weight":526,"source":39,"target":9},{"cost":0,"weight":472,"source":5,"target":6},{"cost":0,"weight":937,"source":18,"target":1},{"cost":0,"weight":146,"source":3,"target":16},{"cost":0,"weight":576,"source":16,"target":29},{"cost":0,"weight":456,"source":21,"target":15},{"cost":0,"weight":795,"source":14,"target":20},{"cost":0,"weight":163,"source":16,"target":14},{"cost":0,"weight":266,"source":14,"target":26},{"cost":0,"weight":179,"source":0,"target":39},{"cost":0,"weight":861,"source":11,"target":26},{"cost":0,"weight":836,"source":26,"target":18},{"cost":0,"weight":131,"source":23,"target":22},{"cost":0,"weight":274,"source":2,"target":0},{"cost":0,"weight":771,"source":16,"target":24},{"cost":0,"weight":75,"source":13,"target":21},{"cost":0,"weight":42,"source":34,"target":35},{"cost":0,"weight":311,"source":9,"target":11},{"cost":0,"weight":886,"source":22,"target":27},{"cost":0,"weight":984,"source":39,"target":30},{"cost":0,"weight":751,"source":5,"target":32},{"cost":0,"weight":643,"source":5,"target":37},{"cost":0,"weight":305,"source":14,"target":29},{"cost":0,"weight":57,"source":3,"target":27},{"cost":0,"weight":33,"source":14,"target":31},{"cost":0,"weight":239,"source":3,"target":33},{"cost":0,"weight":103,"source":30,"target":23},{"cost":0,"weight":91,"source":9,"target":20},{"cost":0,"weight":915,"source":17,"target":7},{"cost":0,"weight":865,"source":20,"target":4},{"cost":0,"weight":865,"source":14,"target":25},{"cost":0,"weight":826,"source":9,"target":33},{"cost":0,"weight":27,"source":27,"target":13},{"cost":0,"weight":720,"source":2,"target":36},{"cost":0,"weight":186,"source":36,"target":22},{"cost":0,"weight":79,"source":12,"target":15},{"cost":0,"weight":49,"source":27,"target":17},{"cost":0,"weight":695,"source":6,"target":18},{"cost":0,"weight":403,"source":10,"target":27},{"cost":0,"weight":457,"source":5,"target":3},{"cost":0,"weight":690,"source":36,"target":15},{"cost":0,"weight":917,"source":4,"target":17},{"cost":0,"weight":81,"source":17,"target":0},{"cost":0,"weight":993,"source":25,"target":5},{"cost":0,"weight":760,"source":24,"target":17},{"cost":0,"weight":852,"source":27,"target":38},{"cost":0,"weight":728,"source":15,"target":31},{"cost":0,"weight":539,"source":39,"target":24},{"cost":0,"weight":657,"source":21,"target":7},{"cost":0,"weight":763,"source":2,"target":24},{"cost":0,"weight":214,"source":33,"target":14},{"cost":0,"weight":745,"source":12,"target":1},{"cost":0,"weight":642,"source":12,"target":39},{"cost":0,"weight":932,"source":0,"target":38},{"cost":0,"weight":674,"source":1,"target":29},{"cost":0,"weight":642,"source":12,"target":16},{"cost":0,"weight":166,"source":36,"target":14},{"cost":0,"weight":119,"source":24,"target":27},{"cost":0,"weight":722,"source":4,"target":30},{"cost":0,"weight":341,"source":19,"target":27},{"cost":0,"weight":975,"source":1,"target":2},{"cost":0,"weight":900,"source":20,"target":26},{"cost":0,"weight":138,"source":18,"target":2},{"cost":0,"weight":716,"source":35,"target":26},{"cost":0,"weight":148,"source":19,"target":32},{"cost":0,"weight":786,"source":35,"target":5},{"cost":0,"weight":840,"source":18,"target":9},{"cost":0,"weight":513,"source":35,"target":23},{"cost":0,"weight":711,"source":30,"target":24},{"cost":0,"weight":305,"source":18,"target":13},{"cost":0,"weight":242,"source":20,"target":8},{"cost":0,"weight":995,"source":22,"target":3},{"cost":0,"weight":352,"source":14,"target":2},{"cost":0,"weight":569,"source":38,"target":34},{"cost":0,"weight":629,"source":38,"target":31},{"cost":0,"weight":724,"source":26,"target":16},{"cost":0,"weight":895,"source":12,"target":5},{"cost":0,"weight":890,"source":21,"target":4},{"cost":0,"weight":390,"source":24,"target":31},{"cost":0,"weight":233,"source":31,"target":37},{"cost":0,"weight":453,"source":13,"target":2},{"cost":0,"weight":390,"source":26,"target":39},{"cost":0,"weight":800,"source":37,"target":30},{"cost":0,"weight":872,"source":6,"target":24},{"cost":0,"weight":466,"source":30,"target":35},{"cost":0,"weight":519,"source":39,"target":29},{"cost":0,"weight":280,"source":16,"target":2},{"cost":0,"weight":897,"source":34,"target":37},{"cost":0,"weight":772,"source":29,"target":20},{"cost":0,"weight":529,"source":19,"target":6},{"cost":0,"weight":550,"source":36,"target":12},{"cost":0,"weight":908,"source":34,"target":28},{"cost":0,"weight":752,"source":19,"target":7},{"cost":0,"weight":220,"source":29,"target":2},{"cost":0,"weight":882,"source":16,"target":37},{"cost":0,"weight":475,"source":21,"target":16},{"cost":0,"weight":483,"source":25,"target":7},{"cost":0,"weight":922,"source":22,"target":18},{"cost":0,"weight":900,"source":20,"target":36},{"cost":0,"weight":936,"source":31,"target":0},{"cost":0,"weight":264,"source":8,"target":20},{"cost":0,"weight":383,"source":2,"target":7},{"cost":0,"weight":744,"source":26,"target":7},{"cost":0,"weight":75,"source":38,"target":35},{"cost":0,"weight":965,"source":36,"target":11},{"cost":0,"weight":577,"source":31,"target":23},{"cost":0,"weight":855,"source":39,"target":17},{"cost":0,"weight":187,"source":31,"target":19},{"cost":0,"weight":862,"source":30,"target":9},{"cost":0,"weight":55,"source":27,"target":4},{"cost":0,"weight":688,"source":29,"target":36},{"cost":0,"weight":922,"source":1,"target":12},{"cost":0,"weight":281,"source":1,"target":5},{"cost":0,"weight":878,"source":20,"target":14},{"cost":0,"weight":316,"source":13,"target":39},{"cost":0,"weight":305,"source":27,"target":30},{"cost":0,"weight":331,"source":39,"target":37},{"cost":0,"weight":339,"source":36,"target":0},{"cost":0,"weight":929,"source":15,"target":2},{"cost":0,"weight":206,"source":34,"target":17},{"cost":0,"weight":127,"source":15,"target":28},{"cost":0,"weight":495,"source":1,"target":30},{"cost":0,"weight":476,"source":21,"target":19},{"cost":0,"weight":573,"source":0,"target":6},{"cost":0,"weight":502,"source":3,"target":38},{"cost":0,"weight":217,"source":10,"target":8},{"cost":0,"weight":304,"source":0,"target":26},{"cost":0,"weight":734,"source":13,"target":3},{"cost":0,"weight":311,"source":28,"target":24},{"cost":0,"weight":858,"source":11,"target":20},{"cost":0,"weight":254,"source":8,"target":17},{"cost":0,"weight":248,"source":35,"target":32},{"cost":0,"weight":284,"source":33,"target":25},{"cost":0,"weight":692,"source":34,"target":13},{"cost":0,"weight":875,"source":17,"target":33},{"cost":0,"weight":441,"source":7,"target":26},{"cost":0,"weight":242,"source":2,"target":26},{"cost":0,"weight":251,"source":14,"target":37},{"cost":0,"weight":377,"source":5,"target":7},{"cost":0,"weight":120,"source":8,"target":26},{"cost":0,"weight":79,"source":16,"target":5},{"cost":0,"weight":942,"source":7,"target":10},{"cost":0,"weight":201,"source":14,"target":21},{"cost":0,"weight":689,"source":6,"target":23},{"cost":0,"weight":798,"source":15,"target":21},{"cost":0,"weight":980,"source":32,"target":10},{"cost":0,"weight":223,"source":32,"target":25}],"graph":{"S":0,"T":10},"multigraph":false}