{"directed":true,"nodes":[{"id":0},{"id":1},{"id":2},{"id":3},{"id":4},{"id":5},{"id":6},{"id":7},{"id":8},{"id":9},{"id":10},{"id":11},{"id":12},{"id":13},{"id":14},{"id":15},{"id":16},{"id":17},{"id":18},{"id":19},{"id":20},{"id":21},{"id":22},{"id":23},{"id":24},{"id":25},{"id":26},{"id":27},{"id":28},{"id":29},{"id":30},{"id":31},{"id":32},{"id":33},{"id":34},{"id":35},{"id":36},{"id":37},{"id":38},{"id":39}],"links":[{"cost":0,"weight":974,"source":29,"target":26},{"cost":0,"weight":871,"source":26,"target":34},{"cost":0,"weight":393,"source":1,"target":24},{"cost":0,"weight":578,"source":3,"target":37},{"cost":0,"weight":755,"source":22,"target":31},{"cost":0,"weight":120,"source":10,"target":27},{"cost":0,"weight":234,"source":15,"target":13},{"cost":0,"weight":874,"source":2,"target":5},{"cost":0,"weight":624,"source":35,"target":12},{"cost":0,"weight":67,"source":11,"target":12},{"cost":0,"weight":219,"source":24,"target":14},{"cost":0,"weight":565,"source":21,"target":13},{"cost":0,"weight":743,"source":24,"target":1},{"cost":0,"weight":750,"source":1,"target":31},{"cost":0,"weight":125,"source":18,"target":2},{"cost":0,"weight":918,"source":12,"target":13},{"cost":0,"weight":314,"source":31,"target":5},{"cost":0,"weight":898,"source":17,"target":31},{"cost":0,"weight":577,"source":11,"target":27},{"cost":0,"weight":257,"source":18,"target":35},{"cost":0,"weight":756,"source":3,"target":4},{"cost":0,"weight":294,"source":3,"target":33},{"cost":0,"weight":652,"source":33,"target":12},{"cost":0,"weight":255,"source":11,"target":4},{"cost":0,"weight":924,"source":24,"target":26},{"cost":0,"weight":633,"source":15,"target":4},{"cost":0,"weight":668,"source":38,"target":3},{"cost":0,"weight":52,"source":29,"target":16},{"cost":0,"weight":772,"source":14,"target":30},{"cost":0,"weight":873,"source":18,"target":0},{"cost":0,"weight":833,"source":23,"target":8},{"cost":0,"weight":197,"source":0,"target":1},{"cost":0,"weight":287,"source":37,"target":7},{"cost":0,"weight":890,"source":8,"target":26},{"cost":0,"weight":780,"source":2,"target":12},{"cost":0,"weight":155,"source":24,"target":20},{"cost":0,"weight":139,"source":16,"target":10},{"cost":0,"weight":726,"source":8,"target":22},{"cost":0,"weight":717,"source":21,"target":11},{"cost":0,"weight":359,"source":7,"target":21},{"cost":0,"weight":397,"source":28,"target":25},{"cost":0,"weight":810,"source":37,"target":3},{"cost":0,"weight":445,"source":36,"target":17},{"cost":0,"weight":281,"source":37,"target":31},{"cost":0,"weight":394,"source":7,"target":20},{"cost":0,"weight":10,"source":17,"target":32},{"cost":0,"weight":544,"source":26,"target":2},{"cost":0,"weight":746,"source":3,"target":12},{"cost":0,"weight":324,"source":18,"target":39},{"cost":0,"weight":931,"source":3,"target":24},{"cost":0,"weight":329,"source":16,"target":18},{"cost":0,"weight":657,"source":10,"target":34},{"cost":0,"weight":520,"source":7,"target":22},{"cost":0,"weight":457,"source":1,"target":5},{"cost":0,"weight":573,"source":27,"target":14},{"cost":0,"weight":606,"source":25,"target":28},{"cost":0,"weight":436,"source":25,"target":38},{"cost":0,"weight":703,"source":6,"target":21},{"cost":0,"weight":120,"source":10,"target":14},{"cost":0,"weight":781,"source":39,"target":16},{"cost":0,"weight":105,"source":20,"target":9},{"cost":0,"weight":363,"source":12,"target":38},{"cost":0,"weight":665,"source":13,"target":12},{"cost":0,"weight":151,"source":4,"target":7},{"cost":0,"weight":996,"source":29,"target":2},{"cost":0,"weight":129,"source":27,"target":12},{"cost":0,"weight":308,"source":30,"target":11},{"cost":0,"weight":62,"source":36,"target":11},{"cost":0,"weight":551,"source":19,"target":21},{"cost":0,"weight":760,"source":1,"target":16},{"cost":0,"weight":916,"source":18,"target":27},{"cost":0,"weight":15,"source":20,"target":24},{"cost":0,"weight":230,"source":39,"target":25},{"cost":0,"weight":867,"source":32,"target":9},{"cost":0,"weight":191,"source":31,"target":18},{"cost":0,"weight":761,"source":9,"target":22},{"cost":0,"weight":342,"source":30,"target":1},{"cost":0,"weight":711,"source":21,"target":23},{"cost":0,"weight":828,"source":13,"target":11},{"cost":0,"weight":376,"source":29,"target":36},{"cost":0,"weight":224,"source":11,"target":6},{"cost":0,"weight":896,"source":4,"target":18},{"cost":0,"weight":923,"source":15,"target":3},{"cost":0,"weight":960,"source":11,"target":15},{"cost":0,"weight":570,"source":24,"target":38},{"cost":0,"weight":788,"source":15,"target":7},{"cost":0,"weight":997,"source":1,"target":14},{"cost":0,"weight":39,"source":8,"target":16},{"cost":0,"weight":801,"source":3,"target":16},{"cost":0,"weight":592,"source":30,"target":3},{"cost":0,"weight":225,"source":17,"target":30},{"cost":0,"weight":338,"source":34,"target":17},{"cost":0,"weight":647,"source":18,"target":29},{"cost":0,"weight":700,"source":30,"target":13},{"cost":0,"weight":299,"source":15,"target":20},{"cost":0,"weight":933,"source":18,"target":1},{"cost":0,"weight":550,"source":10,"target":16},{"cost":0,"weight":594,"source":20,"target":16},{"cost":0,"weight":55,"source":30,"target":20},{"cost":0,"weight":856,"source":19,"target":18},{"cost":0,"weight":892,"source":25,"target":30},{"cost":0,"weight":289,"source":9,"target":14},{"cost":0,"weight":537,"source":35,"target":21},{"cost":0,"weight":42,"source":34,"target":33},{"cost":0,"weight":911,"source":9,"target":39},{"cost":0,"weight":530,"source":35,"target":22},{"cost":0,"weight":361,"source":30,"target":22},{"cost":0,"weight":140,"source":30,"target":2},{"cost":0,"weight":171,"source":29,"target":37},{"cost":0,"weight":257,"source":22,"target":26},{"cost":0,"weight":64,"source":7,"target":39},{"cost":0,"weight":148,"source":36,"target":20},{"cost":0,"weight":208,"source":14,"target":24},{"cost":0,"weight":123,"source":0,"target":36},{"cost":0,"weight":365,"source":24,"target":17},{"cost":0,"weight":36,"source":35,"target":9},{"cost":0,"weight":705,"source":33,"target":9},{"cost":0,"weight":273,"source":36,"target":3},{"cost":0,"weight":921,"source":30,"target":23},{"cost":0,"weight":731,"source":5,"target":17},{"cost":0,"weight":557,"source":17,"target":23},{"cost":0,"weight":996,"source":8,"target":32},{"cost":0,"weight":366,"source":28,"target":12},{"cost":0,"weight":995,"source":37,"target":4},{"cost":0,"weight":524,"source":23,"target":9},{"cost":0,"weight":655,"source":7,"target":12},{"cost":0,"weight":518,"source":30,"target":0},{"cost":0,"weight":683,"source":0,"target":23},{"cost":0,"weight":807,"source":21,"target":7},{"cost":0,"weight":229,"source":35,"target":27},{"cost":0,"weight":246,"source":21,"target":20},{"cost":0,"weight":732,"source":33,"target":37},{"cost":0,"weight":68,"source":23,"target":29},{"cost":0,"weight":242,"source":18,"target":37},{"cost":0,"weight":150,"source":0,"target":4},{"cost":0,"weight":803,"source":5,"target":28},{"cost":0,"weight":588,"source":1,"target":15},{"cost":0,"weight":89,"source":25,"target":12},{"cost":0,"weight":559,"source":13,"target":14},{"cost":0,"weight":397,"source":22,"target":20},{"cost":0,"weight":639,"source":4,"target":33},{"cost":0,"weight":169,"source":9,"target":34},{"cost":0,"weight":448,"source":11,"target":7},{"cost":0,"weight":22,"source":39,"target":33},{"cost":0,"weight":571,"source":19,"target":16},{"cost":0,"weight":806,"source":0,"target":10},{"cost":0,"weight":769,"source":5,"target":21},{"cost":0,"weight":590,"source":10,"target":7},{"cost":0,"weight":998,"source":30,"target":33},{"cost":0,"weight":197,"source":1,"target":27},{"cost":0,"weight":648,"source":3,"target":25},{"cost":0,"weight":18,"source":16,"target":29},{"cost":0,"weight":186,"source":2,"target":38},{"cost":0,"weight":291,"source":7,"target":11},{"cost":0,"weight":474,"source":28,"target":20},{"cost":0,"weight":647,"source":18,"target":3},{"cost":0,"weight":44,"source":17,"target":20},{"cost":0,"weight":827,"source":11,"target":18},{"cost":0,"weight":52,"source":1,"target":3},{"cost":0,"weight":551,"source":16,"target":11}],"graph":{"S":0,"T":10},"multigraph":false}