{"directed":true,"nodes":[{"id":0},{"id":1},{"id":2},{"id":3},{"id":4},{"id":5},{"id":6},{"id":7},{"id":8},{"id":9},{"id":10},{"id":11},{"id":12},{"id":13},{"id":14},{"id":15},{"id":16},{"id":17},{"id":18},{"id":19},{"id":20},{"id":21},{"id":22},{"id":23},{"id":24},{"id":25},{"id":26},{"id":27},{"id":28},{"id":29},{"id":30},{"id":31},{"id":32},{"id":33},{"id":34},{"id":35},{"id":36},{"id":37},{"id":38},{"id":39}],"links":[{"cost":0,"weight":58,"source":19,"target":34},{"cost":0,"weight":905,"source":5,"target":4},{"cost":0,"weight":370,"source":26,"target":1},{"cost":0,"weight":298,"source":27,"target":5},{"cost":0,"weight":459,"source":16,"target":22},{"cost":0,"weight":158,"source":31,"target":13},{"cost":0,"weight":94,"source":8,"target":4},{"cost":0,"weight":593,"source":1,"target":15},{"cost":0,"weight":563,"source":30,"target":27},{"cost":0,"weight":310,"source":27,"target":21},{"cost":0,"weight":199,"source":8,"target":0},{"cost":0,"weight":607,"source":25,"target":36},{"cost":0,"weight":881,"source":21,"target":38},{"cost":0,"weight":531,"source":39,"target":35},{"cost":0,"weight":994,"source":14,"target":39},{"cost":0,"weight":915,"source":2,"target":17},{"cost":0,"weight":658,"source":1,"target":35},{"cost":0,"weight":835,"source":15,"target":19},{"cost":0,"weight":871,"source":4,"target":3},{"cost":0,"weight":512,"source":30,"target":11},{"cost":0,"weight":683,"source":28,"target":9},{"cost":0,"weight":993,"source":25,"target":18},{"cost":0,"weight":797,"source":21,"target":39},{"cost":0,"weight":714,"source":4,"target":7},{"cost":0,"weight":882,"source":29,"target":34},{"cost":0,"weight":57,"source":5,"target":2},{"cost":0,"weight":569,"source":10,"target":36},{"cost":0,"weight":132,"source":3,"target":19},{"cost":0,"weight":999,"source":34,"target":32},{"cost":0,"weight":786,"source":18,"target":3},{"cost":0,"weight":155,"source":15,"target":26},{"cost":0,"weight":416,"source":32,"target":30},{"cost":0,"weight":284,"source":35,"target":4},{"cost":0,"weight":635,"source":12,"target":18},{"cost":0,"weight":709,"source":7,"target":34},{"cost":0,"weight":66,"source":22,"target":14},{"cost":0,"weight":547,"source":37,"target":20},{"cost":0,"weight":925,"source":1,"target":26},{"cost":0,"weight":832,"source":13,"target":21},{"cost":0,"weight":954,"source":29,"target":23},{"cost":0,"weight":156,"source":20,"target":12},{"cost":0,"weight":449,"source":2,"target":10},{"cost":0,"weight":976,"source":15,"target":10},{"cost":0,"weight":495,"source":34,"target":38},{"cost":0,"weight":689,"source":23,"target":27},{"cost":0,"weight":34,"source":3,"target":11},{"cost":0,"weight":597,"source":22,"target":20},{"cost":0,"weight":804,"source":31,"target":33},{"cost":0,"weight":120,"source":22,"target":18},{"cost":0,"weight":325,"source":5,"target":37},{"cost":0,"weight":841,"source":13,"target":34},{"cost":0,"weight":303,"source":37,"target":15},{"cost":0,"weight":719,"source":6,"target":22},{"cost":0,"weight":324,"source":39,"target":14},{"cost":0,"weight":930,"source":29,"target":31},{"cost":0,"weight":855,"source":27,"target":29},{"cost":0,"weight":938,"source":10,"target":24},{"cost":0,"weight":839,"source":19,"target":22},{"cost":0,"weight":49,"source":36,"target":26},{"cost":0,"weight":88,"source":10,"target":27},{"cost":0,"weight":634,"source":10,"target":32},{"cost":0,"weight":952,"source":28,"target":3},{"cost":0,"weight":304,"source":29,"target":38},{"cost":0,"weight":261,"source":7,"target":5},{"cost":0,"weight":905,"source":9,"target":11},{"cost":0,"weight":745,"source":39,"target":19},{"cost":0,"weight":491,"source":26,"target":32},{"cost":0,"weight":193,"source":0,"target":6},{"cost":0,"weight":632,"source":11,"target":28},{"cost":0,"weight":481,"source":12,"target":26},{"cost":0,"weight":552,"source":2,"target":37},{"cost":0,"weight":127,"source":36,"target":14},{"cost":0,"weight":912,"source":0,"target":21},{"cost":0,"weight":762,"source":27,"target":11},{"cost":0,"weight":593,"source":20,"target":7},{"cost":0,"weight":546,"source":38,"target":15},{"cost":0,"weight":299,"source":31,"target":36},{"cost":0,"weight":961,"source":16,"target":4},{"cost":0,"weight":768,"source":10,"target":7},{"cost":0,"weight":830,"source":34,"target":33},{"cost":0,"weight":802,"source":19,"target":17},{"cost":0,"weight":959,"source":8,"target":5},{"cost":0,"weight":639,"source":23,"target":33},{"cost":0,"weight":505,"source":6,"target":35},{"cost":0,"weight":359,"source":9,"target":20},{"cost":0,"weight":136,"source":25,"target":39},{"cost":0,"weight":992,"source":9,"target":13},{"cost":0,"weight":94,"source":26,"target":19},{"cost":0,"weight":473,"source":32,"target":33},{"cost":0,"weight":100,"source":24,"target":2},{"cost":0,"weight":720,"source":15,"target":32},{"cost":0,"weight":444,"source":34,"target":18},{"cost":0,"weight":877,"source":20,"target":34},{"cost":0,"weight":339,"source":17,"target":7},{"cost":0,"weight":801,"source":11,"target":5},{"cost":0,"weight":57,"source":0,"target":18},{"cost":0,"weight":409,"source":36,"target":25},{"cost":0,"weight":831,"source":36,"target":18},{"cost":0,"weight":174,"source":34,"target":23},{"cost":0,"weight":26,"source":28,"target":0},{"cost":0,"weight":200,"source":24,"target":30},{"cost":0,"weight":278,"source":21,"target":31},{"cost":0,"weight":239,"source":11,"target":1},{"cost":0,"weight":237,"source":7,"target":13},{"cost":0,"weight":783,"source":27,"target":0},{"cost":0,"weight":156,"source":21,"target":37},{"cost":0,"weight":916,"source":19,"target":2},{"cost":0,"weight":409,"source":18,"target":19},{"cost":0,"weight":199,"source":31,"target":28},{"cost":0,"weight":809,"source":39,"target":27},{"cost":0,"weight":117,"source":13,"target":25},{"cost":0,"weight":815,"source":1,"target":14},{"cost":0,"weight":555,"source":37,"target":29},{"cost":0,"weight":113,"source":34,"target":39},{"cost":0,"weight":545,"source":17,"target":20},{"cost":0,"weight":25,"source":10,"target":3},{"cost":0,"weight":367,"source":35,"target":13},{"cost":0,"weight":850,"source":10,"target":26},{"cost":0,"weight":125,"source":9,"target":22},{"cost":0,"weight":145,"source":3,"target":39},{"cost":0,"weight":35,"source":29,"target":33},{"cost":0,"weight":333,"source":25,"target":6},{"cost":0,"weight":898,"source":4,"target":38},{"cost":0,"weight":595,"source":1,"target":10},{"cost":0,"weight":264,"source":15,"target":39},{"cost":0,"weight":297,"source":18,"target":35},{"cost":0,"weight":879,"source":22,"target":25},{"cost":0,"weight":454,"source":13,"target":27},{"cost":0,"weight":433,"source":6,"target":15},{"cost":0,"weight":597,"source":15,"target":20},{"cost":0,"weight":164,"source":34,"target":4},{"cost":0,"weight":532,"source":21,"target":0},{"cost":0,"weight":867,"source":7,"target":37},{"cost":0,"weight":573,"source":6,"target":27},{"cost":0,"weight":970,"source":18,"target":25},{"cost":0,"weight":441,"source":36,"target":17},{"cost":0,"weight":556,"source":37,"target":6},{"cost":0,"weight":190,"source":36,"target":24},{"cost":0,"weight":63,"source":38,"target":33},{"cost":0,"weight":895,"source":14,"target":26},{"cost":0,"weight":971,"source":0,"target":17},{"cost":0,"weight":384,"source":38,"target":1},{"cost":0,"weight":339,"source":18,"target":16},{"cost":0,"weight":88,"source":0,"target":14},{"cost":0,"weight":383,"source":6,"target":31},{"cost":0,"weight":210,"source":11,"target":25},{"cost":0,"weight":665,"source":5,"target":13},{"cost":0,"weight":589,"source":12,"target":15},{"cost":0,"weight":125,"source":5,"target":12},{"cost":0,"weight":846,"source":19,"target":18},{"cost":0,"weight":979,"source":36,"target":9},{"cost":0,"weight":575,"source":34,"target":19},{"cost":0,"weight":685,"source":22,"target":30},{"cost":0,"weight":311,"source":2,"target":36},{"cost":0,"weight":27,"source":32,"target":5},{"cost":0,"weight":755,"source":12,"target":11},{"cost":0,"weight":986,"source":5,"target":6},{"cost":0,"weight":377,"source":11,"target":38},{"cost":0,"weight":724,"source":3,"target":12},{"cost":0,"weight":791,"source":26,"target":5}],"graph":{"S":0,"T":10},"multigraph":false}