{"directed":true,"nodes":[{"id":0},{"id":1},{"id":2},{"id":3},{"id":4},{"id":5},{"id":6},{"id":7},{"id":8},{"id":9},{"id":10},{"id":11},{"id":12},{"id":13},{"id":14},{"id":15},{"id":16},{"id":17},{"id":18},{"id":19},{"id":20},{"id":21},{"id":22},{"id":23},{"id":24},{"id":25},{"id":26},{"id":27},{"id":28},{"id":29},{"id":30},{"id":31},{"id":32},{"id":33},{"id":34},{"id":35},{"id":36},{"id":37},{"id":38},{"id":39}],"links":[{"cost":0,"weight":944,"source":23,"target":15},{"cost":0,"weight":928,"source":31,"target":26},{"cost":0,"weight":420,"source":12,"target":35},{"cost":0,"weight":558,"source":37,"target":27},{"cost":0,"weight":22,"source":34,"target":29},{"cost":0,"weight":543,"source":15,"target":28},{"cost":0,"weight":203,"source":34,"target":35},{"cost":0,"weight":459,"source":27,"target":15},{"cost":0,"weight":558,"source":15,"target":31},{"cost":0,"weight":662,"source":11,"target":32},{"cost":0,"weight":690,"source":31,"target":36},{"cost":0,"weight":400,"source":5,"target":2},{"cost":0,"weight":60,"source":9,"target":32},{"cost":0,"weight":97,"source":16,"target":13},{"cost":0,"weight":646,"source":17,"target":13},{"cost":0,"weight":629,"source":37,"target":13},{"cost":0,"weight":708,"source":34,"target":26},{"cost":0,"weight":606,"source":32,"target":15},{"cost":0,"weight":429,"source":17,"target":31},{"cost":0,"weight":169,"source":1,"target":36},{"cost":0,"weight":541,"source":33,"target":13},{"cost":0,"weight":873,"source":28,"target":0},{"cost":0,"weight":329,"source":9,"target":20},{"cost":0,"weight":544,"source":33,"target":36},{"cost":0,"weight":612,"source":14,"target":30},{"cost":0,"weight":219,"source":32,"target":23},{"cost":0,"weight":30,"source":22,"target":0},{"cost":0,"weight":732,"source":21,"target":35},{"cost":0,"weight":333,"source":35,"target":1},{"cost":0,"weight":799,"source":19,"target":36},{"cost":0,"weight":596,"source":7,"target":35},{"cost":0,"weight":344,"source":17,"target":27},{"cost":0,"weight":336,"source":34,"target":23},{"cost":0,"weight":650,"source":30,"target":1},{"cost":0,"weight":597,"source":30,"target":29},{"cost":0,"weight":675,"source":18,"target":7},{"cost":0,"weight":237,"source":11,"target":17},{"cost":0,"weight":909,"source":28,"target":32},{"cost":0,"weight":558,"source":28,"target":34},{"cost":0,"weight":819,"source":36,"target":37},{"cost":0,"weight":732,"source":30,"target":26},{"cost":0,"weight":181,"source":3,"target":33},{"cost":0,"weight":996,"source":1,"target":32},{"cost":0,"weight":682,"source":35,"target":19},{"cost":0,"weight":932,"source":4,"target":7},{"cost":0,"weight":468,"source":11,"target":18},{"cost":0,"weight":981,"source":30,"target":36},{"cost":0,"weight":739,"source":38,"target":18},{"cost":0,"weight":963,"source":34,"target":8},{"cost":0,"weight":628,"source":18,"target":27},{"cost":0,"weight":739,"source":31,"target":6},{"cost":0,"weight":623,"source":39,"target":29},{"cost":0,"weight":205,"source":14,"target":29},{"cost":0,"weight":30,"source":28,"target":39},{"cost":0,"weight":448,"source":36,"target":27},{"cost":0,"weight":97,"source":26,"target":30},{"cost":0,"weight":42,"source":7,"target":31},{"cost":0,"weight":756,"source":2,"target":22},{"cost":0,"weight":432,"source":19,"target":21},{"cost":0,"weight":84,"source":28,"target":18},{"cost":0,"weight":345,"source":18,"target":15},{"cost":0,"weight":183,"source":2,"target":5},{"cost":0,"weight":216,"source":30,"target":33},{"cost":0,"weight":912,"source":14,"target":3},{"cost":0,"weight":841,"source":28,"target":16},{"cost":0,"weight":988,"source":39,"target":33},{"cost":0,"weight":306,"source":31,"target":29},{"cost":0,"weight":267,"source":14,"target":37},{"cost":0,"weight":946,"source":11,"target":24},{"cost":0,"weight":505,"source":11,"target":9},{"cost":0,"weight":334,"source":24,"target":23},{"cost":0,"weight":20,"source":17,"target":11},{"cost":0,"weight":529,"source":23,"target":1},{"cost":0,"weight":163,"source":9,"target":8},{"cost":0,"weight":275,"source":20,"target":35},{"cost":0,"weight":386,"source":33,"target":34},{"cost":0,"weight":733,"source":17,"target":15},{"cost":0,"weight":146,"source":10,"target":23},{"cost":0,"weight":352,"source":34,"target":11},{"cost":0,"weight":223,"source":28,"target":20},{"cost":0,"weight":90,"source":13,"target":38},{"cost":0,"weight":611,"source":16,"target":27},{"cost":0,"weight":661,"source":16,"target":5},{"cost":0,"weight":471,"source":18,"target":29},{"cost":0,"weight":727,"source":38,"target":4},{"cost":0,"weight":728,"source":33,"target":8},{"cost":0,"weight":384,"source":31,"target":32},{"cost":0,"weight":344,"source":3,"target":17},{"cost":0,"weight":239,"source":26,"target":28},{"cost":0,"weight":730,"source":3,"target":36},{"cost":0,"weight":643,"source":30,"target":24},{"cost":0,"weight":28,"source":5,"target":22},{"cost":0,"weight":305,"source":37,"target":16},{"cost":0,"weight":287,"source":34,"target":6},{"cost":0,"weight":214,"source":38,"target":36},{"cost":0,"weight":588,"source":13,"target":1},{"cost":0,"weight":311,"source":6,"target":38},{"cost":0,"weight":150,"source":10,"target":9},{"cost":0,"weight":306,"source":4,"target":24},{"cost":0,"weight":415,"source":39,"target":11},{"cost":0,"weight":202,"source":28,"target":13},{"cost":0,"weight":873,"source":2,"target":3},{"cost":0,"weight":610,"source":12,"target":32},{"cost":0,"weight":364,"source":25,"target":6},{"cost":0,"weight":175,"source":37,"target":19},{"cost":0,"weight":274,"source":36,"target":3},{"cost":0,"weight":606,"source":10,"target":15},{"cost":0,"weight":498,"source":5,"target":15},{"cost":0,"weight":168,"source":1,"target":38},{"cost":0,"weight":124,"source":14,"target":10},{"cost":0,"weight":892,"source":27,"target":39},{"cost":0,"weight":208,"source":24,"target":27},{"cost":0,"weight":41,"source":34,"target":12},{"cost":0,"weight":76,"source":37,"target":38},{"cost":0,"weight":485,"source":20,"target":39},{"cost":0,"weight":508,"source":36,"target":9},{"cost":0,"weight":480,"source":5,"target":29},{"cost":0,"weight":917,"source":11,"target":2},{"cost":0,"weight":861,"source":30,"target":18},{"cost":0,"weight":756,"source":39,"target":16},{"cost":0,"weight":587,"source":12,"target":29},{"cost":0,"weight":680,"source":35,"target":8},{"cost":0,"weight":517,"source":37,"target":32},{"cost":0,"weight":482,"source":9,"target":11},{"cost":0,"weight":828,"source":4,"target":19},{"cost":0,"weight":917,"source":23,"target":14},{"cost":0,"weight":38,"source":23,"target":28},{"cost":0,"weight":371,"source":26,"target":4},{"cost":0,"weight":860,"source":2,"target":7},{"cost":0,"weight":977,"source":20,"target":14},{"cost":0,"weight":243,"source":18,"target":13},{"cost":0,"weight":990,"source":24,"target":4},{"cost":0,"weight":795,"source":22,"target":16},{"cost":0,"weight":663,"source":9,"target":31},{"cost":0,"weight":381,"source":9,"target":36},{"cost":0,"weight":772,"source":20,"target":33},{"cost":0,"weight":672,"source":5,"target":11},{"cost":0,"weight":47,"source":39,"target":27},{"cost":0,"weight":660,"source":34,"target":5},{"cost":0,"weight":834,"source":30,"target":16},{"cost":0,"weight":228,"source":32,"target":1},{"cost":0,"weight":643,"source":31,"target":24},{"cost":0,"weight":358,"source":9,"target":26},{"cost":0,"weight":520,"source":7,"target":5},{"cost":0,"weight":876,"source":4,"target":26},{"cost":0,"weight":288,"source":20,"target":25},{"cost":0,"weight":208,"source":26,"target":24},{"cost":0,"weight":609,"source":32,"target":3},{"cost":0,"weight":73,"source":0,"target":32},{"cost":0,"weight":211,"source":36,"target":31},{"cost":0,"weight":388,"source":6,"target":37},{"cost":0,"weight":649,"source":10,"target":4},{"cost":0,"weight":808,"source":19,"target":2},{"cost":0,"weight":57,"source":18,"target":6},{"cost":0,"weight":231,"source":27,"target":6},{"cost":0,"weight":77,"source":37,"target":5},{"cost":0,"weight":72,"source":38,"target":6},{"cost":0,"weight":615,"source":4,"target":35},{"cost":0,"weight":294,"source":17,"target":37},{"cost":0,"weight":311,"source":2,"target":11}],"graph":{"S":0,"T":10},"multigraph":false}