{"directed":true,"nodes":[{"id":0},{"id":1},{"id":2},{"id":3},{"id":4},{"id":5},{"id":6},{"id":7},{"id":8},{"id":9},{"id":10},{"id":11},{"id":12},{"id":13},{"id":14},{"id":15},{"id":16},{"id":17},{"id":18},{"id":19},{"id":20},{"id":21},{"id":22},{"id":23},{"id":24},{"id":25},{"id":26},{"id":27},{"id":28},{"id":29},{"id":30},{"id":31},{"id":32},{"id":33},{"id":34},{"id":35},{"id":36},{"id":37},{"id":38},{"id":39}],"links":[{"cost":0,"weight":171,"source":16,"target":32},{"cost":0,"weight":746,"source":31,"target":12},{"cost":0,"weight":708,"source":2,"target":6},{"cost":0,"weight":319,"source":27,"target":29},{"cost":0,"weight":928,"source":33,"target":12},{"cost":0,"weight":65,"source":10,"target":8},{"cost":0,"weight":45,"source":33,"target":24},{"cost":0,"weight":682,"source":36,"target":10},{"cost":0,"weight":819,"source":9,"target":6},{"cost":0,"weight":15,"source":21,"target":13},{"cost":0,"weight":957,"source":2,"target":33},{"cost":0,"weight":154,"source":18,"target":22},{"cost":0,"weight":875,"source":34,"target":9},{"cost":0,"weight":809,"source":3,"target":10},{"cost":0,"weight":69,"source":2,"target":24},{"cost":0,"weight":365,"source":34,"target":11},{"cost":0,"weight":70,"source":13,"target":27},{"cost":0,"weight":378,"source":3,"target":37},{"cost":0,"weight":537,"source":39,"target":9},{"cost":0,"weight":724,"source":26,"target":3},{"cost":0,"weight":534,"source":4,"target":36},{"cost":0,"weight":838,"source":22,"target":6},{"cost":0,"weight":129,"source":17,"target":19},{"cost":0,"weight":592,"source":4,"target":17},{"cost":0,"weight":194,"source":22,"target":33},{"cost":0,"weight":232,"source":32,"target":26},{"cost":0,"weight":318,"source":23,"target":2},{"cost":0,"weight":280,"source":16,"target":5},{"cost":0,"weight":212,"source":15,"target":19},{"cost":0,"weight":596,"source":31,"target":38},{"cost":0,"weight":612,"source":2,"target":23},{"cost":0,"weight":432,"source":0,"target":20},{"cost":0,"weight":606,"source":10,"target":25},{"cost":0,"weight":625,"source":2,"target":39},{"cost":0,"weight":190,"source":7,"target":36},{"cost":0,"weight":648,"source":16,"target":11},{"cost":0,"weight":459,"source":38,"target":18},{"cost":0,"weight":734,"source":27,"target":23},{"cost":0,"weight":231,"source":7,"target":31},{"cost":0,"weight":309,"source":39,"target":8},{"cost":0,"weight":726,"source":5,"target":26},{"cost":0,"weight":488,"source":30,"target":27},{"cost":0,"weight":755,"source":10,"target":16},{"cost":0,"weight":104,"source":7,"target":24},{"cost":0,"weight":27,"source":15,"target":35},{"cost":0,"weight":423,"source":35,"target":34},{"cost":0,"weight":216,"source":29,"target":24},{"cost":0,"weight":205,"source":28,"target":10},{"cost":0,"weight":949,"source":19,"target":38},{"cost":0,"weight":978,"source":9,"target":20},{"cost":0,"weight":346,"source":20,"target":34},{"cost":0,"weight":919,"source":26,"target":1},{"cost":0,"weight":80,"source":28,"target":32},{"cost":0,"weight":182,"source":37,"target":11},{"cost":0,"weight":930,"source":7,"target":27},{"cost":0,"weight":522,"source":19,"target":23},{"cost":0,"weight":657,"source":6,"target":30},{"cost":0,"weight":238,"source":35,"target":21},{"cost":0,"weight":563,"source":7,"target":35},{"cost":0,"weight":166,"source":32,"target":27},{"cost":0,"weight":358,"source":39,"target":24},{"cost":0,"weight":173,"source":1,"target":23},{"cost":0,"weight":568,"source":31,"target":10},{"cost":0,"weight":737,"source":13,"target":11},{"cost":0,"weight":844,"source":8,"target":25},{"cost":0,"weight":811,"source":16,"target":35},{"cost":0,"weight":165,"source":5,"target":27},{"cost":0,"weight":129,"source":31,"target":34},{"cost":0,"weight":548,"source":28,"target":20},{"cost":0,"weight":405,"source":20,"target":26},{"cost":0,"weight":648,"source":0,"target":11},{"cost":0,"weight":226,"source":14,"target":3},{"cost":0,"weight":235,"source":14,"target":8},{"cost":0,"weight":730,"source":25,"target":3},{"cost":0,"weight":185,"source":1,"target":18},{"cost":0,"weight":660,"source":13,"target":3},{"cost":0,"weight":53,"source":28,"target":13},{"cost":0,"weight":479,"source":6,"target":10},{"cost":0,"weight":148,"source":12,"target":24},{"cost":0,"weight":512,"source":31,"target":2},{"cost":0,"weight":328,"source":16,"target":4},{"cost":0,"weight":787,"source":27,"target":8},{"cost":0,"weight":806,"source":13,"target":17},{"cost":0,"weight":350,"source":10,"target":2},{"cost":0,"weight":623,"source":10,"target":19},{"cost":0,"weight":416,"source":28,"target":1},{"cost":0,"weight":875,"source":29,"target":9},{"cost":0,"weight":539,"source":29,"target":30},{"cost":0,"weight":252,"source":17,"target":22},{"cost":0,"weight":711,"source":29,"target":17},{"cost":0,"weight":890,"source":13,"target":8},{"cost":0,"weight":265,"source":18,"target":28},{"cost":0,"weight":523,"source":9,"target":38},{"cost":0,"weight":517,"source":37,"target":14},{"cost":0,"weight":696,"source":22,"target":35},{"cost":0,"weight":931,"source":28,"target":14},{"cost":0,"weight":353,"source":13,"target":1},{"cost":0,"weight":991,"source":2,"target":25},{"cost":0,"weight":568,"source":38,"target":21},{"cost":0,"weight":884,"source":27,"target":0},{"cost":0,"weight":485,"source":16,"target":12},{"cost":0,"weight":206,"source":4,"target":10},{"cost":0,"weight":241,"source":34,"target":38},{"cost":0,"weight":501,"source":36,"target":27},{"cost":0,"weight":291,"source":18,"target":4},{"cost":0,"weight":173,"source":23,"target":19},{"cost":0,"weight":285,"source":36,"target":2},{"cost":0,"weight":312,"source":27,"target":16},{"cost":0,"weight":436,"source":35,"target":8},{"cost":0,"weight":499,"source":22,"target":11},{"cost":0,"weight":82,"source":7,"target":34},{"cost":0,"weight":639,"source":18,"target":16},{"cost":0,"weight":262,"source":35,"target":23},{"cost":0,"weight":218,"source":14,"target":31},{"cost":0,"weight":815,"source":33,"target":15},{"cost":0,"weight":732,"source":3,"target":7},{"cost":0,"weight":341,"source":13,"target":30},{"cost":0,"weight":520,"source":16,"target":18},{"cost":0,"weight":243,"source":27,"target":13},{"cost":0,"weight":307,"source":2,"target":36},{"cost":0,"weight":562,"source":30,"target":31},{"cost":0,"weight":608,"source":11,"target":37},{"cost":0,"weight":690,"source":13,"target":9},{"cost":0,"weight":861,"source":5,"target":30},{"cost":0,"weight":422,"source":12,"target":27},{"cost":0,"weight":936,"source":4,"target":16},{"cost":0,"weight":561,"source":21,"target":19},{"cost":0,"weight":802,"source":5,"target":24},{"cost":0,"weight":183,"source":24,"target":25},{"cost":0,"weight":80,"source":31,"target":14},{"cost":0,"weight":535,"source":6,"target":20},{"cost":0,"weight":60,"source":5,"target":37},{"cost":0,"weight":854,"source":22,"target":27},{"cost":0,"weight":415,"source":4,"target":29},{"cost":0,"weight":833,"source":19,"target":1},{"cost":0,"weight":119,"source":23,"target":28},{"cost":0,"weight":566,"source":10,"target":15},{"cost":0,"weight":626,"source":29,"target":35},{"cost":0,"weight":926,"source":20,"target":4},{"cost":0,"weight":240,"source":35,"target":20},{"cost":0,"weight":990,"source":36,"target":1},{"cost":0,"weight":821,"source":34,"target":16},{"cost":0,"weight":491,"source":10,"target":32},{"cost":0,"weight":42,"source":31,"target":4},{"cost":0,"weight":540,"source":21,"target":29},{"cost":0,"weight":825,"source":17,"target":0},{"cost":0,"weight":762,"source":14,"target":12},{"cost":0,"weight":102,"source":24,"target":15},{"cost":0,"weight":497,"source":37,"target":16},{"cost":0,"weight":880,"source":25,"target":1},{"cost":0,"weight":791,"source":25,"target":11},{"cost":0,"weight":857,"source":11,"target":23},{"cost":0,"weight":872,"source":5,"target":38},{"cost":0,"weight":894,"source":19,"target":4},{"cost":0,"weight":871,"source":16,"target":3},{"cost":0,"weight":993,"source":28,"target":23},{"cost":0,"weight":930,"source":11,"target":3},{"cost":0,"weight":534,"source":23,"target":24},{"cost":0,"weight":11,"source":24,"target":9},{"cost":0,"weight":471,"source":16,"target":2}],"graph":{"S":0,"T":10},"multigraph":false}