{"directed":true,"nodes":[{"id":0},{"id":1},{"id":2},{"id":3},{"id":4},{"id":5},{"id":6},{"id":7},{"id":8},{"id":9},{"id":10},{"id":11},{"id":12},{"id":13},{"id":14},{"id":15},{"id":16},{"id":17},{"id":18},{"id":19},{"id":20},{"id":21},{"id":22},{"id":23},{"id":24},{"id":25},{"id":26},{"id":27},{"id":28},{"id":29},{"id":30},{"id":31},{"id":32},{"id":33},{"id":34},{"id":35},{"id":36},{"id":37},{"id":38},{"id":39}],"links":[{"cost":0,"weight":501,"source":25,"target":32},{"cost":0,"weight":741,"source":27,"target":12},{"cost":0,"weight":367,"source":36,"target":33},{"cost":0,"weight":389,"source":29,"target":15},{"cost":0,"weight":392,"source":7,"target":0},{"cost":0,"weight":244,"source":26,"target":4},{"cost":0,"weight":835,"source":24,"target":22},{"cost":0,"weight":729,"source":30,"target":8},{"cost":0,"weight":610,"source":21,"target":2},{"cost":0,"weight":18,"source":6,"target":14},{"cost":0,"weight":585,"source":18,"target":29},{"cost":0,"weight":647,"source":21,"target":10},{"cost":0,"weight":476,"source":17,"target":0},{"cost":0,"weight":52,"source":2,"target":39},{"cost":0,"weight":604,"source":19,"target":17},{"cost":0,"weight":269,"source":32,"target":6},{"cost":0,"weight":398,"source":18,"target":15},{"cost":0,"weight":926,"source":34,"target":24},{"cost":0,"weight":951,"source":5,"target":18},{"cost":0,"weight":759,"source":36,"target":10},{"cost":0,"weight":838,"source":18,"target":20},{"cost":0,"weight":122,"source":4,"target":6},{"cost":0,"weight":443,"source":13,"target":32},{"cost":0,"weight":489,"source":15,"target":10},{"cost":0,"weight":131,"source":23,"target":22},{"cost":0,"weight":755,"source":8,"target":23},{"cost":0,"weight":426,"source":26,"target":39},{"cost":0,"weight":858,"source":4,"target":15},{"cost":0,"weight":995,"source":0,"target":11},{"cost":0,"weight":305,"source":25,"target":36},{"cost":0,"weight":550,"source":36,"target":13},{"cost":0,"weight":10,"source":21,"target":1},{"cost":0,"weight":629,"source":10,"target":8},{"cost":0,"weight":214,"source":21,"target":25},{"cost":0,"weight":653,"source":7,"target":24},{"cost":0,"weight":555,"source":33,"target":16},{"cost":0,"weight":441,"source":18,"target":23},{"cost":0,"weight":79,"source":3,"target":11},{"cost":0,"weight":575,"source":1,"target":28},{"cost":0,"weight":763,"source":10,"target":25},{"cost":0,"weight":373,"source":16,"target":26},{"cost":0,"weight":666,"source":11,"target":33},{"cost":0,"weight":18,"source":36,"target":18},{"cost":0,"weight":120,"source":2,"target":36},{"cost":0,"weight":522,"source":30,"target":24},{"cost":0,"weight":708,"source":7,"target":13},{"cost":0,"weight":110,"source":35,"target":7},{"cost":0,"weight":659,"source":17,"target":28},{"cost":0,"weight":269,"source":33,"target":28},{"cost":0,"weight":257,"source":1,"target":25},{"cost":0,"weight":988,"source":4,"target":20},{"cost":0,"weight":323,"source":13,"target":19},{"cost":0,"weight":699,"source":7,"target":3},{"cost":0,"weight":262,"source":14,"target":2},{"cost":0,"weight":18,"source":10,"target":9},{"cost":0,"weight":266,"source":15,"target":36},{"cost":0,"weight":28,"source":26,"target":5},{"cost":0,"weight":482,"source":1,"target":21},{"cost":0,"weight":175,"source":9,"target":7},{"cost":0,"weight":196,"source":12,"target":32},{"cost":0,"weight":597,"source":1,"target":29},{"cost":0,"weight":13,"source":24,"target":35},{"cost":0,"weight":216,"source":34,"target":37},{"cost":0,"weight":544,"source":18,"target":1},{"cost":0,"weight":226,"source":36,"target":6},{"cost":0,"weight":221,"source":9,"target":26},{"cost":0,"weight":87,"source":39,"target":12},{"cost":0,"weight":546,"source":35,"target":25},{"cost":0,"weight":523,"source":36,"target":2},{"cost":0,"weight":669,"source":19,"target":9},{"cost":0,"weight":899,"source":19,"target":16},{"cost":0,"weight":59,"source":30,"target":38},{"cost":0,"weight":645,"source":34,"target":22},{"cost":0,"weight":268,"source":15,"target":7},{"cost":0,"weight":857,"source":38,"target":25},{"cost":0,"weight":795,"source":6,"target":17},{"cost":0,"weight":271,"source":29,"target":34},{"cost":0,"weight":556,"source":17,"target":34},{"cost":0,"weight":562,"source":19,"target":12},{"cost":0,"weight":905,"source":32,"target":18},{"cost":0,"weight":366,"source":8,"target":0},{"cost":0,"weight":704,"source":30,"target":31},{"cost":0,"weight":615,"source":39,"target":10},{"cost":0,"weight":945,"source":3,"target":27},{"cost":0,"weight":959,"source":18,"target":39},{"cost":0,"weight":793,"source":30,"target":28},{"cost":0,"weight":543,"source":33,"target":30},{"cost":0,"weight":982,"source":32,"target":16},{"cost":0,"weight":733,"source":9,"target":32},{"cost":0,"weight":728,"source":20,"target":10},{"cost":0,"weight":274,"source":9,"target":37},{"cost":0,"weight":366,"source":26,"target":13},{"cost":0,"weight":984,"source":23,"target":12},{"cost":0,"weight":471,"source":11,"target":28},{"cost":0,"weight":392,"source":25,"target":31},{"cost":0,"weight":489,"source":38,"target":20},{"cost":0,"weight":843,"source":32,"target":33},{"cost":0,"weight":883,"source":25,"target":15},{"cost":0,"weight":706,"source":39,"target":21},{"cost":0,"weight":486,"source":20,"target":14},{"cost":0,"weight":726,"source":1,"target":20},{"cost":0,"weight":566,"source":39,"target":18},{"cost":0,"weight":591,"source":16,"target":34},{"cost":0,"weight":997,"source":35,"target":39},{"cost":0,"weight":527,"source":34,"target":30},{"cost":0,"weight":182,"source":38,"target":13},{"cost":0,"weight":763,"source":14,"target":28},{"cost":0,"weight":376,"source":24,"target":20},{"cost":0,"weight":232,"source":13,"target":33},{"cost":0,"weight":825,"source":11,"target":3},{"cost":0,"weight":270,"source":27,"target":19},{"cost":0,"weight":623,"source":31,"target":29},{"cost":0,"weight":810,"source":4,"target":10},{"cost":0,"weight":315,"source":27,"target":25},{"cost":0,"weight":566,"source":35,"target":38},{"cost":0,"weight":583,"source":32,"target":37},{"cost":0,"weight":424,"source":7,"target":39},{"cost":0,"weight":336,"source":13,"target":34},{"cost":0,"weight":153,"source":18,"target":30},{"cost":0,"weight":82,"source":1,"target":35},{"cost":0,"weight":53,"source":2,"target":20},{"cost":0,"weight":474,"source":12,"target":0},{"cost":0,"weight":202,"source":33,"target":29},{"cost":0,"weight":571,"source":37,"target":3},{"cost":0,"weight":817,"source":4,"target":19},{"cost":0,"weight":672,"source":31,"target":2},{"cost":0,"weight":799,"source":24,"target":14},{"cost":0,"weight":780,"source":0,"target":9},{"cost":0,"weight":640,"source":32,"target":1},{"cost":0,"weight":722,"source":20,"target":4},{"cost":0,"weight":35,"source":11,"target":0},{"cost":0,"weight":409,"source":28,"target":22},{"cost":0,"weight":330,"source":12,"target":33},{"cost":0,"weight":480,"source":35,"target":20},{"cost":0,"weight":404,"source":11,"target":36},{"cost":0,"weight":833,"source":25,"target":1},{"cost":0,"weight":829,"source":1,"target":39},{"cost":0,"weight":949,"source":24,"target":3},{"cost":0,"weight":314,"source":13,"target":15},{"cost":0,"weight":244,"source":9,"target":21},{"cost":0,"weight":445,"source":17,"target":13},{"cost":0,"weight":61,"source":21,"target":35},{"cost":0,"weight":684,"source":33,"target":26},{"cost":0,"weight":108,"source":20,"target":8},{"cost":0,"weight":497,"source":30,"target":7},{"cost":0,"weight":346,"source":8,"target":2},{"cost":0,"weight":991,"source":25,"target":27},{"cost":0,"weight":995,"source":2,"target":10},{"cost":0,"weight":236,"source":14,"target":11},{"cost":0,"weight":610,"source":36,"target":4},{"cost":0,"weight":742,"source":7,"target":15},{"cost":0,"weight":234,"source":24,"target":36},{"cost":0,"weight":103,"source":29,"target":3},{"cost":0,"weight":14,"source":11,"target":35},{"cost":0,"weight":241,"source":7,"target":17},{"cost":0,"weight":75,"source":3,"target":13},{"cost":0,"weight":579,"source":25,"target":6},{"cost":0,"weight":883,"source":18,"target":4},{"cost":0,"weight":934,"source":22,"target":3},{"cost":0,"weight":616,"source":7,"target":6}],"graph":{"S":0,"T":10},"multigraph":false}