{"directed":true,"nodes":[{"id":0},{"id":1},{"id":2},{"id":3},{"id":4},{"id":5},{"id":6},{"id":7},{"id":8},{"id":9},{"id":10},{"id":11},{"id":12},{"id":13},{"id":14},{"id":15},{"id":16},{"id":17},{"id":18},{"id":19},{"id":20},{"id":21},{"id":22},{"id":23},{"id":24},{"id":25},{"id":26},{"id":27},{"id":28},{"id":29},{"id":30},{"id":31},{"id":32},{"id":33},{"id":34},{"id":35},{"id":36},{"id":37},{"id":38},{"id":39}],"links":[{"cost":0,"weight":682,"source":8,"target":33},{"cost":0,"weight":313,"source":3,"target":7},{"cost":0,"weight":704,"source":27,"target":1},{"cost":0,"weight":791,"source":22,"target":8},{"cost":0,"weight":242,"source":6,"target":27},{"cost":0,"weight":722,"source":4,"target":28},{"cost":0,"weight":593,"source":38,"target":31},{"cost":0,"weight":446,"source":14,"target":20},{"cost":0,"weight":125,"source":36,"target":1},{"cost":0,"weight":993,"source":15,"target":25},{"cost":0,"weight":696,"source":14,"target":12},{"cost":0,"weight":677,"source":30,"target":3},{"cost":0,"weight":864,"source":39,"target":21},{"cost":0,"weight":583,"source":25,"target":28},{"cost":0,"weight":141,"source":7,"target":17},{"cost":0,"weight":361,"source":1,"target":2},{"cost":0,"weight":981,"source":13,"target":4},{"cost":0,"weight":863,"source":5,"target":16},{"cost":0,"weight":689,"source":0,"target":23},{"cost":0,"weight":653,"source":31,"target":25},{"cost":0,"weight":48,"source":13,"target":21},{"cost":0,"weight":101,"source":3,"target":8},{"cost":0,"weight":17,"source":35,"target":2},{"cost":0,"weight":51,"source":37,"target":14},{"cost":0,"weight":550,"source":26,"target":33},{"cost":0,"weight":560,"source":9,"target":16},{"cost":0,"weight":28,"source":34,"target":8},{"cost":0,"weight":935,"source":22,"target":5},{"cost":0,"weight":219,"source":24,"target":34},{"cost":0,"weight":999,"source":20,"target":9},{"cost":0,"weight":41,"source":35,"target":25},{"cost":0,"weight":370,"source":13,"target":9},{"cost":0,"weight":888,"source":29,"target":13},{"cost":0,"weight":126,"source":8,"target":4},{"cost":0,"weight":307,"source":21,"target":22},{"cost":0,"weight":446,"source":0,"target":1},{"cost":0,"weight":357,"source":9,"target":18},{"cost":0,"weight":973,"source":27,"target":3},{"cost":0,"weight":837,"source":32,"target":35},{"cost":0,"weight":87,"source":6,"target":30},{"cost":0,"weight":184,"source":6,"target":32},{"cost":0,"weight":77,"source":30,"target":4},{"cost":0,"weight":786,"source":32,"target":14},{"cost":0,"weight":192,"source":7,"target":35},{"cost":0,"weight":801,"source":3,"target":31},{"cost":0,"weight":862,"source":18,"target":32},{"cost":0,"weight":650,"source":13,"target":39},{"cost":0,"weight":969,"source":36,"target":0},{"cost":0,"weight":492,"source":39,"target":5},{"cost":0,"weight":723,"source":21,"target":25},{"cost":0,"weight":486,"source":6,"target":14},{"cost":0,"weight":149,"source":13,"target":37},{"cost":0,"weight":581,"source":34,"target":29},{"cost":0,"weight":99,"source":2,"target":3},{"cost":0,"weight":655,"source":33,"target":8},{"cost":0,"weight":317,"source":20,"target":19},{"cost":0,"weight":321,"source":28,"target":4},{"cost":0,"weight":14,"source":33,"target":22},{"cost":0,"weight":548,"source":25,"target":26},{"cost":0,"weight":428,"source":17,"target":10},{"cost":0,"weight":342,"source":12,"target":24},{"cost":0,"weight":682,"source":23,"target":33},{"cost":0,"weight":489,"source":7,"target":32},{"cost":0,"weight":406,"source":14,"target":3},{"cost":0,"weight":508,"source":38,"target":27},{"cost":0,"weight":133,"source":21,"target":19},{"cost":0,"weight":939,"source":9,"target":6},{"cost":0,"weight":225,"source":29,"target":20},{"cost":0,"weight":42,"source":15,"target":37},{"cost":0,"weight":271,"source":28,"target":6},{"cost":0,"weight":540,"source":14,"target":0},{"cost":0,"weight":38,"source":34,"target":9},{"cost":0,"weight":302,"source":9,"target":17},{"cost":0,"weight":655,"source":33,"target":12},{"cost":0,"weight":625,"source":27,"target":38},{"cost":0,"weight":899,"source":33,"target":11},{"cost":0,"weight":186,"source":8,"target":1},{"cost":0,"weight":478,"source":9,"target":3},{"cost":0,"weight":903,"source":19,"target":33},{"cost":0,"weight":70,"source":34,"target":18},{"cost":0,"weight":885,"source":26,"target":37},{"cost":0,"weight":427,"source":29,"target":32},{"cost":0,"weight":425,"source":30,"target":21},{"cost":0,"weight":899,"source":13,"target":20},{"cost":0,"weight":233,"source":30,"target":29},{"cost":0,"weight":722,"source":31,"target":13},{"cost":0,"weight":526,"source":10,"target":15},{"cost":0,"weight":264,"source":37,"target":20},{"cost":0,"weight":364,"source":3,"target":20},{"cost":0,"weight":617,"source":36,"target":39},{"cost":0,"weight":914,"source":1,"target":15},{"cost":0,"weight":96,"source":20,"target":21},{"cost":0,"weight":203,"source":22,"target":18},{"cost":0,"weight":215,"source":16,"target":4},{"cost":0,"weight":917,"source":30,"target":1},{"cost":0,"weight":862,"source":23,"target":7},{"cost":0,"weight":519,"source":26,"target":7},{"cost":0,"weight":988,"source":36,"target":12},{"cost":0,"weight":746,"source":14,"target":1},{"cost":0,"weight":125,"source":23,"target":27},{"cost":0,"weight":638,"source":32,"target":19},{"cost":0,"weight":23,"source":9,"target":35},{"cost":0,"weight":788,"source":3,"target":28},{"cost":0,"weight":880,"source":29,"target":10},{"cost":0,"weight":203,"source":35,"target":8},{"cost":0,"weight":180,"source":25,"target":8},{"cost":0,"weight":756,"source":4,"target":26},{"cost":0,"weight":295,"source":36,"target":17},{"cost":0,"weight":334,"source":19,"target":12},{"cost":0,"weight":618,"source":25,"target":5},{"cost":0,"weight":586,"source":38,"target":5},{"cost":0,"weight":266,"source":18,"target":38},{"cost":0,"weight":430,"source":15,"target":13},{"cost":0,"weight":83,"source":0,"target":30},{"cost":0,"weight":209,"source":3,"target":16},{"cost":0,"weight":636,"source":30,"target":18},{"cost":0,"weight":332,"source":1,"target":20},{"cost":0,"weight":237,"source":30,"target":6},{"cost":0,"weight":873,"source":14,"target":33},{"cost":0,"weight":222,"source":35,"target":22},{"cost":0,"weight":734,"source":6,"target":5},{"cost":0,"weight":754,"source":38,"target":15},{"cost":0,"weight":836,"source":13,"target":1},{"cost":0,"weight":293,"source":36,"target":16},{"cost":0,"weight":896,"source":3,"target":27},{"cost":0,"weight":65,"source":35,"target":32},{"cost":0,"weight":94,"source":32,"target":6},{"cost":0,"weight":92,"source":14,"target":30},{"cost":0,"weight":945,"source":9,"target":27},{"cost":0,"weight":693,"source":8,"target":22},{"cost":0,"weight":112,"source":24,"target":6},{"cost":0,"weight":837,"source":14,"target":21},{"cost":0,"weight":696,"source":27,"target":24},{"cost":0,"weight":610,"source":13,"target":5},{"cost":0,"weight":453,"source":31,"target":30},{"cost":0,"weight":852,"source":6,"target":38},{"cost":0,"weight":663,"source":25,"target":38},{"cost":0,"weight":346,"source":7,"target":22},{"cost":0,"weight":640,"source":10,"target":28},{"cost":0,"weight":710,"source":18,"target":25},{"cost":0,"weight":707,"source":25,"target":0},{"cost":0,"weight":459,"source":14,"target":24},{"cost":0,"weight":659,"source":26,"target":29},{"cost":0,"weight":826,"source":12,"target":16},{"cost":0,"weight":275,"source":7,"target":36},{"cost":0,"weight":843,"source":1,"target":3},{"cost":0,"weight":801,"source":4,"target":29},{"cost":0,"weight":829,"source":29,"target":2},{"cost":0,"weight":445,"source":18,"target":16},{"cost":0,"weight":362,"source":13,"target":2},{"cost":0,"weight":48,"source":20,"target":31},{"cost":0,"weight":767,"source":35,"target":16},{"cost":0,"weight":196,"source":12,"target":18},{"cost":0,"weight":693,"source":17,"target":3},{"cost":0,"weight":38,"source":4,"target":8},{"cost":0,"weight":167,"source":39,"target":4},{"cost":0,"weight":914,"source":16,"target":23},{"cost":0,"weight":222,"source":38,"target":28},{"cost":0,"weight":736,"source":24,"target":2},{"cost":0,"weight":19,"source":17,"target":39}],"graph":{"S":0,"T":10},"multigraph":false}