{"directed":true,"nodes":[{"id":0},{"id":1},{"id":2},{"id":3},{"id":4},{"id":5},{"id":6},{"id":7},{"id":8},{"id":9},{"id":10},{"id":11},{"id":12},{"id":13},{"id":14},{"id":15},{"id":16},{"id":17},{"id":18},{"id":19},{"id":20},{"id":21},{"id":22},{"id":23},{"id":24},{"id":25},{"id":26},{"id":27},{"id":28},{"id":29},{"id":30},{"id":31},{"id":32},{"id":33},{"id":34},{"id":35},{"id":36},{"id":37},{"id":38},{"id":39}],"links":[{"cost":0,"weight":96,"source":1,"target":10},{"cost":0,"weight":17,"source":3,"target":29},{"cost":0,"weight":781,"source":22,"target":14},{"cost":0,"weight":911,"source":7,"target":17},{"cost":0,"weight":852,"source":39,"target":3},{"cost":0,"weight":883,"source":25,"target":18},{"cost":0,"weight":790,"source":28,"target":1},{"cost":0,"weight":115,"source":24,"target":23},{"cost":0,"weight":262,"source":38,"target":18},{"cost":0,"weight":912,"source":23,"target":5},{"cost":0,"weight":827,"source":5,"target":24},{"cost":0,"weight":62,"source":18,"target":13},{"cost":0,"weight":861,"source":9,"target":26},{"cost":0,"weight":984,"source":2,"target":9},{"cost":0,"weight":632,"source":25,"target":33},{"cost":0,"weight":415,"source":13,"target":21},{"cost":0,"weight":189,"source":36,"target":18},{"cost":0,"weight":579,"source":21,"target":26},{"cost":0,"weight":322,"source":34,"target":20},{"cost":0,"weight":584,"source":35,"target":13},{"cost":0,"weight":210,"source":5,"target":16},{"cost":0,"weight":218,"source":8,"target":39},{"cost":0,"weight":963,"source":33,"target":25},{"cost":0,"weight":63,"source":0,"target":29},{"cost":0,"weight":447,"source":22,"target":17},{"cost":0,"weight":314,"source":35,"target":24},{"cost":0,"weight":810,"source":30,"target":35},{"cost":0,"weight":282,"source":17,"target":15},{"cost":0,"weight":942,"source":26,"target":16},{"cost":0,"weight":717,"source":14,"target":39},{"cost":0,"weight":547,"source":7,"target":5},{"cost":0,"weight":301,"source":6,"target":33},{"cost":0,"weight":815,"source":0,"target":11},{"cost":0,"weight":688,"source":20,"target":5},{"cost":0,"weight":497,"source":11,"target":14},{"cost":0,"weight":866,"source":32,"target":14},{"cost":0,"weight":271,"source":37,"target":1},{"cost":0,"weight":121,"source":26,"target":13},{"cost":0,"weight":612,"source":25,"target":26},{"cost":0,"weight":102,"source":38,"target":25},{"cost":0,"weight":138,"source":10,"target":33},{"cost":0,"weight":100,"source":30,"target":11},{"cost":0,"weight":807,"source":7,"target":8},{"cost":0,"weight":316,"source":27,"target":38},{"cost":0,"weight":400,"source":34,"target":22},{"cost":0,"weight":629,"source":0,"target":20},{"cost":0,"weight":31,"source":4,"target":30},{"cost":0,"weight":653,"source":27,"target":35},{"cost":0,"weight":591,"source":17,"target":21},{"cost":0,"weight":967,"source":35,"target":33},{"cost":0,"weight":255,"source":6,"target":4},{"cost":0,"weight":517,"source":34,"target":35},{"cost":0,"weight":973,"source":23,"target":16},{"cost":0,"weight":57,"source":21,"target":30},{"cost":0,"weight":916,"source":2,"target":20},{"cost":0,"weight":659,"source":35,"target":22},{"cost":0,"weight":515,"source":30,"target":13},{"cost":0,"weight":939,"source":10,"target":35},{"cost":0,"weight":536,"source":23,"target":32},{"cost":0,"weight":156,"source":16,"target":19},{"cost":0,"weight":743,"source":15,"target":20},{"cost":0,"weight":727,"source":18,"target":3},{"cost":0,"weight":70,"source":39,"target":24},{"cost":0,"weight":427,"source":3,"target":18},{"cost":0,"weight":968,"source":21,"target":29},{"cost":0,"weight":256,"source":4,"target":37},{"cost":0,"weight":529,"source":31,"target":4},{"cost":0,"weight":485,"source":5,"target":13},{"cost":0,"weight":662,"source":12,"target":39},{"cost":0,"weight":978,"source":23,"target":14},{"cost":0,"weight":793,"source":28,"target":16},{"cost":0,"weight":941,"source":15,"target":35},{"cost":0,"weight":335,"source":5,"target":17},{"cost":0,"weight":489,"source":18,"target":34},{"cost":0,"weight":128,"source":15,"target":1},{"cost":0,"weight":528,"source":27,"target":10},{"cost":0,"weight":349,"source":22,"target":39},{"cost":0,"weight":121,"source":36,"target":9},{"cost":0,"weight":252,"source":19,"target":8},{"cost":0,"weight":832,"source":22,"target":0},{"cost":0,"weight":932,"source":6,"target":0},{"cost":0,"weight":681,"source":34,"target":1},{"cost":0,"weight":156,"source":15,"target":3},{"cost":0,"weight":514,"source":8,"target":16},{"cost":0,"weight":812,"source":36,"target":15},{"cost":0,"weight":608,"source":15,"target":33},{"cost":0,"weight":882,"source":15,"target":14},{"cost":0,"weight":729,"source":10,"target":11},{"cost":0,"weight":148,"source":39,"target":33},{"cost":0,"weight":410,"source":23,"target":13},{"cost":0,"weight":10,"source":37,"target":6},{"cost":0,"weight":925,"source":31,"target":16},{"cost":0,"weight":11,"source":12,"target":38},{"cost":0,"weight":568,"source":31,"target":8},{"cost":0,"weight":410,"source":10,"target":8},{"cost":0,"weight":610,"source":9,"target":31},{"cost":0,"weight":306,"source":25,"target":30},{"cost":0,"weight":462,"source":21,"target":14},{"cost":0,"weight":63,"source":32,"target":8},{"cost":0,"weight":775,"source":34,"target":36},{"cost":0,"weight":836,"source":21,"target":25},{"cost":0,"weight":28,"source":18,"target":35},{"cost":0,"weight":351,"source":16,"target":2},{"cost":0,"weight":410,"source":8,"target":2},{"cost":0,"weight":747,"source":2,"target":37},{"cost":0,"weight":978,"source":20,"target":26},{"cost":0,"weight":637,"source":27,"target":16},{"cost":0,"weight":657,"source":4,"target":9},{"cost":0,"weight":412,"source":25,"target":2},{"cost":0,"weight":370,"source":37,"target":33},{"cost":0,"weight":773,"source":5,"target":9},{"cost":0,"weight":976,"source":34,"target":28},{"cost":0,"weight":247,"source":20,"target":33},{"cost":0,"weight":154,"source":19,"target":29},{"cost":0,"weight":286,"source":38,"target":8},{"cost":0,"weight":455,"source":2,"target":27},{"cost":0,"weight":970,"source":22,"target":29},{"cost":0,"weight":61,"source":9,"target":39},{"cost":0,"weight":767,"source":12,"target":20},{"cost":0,"weight":578,"source":5,"target":26},{"cost":0,"weight":620,"source":13,"target":20},{"cost":0,"weight":562,"source":2,"target":16},{"cost":0,"weight":261,"source":37,"target":29},{"cost":0,"weight":577,"source":3,"target":17},{"cost":0,"weight":158,"source":28,"target":30},{"cost":0,"weight":142,"source":16,"target":10},{"cost":0,"weight":572,"source":28,"target":8},{"cost":0,"weight":58,"source":32,"target":0},{"cost":0,"weight":11,"source":1,"target":20},{"cost":0,"weight":16,"source":29,"target":32},{"cost":0,"weight":331,"source":19,"target":34},{"cost":0,"weight":693,"source":17,"target":22},{"cost":0,"weight":456,"source":30,"target":28},{"cost":0,"weight":124,"source":9,"target":6},{"cost":0,"weight":784,"source":4,"target":27},{"cost":0,"weight":409,"source":32,"target":23},{"cost":0,"weight":502,"source":23,"target":29},{"cost":0,"weight":813,"source":15,"target":36},{"cost":0,"weight":376,"source":15,"target":2},{"cost":0,"weight":284,"source":17,"target":13},{"cost":0,"weight":508,"source":33,"target":16},{"cost":0,"weight":824,"source":13,"target":38},{"cost":0,"weight":112,"source":29,"target":39},{"cost":0,"weight":734,"source":0,"target":1},{"cost":0,"weight":656,"source":26,"target":23},{"cost":0,"weight":473,"source":22,"target":32},{"cost":0,"weight":679,"source":32,"target":29},{"cost":0,"weight":113,"source":37,"target":18},{"cost":0,"weight":414,"source":25,"target":13},{"cost":0,"weight":919,"source":39,"target":7},{"cost":0,"weight":987,"source":20,"target":1},{"cost":0,"weight":397,"source":34,"target":23},{"cost":0,"weight":465,"source":24,"target":31},{"cost":0,"weight":645,"source":34,"target":8},{"cost":0,"weight":688,"source":1,"target":8},{"cost":0,"weight":593,"source":19,"target":5},{"cost":0,"weight":586,"source":1,"target":0},{"cost":0,"weight":520,"source":26,"target":28},{"cost":0,"weight":271,"source":24,"target":16},{"cost":0,"weight":922,"source":33,"target":1}],"graph":{"S":0,"T":10},"multigraph":false}