{"directed":true,"nodes":[{"id":0},{"id":1},{"id":2},{"id":3},{"id":4},{"id":5},{"id":6},{"id":7},{"id":8},{"id":9},{"id":10},{"id":11},{"id":12},{"id":13},{"id":14},{"id":15},{"id":16},{"id":17},{"id":18},{"id":19},{"id":20},{"id":21},{"id":22},{"id":23},{"id":24},{"id":25},{"id":26},{"id":27},{"id":28},{"id":29},{"id":30},{"id":31},{"id":32},{"id":33},{"id":34},{"id":35},{"id":36},{"id":37},{"id":38},{"id":39}],"links":[{"cost":0,"weight":151,"source":1,"target":35},{"cost":0,"weight":684,"source":1,"target":29},{"cost":0,"weight":703,"source":24,"target":3},{"cost":0,"weight":700,"source":13,"target":32},{"cost":0,"weight":951,"source":26,"target":10},{"cost":0,"weight":578,"source":2,"target":37},{"cost":0,"weight":386,"source":14,"target":39},{"cost":0,"weight":497,"source":5,"target":3},{"cost":0,"weight":808,"source":5,"target":25},{"cost":0,"weight":255,"source":33,"target":22},{"cost":0,"weight":74,"source":6,"target":2},{"cost":0,"weight":346,"source":20,"target":4},{"cost":0,"weight":159,"source":9,"target":11},{"cost":0,"weight":174,"source":36,"target":3},{"cost":0,"weight":797,"source":10,"target":1},{"cost":0,"weight":45,"source":22,"target":37},{"cost":0,"weight":356,"source":28,"target":37},{"cost":0,"weight":370,"source":11,"target":37},{"cost":0,"weight":755,"source":0,"target":25},{"cost":0,"weight":828,"source":0,"target":20},{"cost":0,"weight":305,"source":9,"target":5},{"cost":0,"weight":582,"source":32,"target":20},{"cost":0,"weight":54,"source":28,"target":10},{"cost":0,"weight":343,"source":0,"target":14},{"cost":0,"weight":215,"source":30,"target":38},{"cost":0,"weight":202,"source":16,"target":30},{"cost":0,"weight":603,"source":23,"target":4},{"cost":0,"weight":887,"source":11,"target":26},{"cost":0,"weight":314,"source":12,"target":6},{"cost":0,"weight":131,"source":14,"target":9},{"cost":0,"weight":33,"source":32,"target":8},{"cost":0,"weight":686,"source":13,"target":22},{"cost":0,"weight":248,"source":1,"target":38},{"cost":0,"weight":983,"source":19,"target":26},{"cost":0,"weight":230,"source":16,"target":32},{"cost":0,"weight":494,"source":34,"target":33},{"cost":0,"weight":748,"source":39,"target":12},{"cost":0,"weight":370,"source":35,"target":9},{"cost":0,"weight":651,"source":14,"target":18},{"cost":0,"weight":112,"source":19,"target":36},{"cost":0,"weight":621,"source":25,"target":24},{"cost":0,"weight":24,"source":10,"target":6},{"cost":0,"weight":436,"source":0,"target":26},{"cost":0,"weight":708,"source":30,"target":20},{"cost":0,"weight":342,"source":21,"target":8},{"cost":0,"weight":130,"source":7,"target":23},{"cost":0,"weight":850,"source":39,"target":17},{"cost":0,"weight":620,"source":22,"target":26},{"cost":0,"weight":747,"source":5,"target":35},{"cost":0,"weight":227,"source":10,"target":17},{"cost":0,"weight":63,"source":16,"target":39},{"cost":0,"weight":443,"source":17,"target":33},{"cost":0,"weight":124,"source":31,"target":16},{"cost":0,"weight":138,"source":34,"target":4},{"cost":0,"weight":270,"source":25,"target":6},{"cost":0,"weight":612,"source":29,"target":0},{"cost":0,"weight":196,"source":11,"target":32},{"cost":0,"weight":114,"source":13,"target":17},{"cost":0,"weight":572,"source":30,"target":17},{"cost":0,"weight":522,"source":3,"target":25},{"cost":0,"weight":147,"source":22,"target":29},{"cost":0,"weight":100,"source":5,"target":20},{"cost":0,"weight":133,"source":38,"target":23},{"cost":0,"weight":300,"source":19,"target":7},{"cost":0,"weight":950,"source":17,"target":11},{"cost":0,"weight":378,"source":36,"target":23},{"cost":0,"weight":832,"source":19,"target":3},{"cost":0,"weight":880,"source":33,"target":23},{"cost":0,"weight":733,"source":21,"target":26},{"cost":0,"weight":719,"source":6,"target":18},{"cost":0,"weight":808,"source":34,"target":32},{"cost":0,"weight":740,"source":23,"target":17},{"cost":0,"weight":55,"source":17,"target":1},{"cost":0,"weight":314,"source":2,"target":24},{"cost":0,"weight":947,"source":18,"target":15},{"cost":0,"weight":117,"source":4,"target":33},{"cost":0,"weight":904,"source":13,"target":31},{"cost":0,"weight":381,"source":33,"target":2},{"cost":0,"weight":348,"source":35,"target":33},{"cost":0,"weight":421,"source":8,"target":9},{"cost":0,"weight":547,"source":35,"target":3},{"cost":0,"weight":499,"source":11,"target":15},{"cost":0,"weight":760,"source":15,"target":32},{"cost":0,"weight":507,"source":37,"target":34},{"cost":0,"weight":511,"source":24,"target":18},{"cost":0,"weight":741,"source":10,"target":24},{"cost":0,"weight":964,"source":7,"target":4},{"cost":0,"weight":882,"source":8,"target":15},{"cost":0,"weight":225,"source":1,"target":32},{"cost":0,"weight":279,"source":16,"target":17},{"cost":0,"weight":863,"source":30,"target":24},{"cost":0,"weight":830,"source":33,"target":21},{"cost":0,"weight":336,"source":15,"target":16},{"cost":0,"weight":34,"source":33,"target":17},{"cost":0,"weight":883,"source":25,"target":16},{"cost":0,"weight":982,"source":8,"target":3},{"cost":0,"weight":652,"source":26,"target":31},{"cost":0,"weight":431,"source":4,"target":15},{"cost":0,"weight":852,"source":39,"target":18},{"cost":0,"weight":905,"source":27,"target":11},{"cost":0,"weight":457,"source":32,"target":21},{"cost":0,"weight":565,"source":16,"target":38},{"cost":0,"weight":526,"source":24,"target":32},{"cost":0,"weight":930,"source":29,"target":38},{"cost":0,"weight":304,"source":20,"target":35},{"cost":0,"weight":371,"source":9,"target":1},{"cost":0,"weight":574,"source":16,"target":4},{"cost":0,"weight":194,"source":22,"target":28},{"cost":0,"weight":708,"source":17,"target":15},{"cost":0,"weight":993,"source":18,"target":11},{"cost":0,"weight":581,"source":7,"target":25},{"cost":0,"weight":648,"source":22,"target":16},{"cost":0,"weight":89,"source":33,"target":31},{"cost":0,"weight":730,"source":30,"target":2},{"cost":0,"weight":317,"source":12,"target":24},{"cost":0,"weight":786,"source":32,"target":5},{"cost":0,"weight":161,"source":8,"target":29},{"cost":0,"weight":490,"source":13,"target":3},{"cost":0,"weight":918,"source":26,"target":12},{"cost":0,"weight":449,"source":37,"target":12},{"cost":0,"weight":855,"source":7,"target":11},{"cost":0,"weight":677,"source":17,"target":8},{"cost":0,"weight":77,"source":24,"target":17},{"cost":0,"weight":247,"source":21,"target":9},{"cost":0,"weight":830,"source":5,"target":32},{"cost":0,"weight":118,"source":0,"target":22},{"cost":0,"weight":450,"source":15,"target":23},{"cost":0,"weight":872,"source":17,"target":26},{"cost":0,"weight":176,"source":7,"target":36},{"cost":0,"weight":344,"source":4,"target":39},{"cost":0,"weight":52,"source":20,"target":33},{"cost":0,"weight":310,"source":1,"target":9},{"cost":0,"weight":119,"source":19,"target":11},{"cost":0,"weight":936,"source":8,"target":0},{"cost":0,"weight":765,"source":9,"target":3},{"cost":0,"weight":888,"source":8,"target":32},{"cost":0,"weight":225,"source":3,"target":1},{"cost":0,"weight":655,"source":1,"target":26},{"cost":0,"weight":839,"source":24,"target":1},{"cost":0,"weight":895,"source":0,"target":7},{"cost":0,"weight":45,"source":22,"target":25},{"cost":0,"weight":571,"source":16,"target":33},{"cost":0,"weight":762,"source":24,"target":35},{"cost":0,"weight":154,"source":31,"target":10},{"cost":0,"weight":459,"source":37,"target":39},{"cost":0,"weight":86,"source":27,"target":23},{"cost":0,"weight":221,"source":18,"target":13},{"cost":0,"weight":466,"source":35,"target":0},{"cost":0,"weight":940,"source":25,"target":28},{"cost":0,"weight":755,"source":8,"target":22},{"cost":0,"weight":242,"source":15,"target":7},{"cost":0,"weight":799,"source":19,"target":17},{"cost":0,"weight":112,"source":30,"target":28},{"cost":0,"weight":84,"source":13,"target":7},{"cost":0,"weight":263,"source":30,"target":26},{"cost":0,"weight":293,"source":25,"target":18},{"cost":0,"weight":839,"source":27,"target":34},{"cost":0,"weight":717,"source":27,"target":19},{"cost":0,"weight":19,"source":16,"target":25},{"cost":0,"weight":628,"source":38,"target":34}],"graph":{"S":0,"T":10},"multigraph":false}