{"directed":true,"nodes":[{"id":0},{"id":1},{"id":2},{"id":3},{"id":4},{"id":5},{"id":6},{"id":7},{"id":8},{"id":9},{"id":10},{"id":11},{"id":12},{"id":13},{"id":14},{"id":15},{"id":16},{"id":17},{"id":18},{"id":19},{"id":20},{"id":21},{"id":22},{"id":23},{"id":24},{"id":25},{"id":26},{"id":27},{"id":28},{"id":29},{"id":30},{"id":31},{"id":32},{"id":33},{"id":34},{"id":35},{"id":36},{"id":37},{"id":38},{"id":39}],"links":[{"cost":0,"weight":493,"source":0,"target":37},{"cost":0,"weight":536,"source":38,"target":8},{"cost":0,"weight":210,"source":18,"target":21},{"cost":0,"weight":37,"source":26,"target":33},{"cost":0,"weight":465,"source":33,"target":12},{"cost":0,"weight":835,"source":33,"target":35},{"cost":0,"weight":125,"source":15,"target":19},{"cost":0,"weight":757,"source":1,"target":30},{"cost":0,"weight":580,"source":21,"target":16},{"cost":0,"weight":150,"source":2,"target":31},{"cost":0,"weight":729,"source":19,"target":30},{"cost":0,"weight":417,"source":13,"target":24},{"cost":0,"weight":730,"source":20,"target":37},{"cost":0,"weight":495,"source":32,"target":3},{"cost":0,"weight":410,"source":32,"target":13},{"cost":0,"weight":621,"source":10,"target":15},{"cost":0,"weight":968,"source":28,"target":0},{"cost":0,"weight":48,"source":14,"target":17},{"cost":0,"weight":715,"source":15,"target":14},{"cost":0,"weight":601,"source":23,"target":24},{"cost":0,"weight":918,"source":14,"target":28},{"cost":0,"weight":144,"source":12,"target":26},{"cost":0,"weight":456,"source":0,"target":38},{"cost":0,"weight":83,"source":10,"target":3},{"cost":0,"weight":71,"source":20,"target":33},{"cost":0,"weight":824,"source":23,"target":2},{"cost":0,"weight":484,"source":2,"target":18},{"cost":0,"weight":109,"source":18,"target":31},{"cost":0,"weight":656,"source":39,"target":22},{"cost":0,"weight":666,"source":33,"target":36},{"cost":0,"weight":690,"source":2,"target":7},{"cost":0,"weight":644,"source":26,"target":24},{"cost":0,"weight":48,"source":3,"target":16},{"cost":0,"weight":590,"source":34,"target":10},{"cost":0,"weight":874,"source":28,"target":14},{"cost":0,"weight":367,"source":12,"target":16},{"cost":0,"weight":47,"source":39,"target":2},{"cost":0,"weight":588,"source":18,"target":11},{"cost":0,"weight":574,"source":14,"target":7},{"cost":0,"weight":611,"source":23,"target":38},{"cost":0,"weight":351,"source":34,"target":29},{"cost":0,"weight":537,"source":5,"target":36},{"cost":0,"weight":502,"source":27,"target":7},{"cost":0,"weight":756,"source":1,"target":4},{"cost":0,"weight":579,"source":23,"target":7},{"cost":0,"weight":889,"source":20,"target":26},{"cost":0,"weight":104,"source":14,"target":20},{"cost":0,"weight":544,"source":13,"target":11},{"cost":0,"weight":668,"source":1,"target":5},{"cost":0,"weight":625,"source":10,"target":36},{"cost":0,"weight":720,"source":34,"target":13},{"cost":0,"weight":490,"source":22,"target":23},{"cost":0,"weight":460,"source":7,"target":11},{"cost":0,"weight":856,"source":36,"target":3},{"cost":0,"weight":384,"source":33,"target":20},{"cost":0,"weight":560,"source":1,"target":14},{"cost":0,"weight":625,"source":25,"target":15},{"cost":0,"weight":77,"source":16,"target":34},{"cost":0,"weight":84,"source":9,"target":5},{"cost":0,"weight":70,"source":15,"target":34},{"cost":0,"weight":16,"source":0,"target":35},{"cost":0,"weight":217,"source":38,"target":24},{"cost":0,"weight":151,"source":31,"target":30},{"cost":0,"weight":874,"source":16,"target":12},{"cost":0,"weight":506,"source":9,"target":10},{"cost":0,"weight":373,"source":18,"target":34},{"cost":0,"weight":478,"source":24,"target":15},{"cost":0,"weight":22,"source":24,"target":33},{"cost":0,"weight":193,"source":2,"target":16},{"cost":0,"weight":741,"source":39,"target":4},{"cost":0,"weight":339,"source":35,"target":25},{"cost":0,"weight":436,"source":21,"target":38},{"cost":0,"weight":433,"source":11,"target":28},{"cost":0,"weight":459,"source":28,"target":39},{"cost":0,"weight":918,"source":14,"target":37},{"cost":0,"weight":412,"source":22,"target":0},{"cost":0,"weight":360,"source":19,"target":9},{"cost":0,"weight":660,"source":19,"target":27},{"cost":0,"weight":510,"source":37,"target":8},{"cost":0,"weight":184,"source":24,"target":36},{"cost":0,"weight":213,"source":36,"target":10},{"cost":0,"weight":348,"source":9,"target":8},{"cost":0,"weight":72,"source":38,"target":18},{"cost":0,"weight":432,"source":6,"target":10},{"cost":0,"weight":800,"source":5,"target":35},{"cost":0,"weight":665,"source":14,"target":0},{"cost":0,"weight":129,"source":30,"target":22},{"cost":0,"weight":401,"source":27,"target":13},{"cost":0,"weight":500,"source":3,"target":26},{"cost":0,"weight":275,"source":30,"target":10},{"cost":0,"weight":444,"source":36,"target":22},{"cost":0,"weight":691,"source":10,"target":2},{"cost":0,"weight":881,"source":32,"target":7},{"cost":0,"weight":200,"source":31,"target":22},{"cost":0,"weight":495,"source":24,"target":5},{"cost":0,"weight":624,"source":4,"target":7},{"cost":0,"weight":519,"source":27,"target":37},{"cost":0,"weight":958,"source":6,"target":19},{"cost":0,"weight":230,"source":6,"target":36},{"cost":0,"weight":757,"source":39,"target":8},{"cost":0,"weight":712,"source":22,"target":39},{"cost":0,"weight":992,"source":26,"target":21},{"cost":0,"weight":782,"source":23,"target":31},{"cost":0,"weight":520,"source":3,"target":12},{"cost":0,"weight":421,"source":3,"target":31},{"cost":0,"weight":467,"source":19,"target":0},{"cost":0,"weight":256,"source":39,"target":27},{"cost":0,"weight":674,"source":33,"target":39},{"cost":0,"weight":435,"source":39,"target":15},{"cost":0,"weight":535,"source":29,"target":28},{"cost":0,"weight":875,"source":26,"target":9},{"cost":0,"weight":760,"source":21,"target":20},{"cost":0,"weight":604,"source":32,"target":20},{"cost":0,"weight":901,"source":31,"target":25},{"cost":0,"weight":461,"source":29,"target":25},{"cost":0,"weight":433,"source":13,"target":36},{"cost":0,"weight":796,"source":3,"target":22},{"cost":0,"weight":238,"source":16,"target":17},{"cost":0,"weight":626,"source":8,"target":32},{"cost":0,"weight":663,"source":1,"target":10},{"cost":0,"weight":438,"source":8,"target":5},{"cost":0,"weight":270,"source":0,"target":30},{"cost":0,"weight":611,"source":0,"target":18},{"cost":0,"weight":312,"source":8,"target":23},{"cost":0,"weight":406,"source":34,"target":30},{"cost":0,"weight":894,"source":19,"target":7},{"cost":0,"weight":99,"source":15,"target":28},{"cost":0,"weight":840,"source":39,"target":11},{"cost":0,"weight":708,"source":24,"target":31},{"cost":0,"weight":60,"source":37,"target":27},{"cost":0,"weight":148,"source":25,"target":28},{"cost":0,"weight":129,"source":2,"target":33},{"cost":0,"weight":198,"source":16,"target":33},{"cost":0,"weight":128,"source":13,"target":4},{"cost":0,"weight":53,"source":22,"target":6},{"cost":0,"weight":572,"source":34,"target":3},{"cost":0,"weight":39,"source":1,"target":31},{"cost":0,"weight":90,"source":8,"target":35},{"cost":0,"weight":858,"source":35,"target":33},{"cost":0,"weight":872,"source":30,"target":37},{"cost":0,"weight":394,"source":21,"target":27},{"cost":0,"weight":215,"source":0,"target":14},{"cost":0,"weight":705,"source":17,"target":9},{"cost":0,"weight":148,"source":13,"target":1},{"cost":0,"weight":95,"source":25,"target":17},{"cost":0,"weight":940,"source":21,"target":3},{"cost":0,"weight":709,"source":38,"target":33},{"cost":0,"weight":498,"source":5,"target":19},{"cost":0,"weight":570,"source":20,"target":7},{"cost":0,"weight":803,"source":18,"target":7},{"cost":0,"weight":534,"source":18,"target":35},{"cost":0,"weight":126,"source":34,"target":9},{"cost":0,"weight":519,"source":36,"target":33},{"cost":0,"weight":746,"source":33,"target":30},{"cost":0,"weight":134,"source":11,"target":13},{"cost":0,"weight":880,"source":3,"target":2},{"cost":0,"weight":489,"source":3,"target":18},{"cost":0,"weight":79,"source":26,"target":3},{"cost":0,"weight":223,"source":31,"target":16},{"cost":0,"weight":293,"source":30,"target":4}],"graph":{"S":0,"T":10},"multigraph":false}