{"directed":true,"nodes":[{"id":0},{"id":1},{"id":2},{"id":3},{"id":4},{"id":5},{"id":6},{"id":7},{"id":8},{"id":9},{"id":10},{"id":11},{"id":12},{"id":13},{"id":14},{"id":15},{"id":16},{"id":17},{"id":18},{"id":19},{"id":20},{"id":21},{"id":22},{"id":23},{"id":24},{"id":25},{"id":26},{"id":27},{"id":28},{"id":29},{"id":30},{"id":31},{"id":32},{"id":33},{"id":34},{"id":35},{"id":36},{"id":37},{"id":38},{"id":39}],"links":[{"cost":0,"weight":673,"source":6,"target":31},{"cost":0,"weight":400,"source":8,"target":6},{"cost":0,"weight":350,"source":21,"target":26},{"cost":0,"weight":503,"source":20,"target":37},{"cost":0,"weight":929,"source":36,"target":9},{"cost":0,"weight":233,"source":26,"target":19},{"cost":0,"weight":685,"source":39,"target":16},{"cost":0,"weight":376,"source":20,"target":2},{"cost":0,"weight":763,"source":9,"target":22},{"cost":0,"weight":138,"source":29,"target":25},{"cost":0,"weight":298,"source":13,"target":0},{"cost":0,"weight":363,"source":26,"target":9},{"cost":0,"weight":899,"source":21,"target":15},{"cost":0,"weight":661,"source":20,"target":32},{"cost":0,"weight":468,"source":20,"target":11},{"cost":0,"weight":229,"source":26,"target":11},{"cost":0,"weight":209,"source":2,"target":10},{"cost":0,"weight":865,"source":31,"target":35},{"cost":0,"weight":976,"source":4,"target":17},{"cost":0,"weight":144,"source":37,"target":18},{"cost":0,"weight":951,"source":12,"target":3},{"cost":0,"weight":249,"source":21,"target":0},{"cost":0,"weight":857,"source":12,"target":7},{"cost":0,"weight":409,"source":5,"target":14},{"cost":0,"weight":635,"source":27,"target":19},{"cost":0,"weight":128,"source":12,"target":11},{"cost":0,"weight":771,"source":2,"target":39},{"cost":0,"weight":450,"source":13,"target":12},{"cost":0,"weight":709,"source":38,"target":37},{"cost":0,"weight":167,"source":29,"target":6},{"cost":0,"weight":823,"source":34,"target":12},{"cost":0,"weight":234,"source":26,"target":0},{"cost":0,"weight":701,"source":24,"target":19},{"cost":0,"weight":841,"source":27,"target":36},{"cost":0,"weight":51,"source":30,"target":4},{"cost":0,"weight":386,"source":28,"target":36},{"cost":0,"weight":437,"source":18,"target":9},{"cost":0,"weight":99,"source":32,"target":2},{"cost":0,"weight":957,"source":18,"target":22},{"cost":0,"weight":893,"source":10,"target":1},{"cost":0,"weight":247,"source":17,"target":35},{"cost":0,"weight":789,"source":34,"target":27},{"cost":0,"weight":75,"source":24,"target":22},{"cost":0,"weight":577,"source":33,"target":19},{"cost":0,"weight":940,"source":34,"target":3},{"cost":0,"weight":337,"source":0,"target":2},{"cost":0,"weight":310,"source":1,"target":4},{"cost":0,"weight":943,"source":37,"target":38},{"cost":0,"weight":209,"source":23,"target":28},{"cost":0,"weight":282,"source":8,"target":18},{"cost":0,"weight":593,"source":2,"target":38},{"cost":0,"weight":25,"source":32,"target":17},{"cost":0,"weight":201,"source":36,"target":35},{"cost":0,"weight":831,"source":21,"target":20},{"cost":0,"weight":54,"source":14,"target":15},{"cost":0,"weight":337,"source":10,"target":35},{"cost":0,"weight":448,"source":25,"target":21},{"cost":0,"weight":409,"source":17,"target":16},{"cost":0,"weight":605,"source":1,"target":17},{"cost":0,"weight":969,"source":26,"target":7},{"cost":0,"weight":155,"source":23,"target":27},{"cost":0,"weight":101,"source":10,"target":18},{"cost":0,"weight":610,"source":9,"target":20},{"cost":0,"weight":935,"source":36,"target":24},{"cost":0,"weight":368,"source":16,"target":0},{"cost":0,"weight":718,"source":30,"target":29},{"cost":0,"weight":50,"source":13,"target":36},{"cost":0,"weight":334,"source":19,"target":21},{"cost":0,"weight":170,"source":0,"target":33},{"cost":0,"weight":529,"source":24,"target":10},{"cost":0,"weight":169,"source":23,"target":6},{"cost":0,"weight":736,"source":13,"target":22},{"cost":0,"weight":333,"source":0,"target":20},{"cost":0,"weight":354,"source":35,"target":34},{"cost":0,"weight":959,"source":4,"target":10},{"cost":0,"weight":405,"source":20,"target":36},{"cost":0,"weight":795,"source":39,"target":1},{"cost":0,"weight":691,"source":3,"target":39},{"cost":0,"weight":529,"source":0,"target":10},{"cost":0,"weight":843,"source":25,"target":12},{"cost":0,"weight":131,"source":1,"target":36},{"cost":0,"weight":12,"source":1,"target":23},{"cost":0,"weight":638,"source":11,"target":17},{"cost":0,"weight":630,"source":25,"target":4},{"cost":0,"weight":648,"source":26,"target":24},{"cost":0,"weight":147,"source":29,"target":32},{"cost":0,"weight":582,"source":0,"target":21},{"cost":0,"weight":72,"source":34,"target":5},{"cost":0,"weight":141,"source":1,"target":20},{"cost":0,"weight":471,"source":35,"target":21},{"cost":0,"weight":491,"source":3,"target":37},{"cost":0,"weight":916,"source":3,"target":7},{"cost":0,"weight":118,"source":39,"target":2},{"cost":0,"weight":220,"source":25,"target":30},{"cost":0,"weight":814,"source":16,"target":12},{"cost":0,"weight":358,"source":33,"target":23},{"cost":0,"weight":250,"source":31,"target":26},{"cost":0,"weight":129,"source":17,"target":27},{"cost":0,"weight":522,"source":6,"target":27},{"cost":0,"weight":238,"source":30,"target":19},{"cost":0,"weight":600,"source":16,"target":34},{"cost":0,"weight":185,"source":38,"target":10},{"cost":0,"weight":969,"source":34,"target":28},{"cost":0,"weight":940,"source":1,"target":26},{"cost":0,"weight":87,"source":39,"target":28},{"cost":0,"weight":404,"source":27,"target":7},{"cost":0,"weight":237,"source":36,"target":10},{"cost":0,"weight":678,"source":38,"target":4},{"cost":0,"weight":572,"source":23,"target":12},{"cost":0,"weight":281,"source":15,"target":27},{"cost":0,"weight":927,"source":6,"target":25},{"cost":0,"weight":910,"source":29,"target":7},{"cost":0,"weight":880,"source":9,"target":37},{"cost":0,"weight":760,"source":31,"target":37},{"cost":0,"weight":711,"source":39,"target":23},{"cost":0,"weight":324,"source":13,"target":20},{"cost":0,"weight":212,"source":11,"target":39},{"cost":0,"weight":788,"source":4,"target":34},{"cost":0,"weight":329,"source":33,"target":20},{"cost":0,"weight":731,"source":1,"target":10},{"cost":0,"weight":194,"source":34,"target":35},{"cost":0,"weight":663,"source":15,"target":18},{"cost":0,"weight":968,"source":23,"target":11},{"cost":0,"weight":866,"source":32,"target":0},{"cost":0,"weight":103,"source":32,"target":22},{"cost":0,"weight":821,"source":25,"target":3},{"cost":0,"weight":611,"source":14,"target":37},{"cost":0,"weight":305,"source":16,"target":38},{"cost":0,"weight":730,"source":1,"target":7},{"cost":0,"weight":574,"source":16,"target":33},{"cost":0,"weight":250,"source":5,"target":10},{"cost":0,"weight":360,"source":32,"target":26},{"cost":0,"weight":907,"source":13,"target":15},{"cost":0,"weight":771,"source":23,"target":17},{"cost":0,"weight":827,"source":0,"target":36},{"cost":0,"weight":832,"source":7,"target":2},{"cost":0,"weight":365,"source":15,"target":28},{"cost":0,"weight":106,"source":14,"target":4},{"cost":0,"weight":350,"source":37,"target":9},{"cost":0,"weight":849,"source":12,"target":1},{"cost":0,"weight":418,"source":28,"target":26},{"cost":0,"weight":500,"source":26,"target":16},{"cost":0,"weight":463,"source":12,"target":38},{"cost":0,"weight":739,"source":14,"target":5},{"cost":0,"weight":843,"source":30,"target":18},{"cost":0,"weight":194,"source":33,"target":22},{"cost":0,"weight":637,"source":28,"target":23},{"cost":0,"weight":20,"source":31,"target":21},{"cost":0,"weight":274,"source":4,"target":29},{"cost":0,"weight":576,"source":6,"target":38},{"cost":0,"weight":835,"source":1,"target":31},{"cost":0,"weight":413,"source":6,"target":1},{"cost":0,"weight":740,"source":4,"target":1},{"cost":0,"weight":602,"source":38,"target":19},{"cost":0,"weight":584,"source":39,"target":14},{"cost":0,"weight":111,"source":28,"target":38},{"cost":0,"weight":86,"source":15,"target":7},{"cost":0,"weight":321,"source":28,"target":14},{"cost":0,"weight":145,"source":24,"target":34},{"cost":0,"weight":965,"source":4,"target":18}],"graph":{"S":0,"T":10},"multigraph":false}