{"directed":true,"nodes":[{"id":0},{"id":1},{"id":2},{"id":3},{"id":4},{"id":5},{"id":6},{"id":7},{"id":8},{"id":9},{"id":10},{"id":11},{"id":12},{"id":13},{"id":14},{"id":15},{"id":16},{"id":17},{"id":18},{"id":19},{"id":20},{"id":21},{"id":22},{"id":23},{"id":24},{"id":25},{"id":26},{"id":27},{"id":28},{"id":29},{"id":30},{"id":31},{"id":32},{"id":33},{"id":34},{"id":35},{"id":36},{"id":37},{"id":38},{"id":39}],"links":[{"cost":0,"weight":583,"source":15,"target":29},{"cost":0,"weight":310,"source":4,"target":30},{"cost":0,"weight":86,"source":9,"target":13},{"cost":0,"weight":891,"source":10,"target":0},{"cost":0,"weight":872,"source":1,"target":7},{"cost":0,"weight":564,"source":36,"target":7},{"cost":0,"weight":351,"source":7,"target":18},{"cost":0,"weight":44,"source":4,"target":17},{"cost":0,"weight":788,"source":19,"target":31},{"cost":0,"weight":828,"source":25,"target":39},{"cost":0,"weight":855,"source":1,"target":2},{"cost":0,"weight":267,"source":12,"target":4},{"cost":0,"weight":36,"source":29,"target":27},{"cost":0,"weight":318,"source":6,"target":13},{"cost":0,"weight":885,"source":7,"target":14},{"cost":0,"weight":111,"source":17,"target":7},{"cost":0,"weight":948,"source":12,"target":11},{"cost":0,"weight":689,"source":21,"target":38},{"cost":0,"weight":88,"source":22,"target":25},{"cost":0,"weight":521,"source":31,"target":36},{"cost":0,"weight":723,"source":28,"target":8},{"cost":0,"weight":135,"source":2,"target":9},{"cost":0,"weight":447,"source":21,"target":6},{"cost":0,"weight":82,"source":36,"target":31},{"cost":0,"weight":792,"source":36,"target":38},{"cost":0,"weight":258,"source":15,"target":11},{"cost":0,"weight":475,"source":15,"target":3},{"cost":0,"weight":196,"source":11,"target":0},{"cost":0,"weight":630,"source":30,"target":35},{"cost":0,"weight":40,"source":5,"target":37},{"cost":0,"weight":625,"source":37,"target":30},{"cost":0,"weight":929,"source":30,"target":15},{"cost":0,"weight":683,"source":22,"target":14},{"cost":0,"weight":299,"source":35,"target":17},{"cost":0,"weight":876,"source":38,"target":16},{"cost":0,"weight":473,"source":36,"target":23},{"cost":0,"weight":882,"source":18,"target":24},{"cost":0,"weight":353,"source":35,"target":11},{"cost":0,"weight":605,"source":38,"target":19},{"cost":0,"weight":28,"source":2,"target":22},{"cost":0,"weight":771,"source":9,"target":30},{"cost":0,"weight":572,"source":25,"target":8},{"cost":0,"weight":269,"source":1,"target":28},{"cost":0,"weight":157,"source":38,"target":36},{"cost":0,"weight":307,"source":21,"target":2},{"cost":0,"weight":495,"source":38,"target":1},{"cost":0,"weight":712,"source":18,"target":31},{"cost":0,"weight":835,"source":29,"target":34},{"cost":0,"weight":805,"source":38,"target":17},{"cost":0,"weight":960,"source":30,"target":34},{"cost":0,"weight":185,"source":21,"target":12},{"cost":0,"weight":912,"source":26,"target":19},{"cost":0,"weight":603,"source":30,"target":27},{"cost":0,"weight":998,"source":17,"target":32},{"cost":0,"weight":845,"source":6,"target":17},{"cost":0,"weight":667,"source":26,"target":28},{"cost":0,"weight":410,"source":19,"target":0},{"cost":0,"weight":376,"source":10,"target":2},{"cost":0,"weight":729,"source":19,"target":10},{"cost":0,"weight":180,"source":33,"target":6},{"cost":0,"weight":12,"source":37,"target":24},{"cost":0,"weight":781,"source":1,"target":36},{"cost":0,"weight":283,"source":20,"target":37},{"cost":0,"weight":752,"source":2,"target":34},{"cost":0,"weight":213,"source":25,"target":35},{"cost":0,"weight":89,"source":14,"target":31},{"cost":0,"weight":213,"source":24,"target":29},{"cost":0,"weight":930,"source":16,"target":5},{"cost":0,"weight":463,"source":34,"target":11},{"cost":0,"weight":352,"source":13,"target":9},{"cost":0,"weight":220,"source":14,"target":4},{"cost":0,"weight":532,"source":7,"target":36},{"cost":0,"weight":770,"source":12,"target":14},{"cost":0,"weight":563,"source":10,"target":25},{"cost":0,"weight":266,"source":8,"target":33},{"cost":0,"weight":996,"source":5,"target":15},{"cost":0,"weight":94,"source":7,"target":9},{"cost":0,"weight":11,"source":7,"target":17},{"cost":0,"weight":870,"source":2,"target":10},{"cost":0,"weight":682,"source":20,"target":38},{"cost":0,"weight":993,"source":10,"target":27},{"cost":0,"weight":205,"source":17,"target":18},{"cost":0,"weight":651,"source":28,"target":29},{"cost":0,"weight":187,"source":28,"target":39},{"cost":0,"weight":956,"source":34,"target":5},{"cost":0,"weight":538,"source":13,"target":12},{"cost":0,"weight":804,"source":35,"target":18},{"cost":0,"weight":515,"source":38,"target":32},{"cost":0,"weight":882,"source":16,"target":36},{"cost":0,"weight":960,"source":17,"target":21},{"cost":0,"weight":904,"source":6,"target":24},{"cost":0,"weight":447,"source":24,"target":32},{"cost":0,"weight":276,"source":24,"target":4},{"cost":0,"weight":639,"source":24,"target":21},{"cost":0,"weight":581,"source":23,"target":1},{"cost":0,"weight":757,"source":34,"target":8},{"cost":0,"weight":560,"source":39,"target":37},{"cost":0,"weight":665,"source":15,"target":6},{"cost":0,"weight":384,"source":31,"target":24},{"cost":0,"weight":982,"source":24,"target":34},{"cost":0,"weight":971,"source":36,"target":39},{"cost":0,"weight":552,"source":24,"target":3},{"cost":0,"weight":575,"source":2,"target":28},{"cost":0,"weight":58,"source":6,"target":26},{"cost":0,"weight":453,"source":33,"target":39},{"cost":0,"weight":664,"source":34,"target":2},{"cost":0,"weight":510,"source":39,"target":29},{"cost":0,"weight":893,"source":8,"target":31},{"cost":0,"weight":257,"source":11,"target":26},{"cost":0,"weight":653,"source":23,"target":30},{"cost":0,"weight":119,"source":8,"target":28},{"cost":0,"weight":381,"source":16,"target":1},{"cost":0,"weight":345,"source":8,"target":37},{"cost":0,"weight":338,"source":20,"target":25},{"cost":0,"weight":568,"source":15,"target":12},{"cost":0,"weight":360,"source":33,"target":22},{"cost":0,"weight":669,"source":1,"target":21},{"cost":0,"weight":891,"source":0,"target":9},{"cost":0,"weight":61,"source":23,"target":21},{"cost":0,"weight":303,"source":32,"target":4},{"cost":0,"weight":476,"source":37,"target":11},{"cost":0,"weight":925,"source":37,"target":14},{"cost":0,"weight":598,"source":35,"target":15},{"cost":0,"weight":267,"source":24,"target":13},{"cost":0,"weight":801,"source":25,"target":4},{"cost":0,"weight":77,"source":34,"target":23},{"cost":0,"weight":293,"source":24,"target":27},{"cost":0,"weight":649,"source":23,"target":19},{"cost":0,"weight":563,"source":31,"target":12},{"cost":0,"weight":337,"source":33,"target":30},{"cost":0,"weight":459,"source":30,"target":8},{"cost":0,"weight":930,"source":6,"target":2},{"cost":0,"weight":433,"source":3,"target":10},{"cost":0,"weight":98,"source":15,"target":1},{"cost":0,"weight":925,"source":23,"target":27},{"cost":0,"weight":952,"source":5,"target":7},{"cost":0,"weight":340,"source":19,"target":29},{"cost":0,"weight":295,"source":26,"target":37},{"cost":0,"weight":659,"source":20,"target":39},{"cost":0,"weight":395,"source":18,"target":34},{"cost":0,"weight":310,"source":0,"target":8},{"cost":0,"weight":764,"source":28,"target":12},{"cost":0,"weight":998,"source":5,"target":23},{"cost":0,"weight":73,"source":24,"target":20},{"cost":0,"weight":139,"source":5,"target":22},{"cost":0,"weight":589,"source":23,"target":24},{"cost":0,"weight":197,"source":15,"target":38},{"cost":0,"weight":226,"source":34,"target":1},{"cost":0,"weight":699,"source":20,"target":14},{"cost":0,"weight":448,"source":16,"target":21},{"cost":0,"weight":69,"source":28,"target":5},{"cost":0,"weight":293,"source":39,"target":7},{"cost":0,"weight":718,"source":30,"target":31},{"cost":0,"weight":793,"source":22,"target":34},{"cost":0,"weight":249,"source":17,"target":5},{"cost":0,"weight":750,"source":12,"target":5},{"cost":0,"weight":310,"source":17,"target":12},{"cost":0,"weight":517,"source":33,"target":24},{"cost":0,"weight":976,"source":25,"target":32},{"cost":0,"weight":544,"source":0,"target":36}],"graph":{"S":0,"T":10},"multigraph":false}