{"directed":true,"nodes":[{"id":0},{"id":1},{"id":2},{"id":3},{"id":4},{"id":5},{"id":6},{"id":7},{"id":8},{"id":9},{"id":10},{"id":11},{"id":12},{"id":13},{"id":14},{"id":15},{"id":16},{"id":17},{"id":18},{"id":19},{"id":20},{"id":21},{"id":22},{"id":23},{"id":24},{"id":25},{"id":26},{"id":27},{"id":28},{"id":29},{"id":30},{"id":31},{"id":32},{"id":33},{"id":34},{"id":35},{"id":36},{"id":37},{"id":38},{"id":39}],"links":[{"cost":0,"weight":261,"source":20,"target":34},{"cost":0,"weight":998,"source":32,"target":27},{"cost":0,"weight":354,"source":11,"target":16},{"cost":0,"weight":281,"source":13,"target":12},{"cost":0,"weight":77,"source":31,"target":5},{"cost":0,"weight":776,"source":3,"target":25},{"cost":0,"weight":263,"source":14,"target":38},{"cost":0,"weight":333,"source":26,"target":32},{"cost":0,"weight":514,"source":18,"target":16},{"cost":0,"weight":839,"source":35,"target":1},{"cost":0,"weight":396,"source":32,"target":8},{"cost":0,"weight":953,"source":16,"target":39},{"cost":0,"weight":191,"source":3,"target":17},{"cost":0,"weight":26,"source":30,"target":26},{"cost":0,"weight":237,"source":22,"target":32},{"cost":0,"weight":261,"source":8,"target":29},{"cost":0,"weight":490,"source":30,"target":21},{"cost":0,"weight":187,"source":30,"target":1},{"cost":0,"weight":917,"source":5,"target":16},{"cost":0,"weight":776,"source":18,"target":13},{"cost":0,"weight":991,"source":35,"target":14},{"cost":0,"weight":170,"source":35,"target":8},{"cost":0,"weight":491,"source":31,"target":39},{"cost":0,"weight":163,"source":2,"target":5},{"cost":0,"weight":546,"source":20,"target":36},{"cost":0,"weight":700,"source":34,"target":26},{"cost":0,"weight":85,"source":22,"target":2},{"cost":0,"weight":875,"source":21,"target":13},{"cost":0,"weight":661,"source":12,"target":14},{"cost":0,"weight":642,"source":33,"target":18},{"cost":0,"weight":930,"source":31,"target":36},{"cost":0,"weight":937,"source":25,"target":29},{"cost":0,"weight":82,"source":0,"target":24},{"cost":0,"weight":916,"source":7,"target":9},{"cost":0,"weight":884,"source":9,"target":32},{"cost":0,"weight":680,"source":32,"target":12},{"cost":0,"weight":562,"source":33,"target":12},{"cost":0,"weight":114,"source":0,"target":23},{"cost":0,"weight":877,"source":35,"target":19},{"cost":0,"weight":463,"source":21,"target":5},{"cost":0,"weight":945,"source":8,"target":11},{"cost":0,"weight":707,"source":15,"target":23},{"cost":0,"weight":570,"source":16,"target":37},{"cost":0,"weight":727,"source":20,"target":17},{"cost":0,"weight":585,"source":0,"target":2},{"cost":0,"weight":227,"source":26,"target":5},{"cost":0,"weight":306,"source":22,"target":14},{"cost":0,"weight":504,"source":22,"target":18},{"cost":0,"weight":565,"source":32,"target":24},{"cost":0,"weight":790,"source":1,"target":24},{"cost":0,"weight":228,"source":10,"target":26},{"cost":0,"weight":822,"source":26,"target":27},{"cost":0,"weight":279,"source":14,"target":20},{"cost":0,"weight":532,"source":23,"target":34},{"cost":0,"weight":69,"source":37,"target":7},{"cost":0,"weight":898,"source":5,"target":27},{"cost":0,"weight":791,"source":4,"target":17},{"cost":0,"weight":685,"source":15,"target":4},{"cost":0,"weight":368,"source":26,"target":12},{"cost":0,"weight":913,"source":2,"target":32},{"cost":0,"weight":772,"source":37,"target":2},{"cost":0,"weight":515,"source":13,"target":18},{"cost":0,"weight":861,"source":10,"target":14},{"cost":0,"weight":61,"source":0,"target":8},{"cost":0,"weight":363,"source":0,"target":18},{"cost":0,"weight":533,"source":20,"target":12},{"cost":0,"weight":732,"source":37,"target":24},{"cost":0,"weight":563,"source":3,"target":36},{"cost":0,"weight":543,"source":33,"target":8},{"cost":0,"weight":136,"source":15,"target":19},{"cost":0,"weight":40,"source":10,"target":24},{"cost":0,"weight":66,"source":29,"target":31},{"cost":0,"weight":498,"source":15,"target":20},{"cost":0,"weight":201,"source":27,"target":23},{"cost":0,"weight":541,"source":6,"target":10},{"cost":0,"weight":425,"source":35,"target":15},{"cost":0,"weight":318,"source":24,"target":28},{"cost":0,"weight":434,"source":18,"target":23},{"cost":0,"weight":725,"source":30,"target":4},{"cost":0,"weight":666,"source":38,"target":34},{"cost":0,"weight":354,"source":29,"target":24},{"cost":0,"weight":474,"source":21,"target":29},{"cost":0,"weight":641,"source":16,"target":26},{"cost":0,"weight":714,"source":29,"target":16},{"cost":0,"weight":877,"source":22,"target":1},{"cost":0,"weight":998,"source":32,"target":14},{"cost":0,"weight":102,"source":29,"target":34},{"cost":0,"weight":729,"source":3,"target":2},{"cost":0,"weight":10,"source":11,"target":33},{"cost":0,"weight":746,"source":23,"target":37},{"cost":0,"weight":597,"source":35,"target":38},{"cost":0,"weight":514,"source":36,"target":15},{"cost":0,"weight":535,"source":11,"target":0},{"cost":0,"weight":926,"source":36,"target":9},{"cost":0,"weight":49,"source":33,"target":21},{"cost":0,"weight":585,"source":14,"target":19},{"cost":0,"weight":247,"source":30,"target":0},{"cost":0,"weight":495,"source":39,"target":36},{"cost":0,"weight":696,"source":26,"target":36},{"cost":0,"weight":317,"source":24,"target":25},{"cost":0,"weight":410,"source":8,"target":31},{"cost":0,"weight":909,"source":20,"target":10},{"cost":0,"weight":831,"source":11,"target":32},{"cost":0,"weight":821,"source":6,"target":18},{"cost":0,"weight":123,"source":36,"target":23},{"cost":0,"weight":61,"source":9,"target":15},{"cost":0,"weight":455,"source":20,"target":25},{"cost":0,"weight":447,"source":39,"target":4},{"cost":0,"weight":163,"source":16,"target":18},{"cost":0,"weight":946,"source":20,"target":7},{"cost":0,"weight":78,"source":5,"target":26},{"cost":0,"weight":768,"source":27,"target":36},{"cost":0,"weight":574,"source":3,"target":1},{"cost":0,"weight":389,"source":31,"target":25},{"cost":0,"weight":355,"source":7,"target":16},{"cost":0,"weight":40,"source":15,"target":8},{"cost":0,"weight":364,"source":24,"target":38},{"cost":0,"weight":312,"source":28,"target":26},{"cost":0,"weight":953,"source":10,"target":11},{"cost":0,"weight":799,"source":39,"target":22},{"cost":0,"weight":704,"source":25,"target":13},{"cost":0,"weight":528,"source":27,"target":38},{"cost":0,"weight":229,"source":5,"target":28},{"cost":0,"weight":51,"source":34,"target":2},{"cost":0,"weight":540,"source":12,"target":20},{"cost":0,"weight":369,"source":28,"target":19},{"cost":0,"weight":551,"source":6,"target":39},{"cost":0,"weight":445,"source":2,"target":30},{"cost":0,"weight":806,"source":10,"target":4},{"cost":0,"weight":252,"source":13,"target":24},{"cost":0,"weight":667,"source":18,"target":39},{"cost":0,"weight":608,"source":19,"target":7},{"cost":0,"weight":141,"source":5,"target":7},{"cost":0,"weight":154,"source":19,"target":25},{"cost":0,"weight":165,"source":18,"target":34},{"cost":0,"weight":730,"source":37,"target":38},{"cost":0,"weight":226,"source":19,"target":14},{"cost":0,"weight":954,"source":26,"target":19},{"cost":0,"weight":30,"source":6,"target":2},{"cost":0,"weight":503,"source":12,"target":22},{"cost":0,"weight":780,"source":5,"target":15},{"cost":0,"weight":969,"source":5,"target":24},{"cost":0,"weight":280,"source":14,"target":0},{"cost":0,"weight":999,"source":34,"target":23},{"cost":0,"weight":118,"source":28,"target":7},{"cost":0,"weight":113,"source":11,"target":26},{"cost":0,"weight":224,"source":25,"target":12},{"cost":0,"weight":189,"source":9,"target":20},{"cost":0,"weight":478,"source":25,"target":32},{"cost":0,"weight":82,"source":32,"target":3},{"cost":0,"weight":495,"source":36,"target":6},{"cost":0,"weight":564,"source":8,"target":16},{"cost":0,"weight":966,"source":13,"target":34},{"cost":0,"weight":717,"source":2,"target":3},{"cost":0,"weight":141,"source":3,"target":35},{"cost":0,"weight":557,"source":0,"target":32},{"cost":0,"weight":716,"source":33,"target":9},{"cost":0,"weight":353,"source":4,"target":31},{"cost":0,"weight":362,"source":12,"target":6},{"cost":0,"weight":899,"source":24,"target":10}],"graph":{"S":0,"T":10},"multigraph":false}