{"directed":true,"nodes":[{"id":0},{"id":1},{"id":2},{"id":3},{"id":4},{"id":5},{"id":6},{"id":7},{"id":8},{"id":9},{"id":10},{"id":11},{"id":12},{"id":13},{"id":14},{"id":15},{"id":16},{"id":17},{"id":18},{"id":19},{"id":20},{"id":21},{"id":22},{"id":23},{"id":24},{"id":25},{"id":26},{"id":27},{"id":28},{"id":29},{"id":30},{"id":31},{"id":32},{"id":33},{"id":34},{"id":35},{"id":36},{"id":37},{"id":38},{"id":39}],"links":[{"cost":0,"weight":69,"source":11,"target":37},{"cost":0,"weight":589,"source":27,"target":25},{"cost":0,"weight":574,"source":33,"target":13},{"cost":0,"weight":136,"source":16,"target":21},{"cost":0,"weight":870,"source":7,"target":5},{"cost":0,"weight":657,"source":4,"target":22},{"cost":0,"weight":959,"source":27,"target":13},{"cost":0,"weight":780,"source":37,"target":21},{"cost":0,"weight":213,"source":22,"target":19},{"cost":0,"weight":763,"source":33,"target":37},{"cost":0,"weight":50,"source":25,"target":10},{"cost":0,"weight":884,"source":9,"target":25},{"cost":0,"weight":285,"source":5,"target":21},{"cost":0,"weight":896,"source":35,"target":5},{"cost":0,"weight":17,"source":38,"target":2},{"cost":0,"weight":625,"source":24,"target":33},{"cost":0,"weight":753,"source":19,"target":1},{"cost":0,"weight":996,"source":22,"target":16},{"cost":0,"weight":363,"source":4,"target":19},{"cost":0,"weight":813,"source":35,"target":15},{"cost":0,"weight":249,"source":7,"target":24},{"cost":0,"weight":703,"source":26,"target":8},{"cost":0,"weight":598,"source":20,"target":38},{"cost":0,"weight":751,"source":32,"target":11},{"cost":0,"weight":644,"source":37,"target":3},{"cost":0,"weight":468,"source":8,"target":5},{"cost":0,"weight":565,"source":0,"target":38},{"cost":0,"weight":712,"source":23,"target":9},{"cost":0,"weight":583,"source":9,"target":0},{"cost":0,"weight":25,"source":32,"target":38},{"cost":0,"weight":976,"source":13,"target":29},{"cost":0,"weight":606,"source":21,"target":23},{"cost":0,"weight":137,"source":32,"target":31},{"cost":0,"weight":379,"source":20,"target":3},{"cost":0,"weight":570,"source":3,"target":22},{"cost":0,"weight":119,"source":33,"target":21},{"cost":0,"weight":223,"source":29,"target":5},{"cost":0,"weight":104,"source":12,"target":39},{"cost":0,"weight":352,"source":21,"target":22},{"cost":0,"weight":663,"source":31,"target":7},{"cost":0,"weight":918,"source":9,"target":5},{"cost":0,"weight":157,"source":31,"target":12},{"cost":0,"weight":940,"source":22,"target":17},{"cost":0,"weight":696,"source":4,"target":17},{"cost":0,"weight":518,"source":5,"target":39},{"cost":0,"weight":273,"source":6,"target":15},{"cost":0,"weight":641,"source":22,"target":9},{"cost":0,"weight":401,"source":30,"target":18},{"cost":0,"weight":976,"source":36,"target":12},{"cost":0,"weight":655,"source":38,"target":26},{"cost":0,"weight":80,"source":21,"target":31},{"cost":0,"weight":187,"source":6,"target":33},{"cost":0,"weight":475,"source":4,"target":31},{"cost":0,"weight":721,"source":28,"target":4},{"cost":0,"weight":211,"source":31,"target":3},{"cost":0,"weight":895,"source":32,"target":18},{"cost":0,"weight":867,"source":0,"target":32},{"cost":0,"weight":860,"source":14,"target":18},{"cost":0,"weight":203,"source":19,"target":21},{"cost":0,"weight":535,"source":37,"target":18},{"cost":0,"weight":102,"source":16,"target":9},{"cost":0,"weight":74,"source":17,"target":14},{"cost":0,"weight":975,"source":0,"target":17},{"cost":0,"weight":741,"source":29,"target":2},{"cost":0,"weight":20,"source":4,"target":37},{"cost":0,"weight":962,"source":26,"target":0},{"cost":0,"weight":229,"source":38,"target":3},{"cost":0,"weight":653,"source":6,"target":37},{"cost":0,"weight":61,"source":30,"target":39},{"cost":0,"weight":242,"source":35,"target":18},{"cost":0,"weight":758,"source":13,"target":8},{"cost":0,"weight":431,"source":25,"target":5},{"cost":0,"weight":363,"source":34,"target":6},{"cost":0,"weight":274,"source":34,"target":16},{"cost":0,"weight":775,"source":15,"target":0},{"cost":0,"weight":433,"source":7,"target":25},{"cost":0,"weight":66,"source":23,"target":34},{"cost":0,"weight":680,"source":28,"target":9},{"cost":0,"weight":50,"source":12,"target":33},{"cost":0,"weight":853,"source":37,"target":20},{"cost":0,"weight":457,"source":34,"target":37},{"cost":0,"weight":610,"source":16,"target":4},{"cost":0,"weight":303,"source":38,"target":20},{"cost":0,"weight":50,"source":14,"target":33},{"cost":0,"weight":46,"source":25,"target":8},{"cost":0,"weight":594,"source":36,"target":18},{"cost":0,"weight":271,"source":21,"target":32},{"cost":0,"weight":293,"source":7,"target":8},{"cost":0,"weight":248,"source":27,"target":37},{"cost":0,"weight":751,"source":28,"target":26},{"cost":0,"weight":650,"source":26,"target":18},{"cost":0,"weight":305,"source":17,"target":36},{"cost":0,"weight":560,"source":35,"target":13},{"cost":0,"weight":112,"source":17,"target":9},{"cost":0,"weight":304,"source":35,"target":17},{"cost":0,"weight":28,"source":26,"target":37},{"cost":0,"weight":627,"source":14,"target":24},{"cost":0,"weight":412,"source":1,"target":39},{"cost":0,"weight":92,"source":24,"target":34},{"cost":0,"weight":386,"source":21,"target":14},{"cost":0,"weight":919,"source":0,"target":31},{"cost":0,"weight":38,"source":35,"target":24},{"cost":0,"weight":817,"source":6,"target":32},{"cost":0,"weight":639,"source":32,"target":0},{"cost":0,"weight":744,"source":25,"target":28},{"cost":0,"weight":551,"source":36,"target":22},{"cost":0,"weight":940,"source":11,"target":21},{"cost":0,"weight":833,"source":10,"target":23},{"cost":0,"weight":676,"source":12,"target":17},{"cost":0,"weight":387,"source":1,"target":24},{"cost":0,"weight":952,"source":9,"target":29},{"cost":0,"weight":833,"source":21,"target":3},{"cost":0,"weight":327,"source":10,"target":26},{"cost":0,"weight":377,"source":6,"target":38},{"cost":0,"weight":995,"source":26,"target":28},{"cost":0,"weight":924,"source":23,"target":11},{"cost":0,"weight":101,"source":29,"target":21},{"cost":0,"weight":695,"source":8,"target":14},{"cost":0,"weight":630,"source":28,"target":37},{"cost":0,"weight":971,"source":18,"target":32},{"cost":0,"weight":89,"source":18,"target":21},{"cost":0,"weight":111,"source":34,"target":32},{"cost":0,"weight":94,"source":15,"target":2},{"cost":0,"weight":451,"source":32,"target":20},{"cost":0,"weight":260,"source":38,"target":12},{"cost":0,"weight":926,"source":20,"target":29},{"cost":0,"weight":407,"source":36,"target":30},{"cost":0,"weight":807,"source":12,"target":0},{"cost":0,"weight":447,"source":35,"target":25},{"cost":0,"weight":404,"source":18,"target":39},{"cost":0,"weight":926,"source":9,"target":27},{"cost":0,"weight":310,"source":33,"target":7},{"cost":0,"weight":920,"source":19,"target":18},{"cost":0,"weight":759,"source":28,"target":39},{"cost":0,"weight":821,"source":7,"target":9},{"cost":0,"weight":286,"source":12,"target":2},{"cost":0,"weight":67,"source":39,"target":38},{"cost":0,"weight":35,"source":5,"target":6},{"cost":0,"weight":353,"source":31,"target":19},{"cost":0,"weight":569,"source":32,"target":5},{"cost":0,"weight":85,"source":4,"target":1},{"cost":0,"weight":949,"source":6,"target":1},{"cost":0,"weight":354,"source":36,"target":13},{"cost":0,"weight":484,"source":28,"target":22},{"cost":0,"weight":325,"source":25,"target":19},{"cost":0,"weight":303,"source":38,"target":8},{"cost":0,"weight":324,"source":14,"target":22},{"cost":0,"weight":672,"source":5,"target":29},{"cost":0,"weight":851,"source":23,"target":10},{"cost":0,"weight":870,"source":21,"target":0},{"cost":0,"weight":476,"source":0,"target":39},{"cost":0,"weight":355,"source":9,"target":16},{"cost":0,"weight":849,"source":14,"target":13},{"cost":0,"weight":471,"source":31,"target":39},{"cost":0,"weight":817,"source":26,"target":3},{"cost":0,"weight":352,"source":16,"target":37},{"cost":0,"weight":118,"source":23,"target":4},{"cost":0,"weight":94,"source":35,"target":11},{"cost":0,"weight":183,"source":30,"target":36},{"cost":0,"weight":332,"source":19,"target":31}],"graph":{"S":0,"T":10},"multigraph":false}