{"directed":true,"nodes":[{"id":0},{"id":1},{"id":2},{"id":3},{"id":4},{"id":5},{"id":6},{"id":7},{"id":8},{"id":9},{"id":10},{"id":11},{"id":12},{"id":13},{"id":14},{"id":15},{"id":16},{"id":17},{"id":18},{"id":19},{"id":20},{"id":21},{"id":22},{"id":23},{"id":24},{"id":25},{"id":26},{"id":27},{"id":28},{"id":29},{"id":30},{"id":31},{"id":32},{"id":33},{"id":34},{"id":35},{"id":36},{"id":37},{"id":38},{"id":39}],"links":[{"cost":0,"weight":463,"source":6,"target":20},{"cost":0,"weight":195,"source":39,"target":22},{"cost":0,"weight":570,"source":16,"target":32},{"cost":0,"weight":246,"source":1,"target":27},{"cost":0,"weight":845,"source":4,"target":3},{"cost":0,"weight":415,"source":10,"target":27},{"cost":0,"weight":993,"source":30,"target":17},{"cost":0,"weight":394,"source":5,"target":12},{"cost":0,"weight":620,"source":28,"target":0},{"cost":0,"weight":965,"source":4,"target":14},{"cost":0,"weight":732,"source":2,"target":24},{"cost":0,"weight":781,"source":17,"target":5},{"cost":0,"weight":512,"source":13,"target":20},{"cost":0,"weight":33,"source":14,"target":18},{"cost":0,"weight":368,"source":15,"target":10},{"cost":0,"weight":582,"source":14,"target":12},{"cost":0,"weight":840,"source":24,"target":38},{"cost":0,"weight":571,"source":7,"target":8},{"cost":0,"weight":440,"source":10,"target":37},{"cost":0,"weight":329,"source":26,"target":18},{"cost":0,"weight":275,"source":2,"target":12},{"cost":0,"weight":702,"source":21,"target":35},{"cost":0,"weight":402,"source":2,"target":3},{"cost":0,"weight":689,"source":29,"target":21},{"cost":0,"weight":970,"source":17,"target":33},{"cost":0,"weight":831,"source":8,"target":7},{"cost":0,"weight":883,"source":32,"target":37},{"cost":0,"weight":100,"source":5,"target":28},{"cost":0,"weight":545,"source":4,"target":17},{"cost":0,"weight":793,"source":12,"target":11},{"cost":0,"weight":476,"source":16,"target":12},{"cost":0,"weight":53,"source":33,"target":34},{"cost":0,"weight":185,"source":5,"target":3},{"cost":0,"weight":355,"source":19,"target":27},{"cost":0,"weight":798,"source":36,"target":6},{"cost":0,"weight":824,"source":10,"target":31},{"cost":0,"weight":904,"source":3,"target":5},{"cost":0,"weight":209,"source":25,"target":4},{"cost":0,"weight":965,"source":2,"target":6},{"cost":0,"weight":733,"source":31,"target":28},{"cost":0,"weight":464,"source":15,"target":35},{"cost":0,"weight":185,"source":7,"target":4},{"cost":0,"weight":276,"source":37,"target":27},{"cost":0,"weight":363,"source":31,"target":39},{"cost":0,"weight":360,"source":3,"target":27},{"cost":0,"weight":281,"source":37,"target":15},{"cost":0,"weight":696,"source":1,"target":9},{"cost":0,"weight":736,"source":5,"target":24},{"cost":0,"weight":488,"source":6,"target":5},{"cost":0,"weight":662,"source":16,"target":9},{"cost":0,"weight":181,"source":21,"target":20},{"cost":0,"weight":85,"source":23,"target":7},{"cost":0,"weight":786,"source":37,"target":24},{"cost":0,"weight":827,"source":15,"target":36},{"cost":0,"weight":174,"source":18,"target":1},{"cost":0,"weight":412,"source":11,"target":8},{"cost":0,"weight":762,"source":27,"target":13},{"cost":0,"weight":986,"source":11,"target":25},{"cost":0,"weight":108,"source":7,"target":34},{"cost":0,"weight":547,"source":1,"target":11},{"cost":0,"weight":823,"source":13,"target":9},{"cost":0,"weight":124,"source":28,"target":31},{"cost":0,"weight":638,"source":9,"target":10},{"cost":0,"weight":623,"source":38,"target":18},{"cost":0,"weight":524,"source":21,"target":10},{"cost":0,"weight":519,"source":33,"target":0},{"cost":0,"weight":882,"source":12,"target":10},{"cost":0,"weight":872,"source":7,"target":1},{"cost":0,"weight":853,"source":34,"target":29},{"cost":0,"weight":374,"source":17,"target":14},{"cost":0,"weight":604,"source":31,"target":37},{"cost":0,"weight":663,"source":39,"target":3},{"cost":0,"weight":548,"source":18,"target":3},{"cost":0,"weight":179,"source":6,"target":8},{"cost":0,"weight":496,"source":10,"target":1},{"cost":0,"weight":518,"source":8,"target":5},{"cost":0,"weight":802,"source":8,"target":22},{"cost":0,"weight":892,"source":14,"target":9},{"cost":0,"weight":478,"source":8,"target":13},{"cost":0,"weight":767,"source":16,"target":39},{"cost":0,"weight":699,"source":31,"target":26},{"cost":0,"weight":351,"source":12,"target":30},{"cost":0,"weight":310,"source":14,"target":35},{"cost":0,"weight":879,"source":21,"target":36},{"cost":0,"weight":153,"source":20,"target":38},{"cost":0,"weight":487,"source":11,"target":6},{"cost":0,"weight":788,"source":34,"target":21},{"cost":0,"weight":357,"source":24,"target":22},{"cost":0,"weight":717,"source":35,"target":2},{"cost":0,"weight":327,"source":12,"target":0},{"cost":0,"weight":544,"source":37,"target":29},{"cost":0,"weight":676,"source":10,"target":33},{"cost":0,"weight":594,"source":33,"target":12},{"cost":0,"weight":97,"source":31,"target":38},{"cost":0,"weight":177,"source":9,"target":7},{"cost":0,"weight":167,"source":11,"target":9},{"cost":0,"weight":12,"source":0,"target":37},{"cost":0,"weight":140,"source":26,"target":14},{"cost":0,"weight":812,"source":31,"target":8},{"cost":0,"weight":618,"source":25,"target":1},{"cost":0,"weight":81,"source":30,"target":35},{"cost":0,"weight":444,"source":34,"target":7},{"cost":0,"weight":294,"source":22,"target":31},{"cost":0,"weight":168,"source":13,"target":11},{"cost":0,"weight":127,"source":0,"target":11},{"cost":0,"weight":656,"source":12,"target":31},{"cost":0,"weight":99,"source":23,"target":38},{"cost":0,"weight":558,"source":35,"target":3},{"cost":0,"weight":733,"source":13,"target":6},{"cost":0,"weight":281,"source":5,"target":1},{"cost":0,"weight":76,"source":1,"target":14},{"cost":0,"weight":118,"source":31,"target":30},{"cost":0,"weight":326,"source":36,"target":37},{"cost":0,"weight":130,"source":7,"target":6},{"cost":0,"weight":940,"source":8,"target":2},{"cost":0,"weight":202,"source":23,"target":36},{"cost":0,"weight":65,"source":3,"target":21},{"cost":0,"weight":816,"source":16,"target":17},{"cost":0,"weight":417,"source":35,"target":14},{"cost":0,"weight":432,"source":25,"target":39},{"cost":0,"weight":583,"source":35,"target":10},{"cost":0,"weight":971,"source":31,"target":36},{"cost":0,"weight":260,"source":3,"target":37},{"cost":0,"weight":532,"source":32,"target":8},{"cost":0,"weight":449,"source":3,"target":31},{"cost":0,"weight":505,"source":27,"target":9},{"cost":0,"weight":741,"source":23,"target":0},{"cost":0,"weight":387,"source":37,"target":4},{"cost":0,"weight":762,"source":8,"target":20},{"cost":0,"weight":165,"source":34,"target":14},{"cost":0,"weight":109,"source":26,"target":4},{"cost":0,"weight":831,"source":33,"target":24},{"cost":0,"weight":874,"source":34,"target":25},{"cost":0,"weight":690,"source":17,"target":29},{"cost":0,"weight":514,"source":24,"target":29},{"cost":0,"weight":972,"source":39,"target":10},{"cost":0,"weight":854,"source":18,"target":0},{"cost":0,"weight":304,"source":18,"target":9},{"cost":0,"weight":904,"source":25,"target":12},{"cost":0,"weight":739,"source":29,"target":33},{"cost":0,"weight":35,"source":20,"target":29},{"cost":0,"weight":268,"source":27,"target":37},{"cost":0,"weight":143,"source":2,"target":32},{"cost":0,"weight":273,"source":18,"target":15},{"cost":0,"weight":498,"source":38,"target":31},{"cost":0,"weight":288,"source":37,"target":25},{"cost":0,"weight":875,"source":19,"target":7},{"cost":0,"weight":258,"source":22,"target":6},{"cost":0,"weight":506,"source":11,"target":14},{"cost":0,"weight":19,"source":19,"target":36},{"cost":0,"weight":820,"source":28,"target":34},{"cost":0,"weight":103,"source":8,"target":37},{"cost":0,"weight":253,"source":38,"target":30},{"cost":0,"weight":283,"source":30,"target":39},{"cost":0,"weight":147,"source":21,"target":31},{"cost":0,"weight":513,"source":7,"target":31},{"cost":0,"weight":865,"source":15,"target":26},{"cost":0,"weight":985,"source":30,"target":34},{"cost":0,"weight":407,"source":37,"target":11},{"cost":0,"weight":302,"source":5,"target":15}],"graph":{"S":0,"T":10},"multigraph":false}