{"directed":true,"nodes":[{"id":0},{"id":1},{"id":2},{"id":3},{"id":4},{"id":5},{"id":6},{"id":7},{"id":8},{"id":9},{"id":10},{"id":11},{"id":12},{"id":13},{"id":14},{"id":15},{"id":16},{"id":17},{"id":18},{"id":19},{"id":20},{"id":21},{"id":22},{"id":23},{"id":24},{"id":25},{"id":26},{"id":27},{"id":28},{"id":29},{"id":30},{"id":31},{"id":32},{"id":33},{"id":34},{"id":35},{"id":36},{"id":37},{"id":38},{"id":39}],"links":[{"cost":0,"weight":162,"source":19,"target":32},{"cost":0,"weight":570,"source":37,"target":36},{"cost":0,"weight":637,"source":15,"target":20},{"cost":0,"weight":365,"source":39,"target":11},{"cost":0,"weight":240,"source":37,"target":18},{"cost":0,"weight":733,"source":25,"target":7},{"cost":0,"weight":649,"source":13,"target":28},{"cost":0,"weight":877,"source":28,"target":5},{"cost":0,"weight":690,"source":35,"target":22},{"cost":0,"weight":767,"source":31,"target":20},{"cost":0,"weight":439,"source":22,"target":24},{"cost":0,"weight":268,"source":37,"target":9},{"cost":0,"weight":259,"source":4,"target":7},{"cost":0,"weight":98,"source":10,"target":32},{"cost":0,"weight":269,"source":12,"target":26},{"cost":0,"weight":872,"source":10,"target":21},{"cost":0,"weight":639,"source":31,"target":15},{"cost":0,"weight":717,"source":38,"target":32},{"cost":0,"weight":200,"source":27,"target":13},{"cost":0,"weight":177,"source":36,"target":22},{"cost":0,"weight":841,"source":6,"target":5},{"cost":0,"weight":701,"source":33,"target":4},{"cost":0,"weight":773,"source":28,"target":26},{"cost":0,"weight":401,"source":30,"target":7},{"cost":0,"weight":543,"source":28,"target":7},{"cost":0,"weight":855,"source":37,"target":23},{"cost":0,"weight":593,"source":21,"target":31},{"cost":0,"weight":985,"source":30,"target":26},{"cost":0,"weight":945,"source":1,"target":0},{"cost":0,"weight":345,"source":34,"target":12},{"cost":0,"weight":379,"source":35,"target":17},{"cost":0,"weight":800,"source":3,"target":36},{"cost":0,"weight":375,"source":6,"target":26},{"cost":0,"weight":488,"source":10,"target":35},{"cost":0,"weight":228,"source":38,"target":37},{"cost":0,"weight":53,"source":3,"target":21},{"cost":0,"weight":118,"source":22,"target":9},{"cost":0,"weight":209,"source":24,"target":28},{"cost":0,"weight":204,"source":35,"target":29},{"cost":0,"weight":962,"source":23,"target":30},{"cost":0,"weight":728,"source":20,"target":3},{"cost":0,"weight":55,"source":8,"target":37},{"cost":0,"weight":231,"source":7,"target":16},{"cost":0,"weight":975,"source":11,"target":16},{"cost":0,"weight":266,"source":1,"target":3},{"cost":0,"weight":548,"source":34,"target":24},{"cost":0,"weight":942,"source":25,"target":2},{"cost":0,"weight":39,"source":33,"target":30},{"cost":0,"weight":802,"source":1,"target":16},{"cost":0,"weight":831,"source":6,"target":18},{"cost":0,"weight":866,"source":24,"target":30},{"cost":0,"weight":153,"source":24,"target":0},{"cost":0,"weight":702,"source":39,"target":4},{"cost":0,"weight":42,"source":14,"target":39},{"cost":0,"weight":432,"source":24,"target":20},{"cost":0,"weight":155,"source":26,"target":37},{"cost":0,"weight":809,"source":11,"target":32},{"cost":0,"weight":338,"source":16,"target":35},{"cost":0,"weight":395,"source":34,"target":16},{"cost":0,"weight":261,"source":39,"target":26},{"cost":0,"weight":634,"source":23,"target":19},{"cost":0,"weight":487,"source":14,"target":37},{"cost":0,"weight":322,"source":20,"target":29},{"cost":0,"weight":118,"source":11,"target":20},{"cost":0,"weight":583,"source":4,"target":14},{"cost":0,"weight":594,"source":10,"target":4},{"cost":0,"weight":250,"source":14,"target":26},{"cost":0,"weight":479,"source":5,"target":24},{"cost":0,"weight":455,"source":7,"target":38},{"cost":0,"weight":837,"source":14,"target":38},{"cost":0,"weight":378,"source":16,"target":6},{"cost":0,"weight":754,"source":19,"target":5},{"cost":0,"weight":214,"source":1,"target":7},{"cost":0,"weight":191,"source":27,"target":35},{"cost":0,"weight":764,"source":31,"target":21},{"cost":0,"weight":234,"source":18,"target":38},{"cost":0,"weight":287,"source":22,"target":8},{"cost":0,"weight":495,"source":35,"target":27},{"cost":0,"weight":924,"source":7,"target":18},{"cost":0,"weight":327,"source":23,"target":29},{"cost":0,"weight":754,"source":27,"target":29},{"cost":0,"weight":274,"source":20,"target":23},{"cost":0,"weight":814,"source":2,"target":22},{"cost":0,"weight":845,"source":5,"target":21},{"cost":0,"weight":50,"source":0,"target":21},{"cost":0,"weight":500,"source":16,"target":26},{"cost":0,"weight":710,"source":11,"target":5},{"cost":0,"weight":319,"source":21,"target":26},{"cost":0,"weight":698,"source":32,"target":22},{"cost":0,"weight":691,"source":23,"target":32},{"cost":0,"weight":184,"source":8,"target":22},{"cost":0,"weight":758,"source":34,"target":30},{"cost":0,"weight":952,"source":17,"target":39},{"cost":0,"weight":137,"source":38,"target":0},{"cost":0,"weight":275,"source":27,"target":7},{"cost":0,"weight":197,"source":19,"target":30},{"cost":0,"weight":907,"source":38,"target":22},{"cost":0,"weight":797,"source":14,"target":21},{"cost":0,"weight":262,"source":33,"target":11},{"cost":0,"weight":937,"source":35,"target":13},{"cost":0,"weight":503,"source":31,"target":7},{"cost":0,"weight":465,"source":17,"target":31},{"cost":0,"weight":680,"source":33,"target":28},{"cost":0,"weight":909,"source":22,"target":33},{"cost":0,"weight":330,"source":6,"target":12},{"cost":0,"weight":121,"source":7,"target":28},{"cost":0,"weight":540,"source":21,"target":27},{"cost":0,"weight":799,"source":16,"target":17},{"cost":0,"weight":797,"source":19,"target":9},{"cost":0,"weight":300,"source":39,"target":15},{"cost":0,"weight":569,"source":33,"target":37},{"cost":0,"weight":690,"source":15,"target":23},{"cost":0,"weight":323,"source":5,"target":26},{"cost":0,"weight":854,"source":33,"target":13},{"cost":0,"weight":810,"source":22,"target":19},{"cost":0,"weight":191,"source":6,"target":24},{"cost":0,"weight":626,"source":35,"target":12},{"cost":0,"weight":340,"source":36,"target":35},{"cost":0,"weight":668,"source":17,"target":35},{"cost":0,"weight":255,"source":2,"target":38},{"cost":0,"weight":612,"source":0,"target":13},{"cost":0,"weight":575,"source":1,"target":8},{"cost":0,"weight":530,"source":29,"target":16},{"cost":0,"weight":881,"source":21,"target":14},{"cost":0,"weight":765,"source":28,"target":36},{"cost":0,"weight":537,"source":12,"target":8},{"cost":0,"weight":127,"source":25,"target":23},{"cost":0,"weight":745,"source":13,"target":4},{"cost":0,"weight":336,"source":15,"target":35},{"cost":0,"weight":443,"source":30,"target":16},{"cost":0,"weight":263,"source":19,"target":15},{"cost":0,"weight":562,"source":1,"target":19},{"cost":0,"weight":945,"source":5,"target":9},{"cost":0,"weight":116,"source":4,"target":11},{"cost":0,"weight":859,"source":3,"target":2},{"cost":0,"weight":156,"source":28,"target":20},{"cost":0,"weight":392,"source":4,"target":18},{"cost":0,"weight":671,"source":7,"target":31},{"cost":0,"weight":687,"source":5,"target":33},{"cost":0,"weight":49,"source":8,"target":28},{"cost":0,"weight":249,"source":25,"target":5},{"cost":0,"weight":954,"source":34,"target":21},{"cost":0,"weight":860,"source":2,"target":34},{"cost":0,"weight":782,"source":10,"target":3},{"cost":0,"weight":994,"source":3,"target":28},{"cost":0,"weight":937,"source":37,"target":15},{"cost":0,"weight":16,"source":32,"target":37},{"cost":0,"weight":139,"source":15,"target":38},{"cost":0,"weight":563,"source":21,"target":12},{"cost":0,"weight":662,"source":9,"target":26},{"cost":0,"weight":267,"source":30,"target":17},{"cost":0,"weight":261,"source":10,"target":28},{"cost":0,"weight":207,"source":2,"target":6},{"cost":0,"weight":881,"source":31,"target":39},{"cost":0,"weight":973,"source":0,"target":6},{"cost":0,"weight":389,"source":1,"target":26},{"cost":0,"weight":623,"source":38,"target":13},{"cost":0,"weight":587,"source":0,"target":1},{"cost":0,"weight":25,"source":37,"target":2},{"cost":0,"weight":593,"source":38,"target":6}],"graph":{"S":0,"T":10},"multigraph":false}