{"directed":true,"nodes":[{"id":0},{"id":1},{"id":2},{"id":3},{"id":4},{"id":5},{"id":6},{"id":7},{"id":8},{"id":9},{"id":10},{"id":11},{"id":12},{"id":13},{"id":14},{"id":15},{"id":16},{"id":17},{"id":18},{"id":19},{"id":20},{"id":21},{"id":22},{"id":23},{"id":24},{"id":25},{"id":26},{"id":27},{"id":28},{"id":29},{"id":30},{"id":31},{"id":32},{"id":33},{"id":34},{"id":35},{"id":36},{"id":37},{"id":38},{"id":39}],"links":[{"cost":0,"weight":586,"source":0,"target":37},{"cost":0,"weight":213,"source":13,"target":15},{"cost":0,"weight":516,"source":19,"target":38},{"cost":0,"weight":393,"source":38,"target":4},{"cost":0,"weight":25,"source":6,"target":11},{"cost":0,"weight":684,"source":14,"target":5},{"cost":0,"weight":45,"source":14,"target":25},{"cost":0,"weight":644,"source":7,"target":1},{"cost":0,"weight":25,"source":9,"target":0},{"cost":0,"weight":727,"source":32,"target":14},{"cost":0,"weight":193,"source":33,"target":14},{"cost":0,"weight":195,"source":22,"target":26},{"cost":0,"weight":252,"source":21,"target":1},{"cost":0,"weight":851,"source":34,"target":21},{"cost":0,"weight":836,"source":21,"target":3},{"cost":0,"weight":316,"source":31,"target":18},{"cost":0,"weight":343,"source":18,"target":19},{"cost":0,"weight":105,"source":19,"target":36},{"cost":0,"weight":42,"source":23,"target":21},{"cost":0,"weight":507,"source":24,"target":21},{"cost":0,"weight":644,"source":8,"target":35},{"cost":0,"weight":856,"source":21,"target":18},{"cost":0,"weight":629,"source":30,"target":28},{"cost":0,"weight":24,"source":21,"target":26},{"cost":0,"weight":56,"source":5,"target":11},{"cost":0,"weight":537,"source":36,"target":5},{"cost":0,"weight":455,"source":34,"target":4},{"cost":0,"weight":366,"source":18,"target":34},{"cost":0,"weight":873,"source":35,"target":39},{"cost":0,"weight":484,"source":21,"target":0},{"cost":0,"weight":319,"source":5,"target":6},{"cost":0,"weight":978,"source":39,"target":6},{"cost":0,"weight":275,"source":28,"target":11},{"cost":0,"weight":814,"source":17,"target":14},{"cost":0,"weight":194,"source":19,"target":27},{"cost":0,"weight":303,"source":34,"target":11},{"cost":0,"weight":565,"source":0,"target":31},{"cost":0,"weight":551,"source":33,"target":28},{"cost":0,"weight":650,"source":27,"target":33},{"cost":0,"weight":679,"source":19,"target":9},{"cost":0,"weight":267,"source":3,"target":11},{"cost":0,"weight":169,"source":17,"target":10},{"cost":0,"weight":939,"source":13,"target":18},{"cost":0,"weight":96,"source":25,"target":39},{"cost":0,"weight":20,"source":26,"target":18},{"cost":0,"weight":674,"source":7,"target":18},{"cost":0,"weight":704,"source":27,"target":12},{"cost":0,"weight":492,"source":7,"target":25},{"cost":0,"weight":476,"source":20,"target":11},{"cost":0,"weight":780,"source":18,"target":15},{"cost":0,"weight":943,"source":2,"target":28},{"cost":0,"weight":332,"source":19,"target":2},{"cost":0,"weight":468,"source":10,"target":26},{"cost":0,"weight":220,"source":37,"target":15},{"cost":0,"weight":537,"source":8,"target":33},{"cost":0,"weight":649,"source":32,"target":35},{"cost":0,"weight":95,"source":27,"target":1},{"cost":0,"weight":955,"source":29,"target":39},{"cost":0,"weight":449,"source":0,"target":24},{"cost":0,"weight":283,"source":4,"target":31},{"cost":0,"weight":545,"source":34,"target":15},{"cost":0,"weight":703,"source":12,"target":8},{"cost":0,"weight":876,"source":4,"target":7},{"cost":0,"weight":293,"source":36,"target":37},{"cost":0,"weight":617,"source":26,"target":21},{"cost":0,"weight":941,"source":32,"target":12},{"cost":0,"weight":22,"source":2,"target":18},{"cost":0,"weight":110,"source":13,"target":23},{"cost":0,"weight":836,"source":1,"target":18},{"cost":0,"weight":38,"source":26,"target":15},{"cost":0,"weight":574,"source":25,"target":32},{"cost":0,"weight":533,"source":30,"target":14},{"cost":0,"weight":336,"source":22,"target":36},{"cost":0,"weight":988,"source":26,"target":7},{"cost":0,"weight":182,"source":22,"target":18},{"cost":0,"weight":542,"source":36,"target":28},{"cost":0,"weight":219,"source":11,"target":15},{"cost":0,"weight":454,"source":26,"target":38},{"cost":0,"weight":951,"source":1,"target":30},{"cost":0,"weight":623,"source":13,"target":26},{"cost":0,"weight":236,"source":2,"target":0},{"cost":0,"weight":141,"source":37,"target":1},{"cost":0,"weight":703,"source":19,"target":17},{"cost":0,"weight":145,"source":13,"target":17},{"cost":0,"weight":696,"source":27,"target":23},{"cost":0,"weight":437,"source":24,"target":6},{"cost":0,"weight":395,"source":30,"target":6},{"cost":0,"weight":377,"source":12,"target":0},{"cost":0,"weight":38,"source":36,"target":15},{"cost":0,"weight":32,"source":7,"target":35},{"cost":0,"weight":654,"source":36,"target":35},{"cost":0,"weight":356,"source":39,"target":10},{"cost":0,"weight":70,"source":8,"target":4},{"cost":0,"weight":257,"source":19,"target":26},{"cost":0,"weight":230,"source":30,"target":17},{"cost":0,"weight":105,"source":3,"target":12},{"cost":0,"weight":987,"source":9,"target":39},{"cost":0,"weight":650,"source":33,"target":4},{"cost":0,"weight":330,"source":35,"target":20},{"cost":0,"weight":91,"source":26,"target":33},{"cost":0,"weight":73,"source":14,"target":27},{"cost":0,"weight":72,"source":10,"target":0},{"cost":0,"weight":622,"source":33,"target":17},{"cost":0,"weight":690,"source":36,"target":18},{"cost":0,"weight":213,"source":23,"target":24},{"cost":0,"weight":78,"source":13,"target":6},{"cost":0,"weight":211,"source":16,"target":17},{"cost":0,"weight":140,"source":38,"target":18},{"cost":0,"weight":821,"source":20,"target":23},{"cost":0,"weight":305,"source":22,"target":6},{"cost":0,"weight":188,"source":0,"target":30},{"cost":0,"weight":575,"source":6,"target":10},{"cost":0,"weight":583,"source":27,"target":36},{"cost":0,"weight":843,"source":31,"target":34},{"cost":0,"weight":762,"source":4,"target":36},{"cost":0,"weight":22,"source":16,"target":26},{"cost":0,"weight":407,"source":20,"target":38},{"cost":0,"weight":375,"source":30,"target":16},{"cost":0,"weight":462,"source":38,"target":21},{"cost":0,"weight":69,"source":30,"target":33},{"cost":0,"weight":545,"source":2,"target":11},{"cost":0,"weight":727,"source":36,"target":38},{"cost":0,"weight":605,"source":30,"target":39},{"cost":0,"weight":980,"source":36,"target":6},{"cost":0,"weight":585,"source":15,"target":34},{"cost":0,"weight":762,"source":34,"target":24},{"cost":0,"weight":383,"source":31,"target":30},{"cost":0,"weight":347,"source":39,"target":36},{"cost":0,"weight":59,"source":6,"target":31},{"cost":0,"weight":167,"source":11,"target":39},{"cost":0,"weight":890,"source":1,"target":3},{"cost":0,"weight":598,"source":38,"target":32},{"cost":0,"weight":287,"source":32,"target":27},{"cost":0,"weight":132,"source":31,"target":7},{"cost":0,"weight":767,"source":7,"target":13},{"cost":0,"weight":820,"source":34,"target":1},{"cost":0,"weight":454,"source":37,"target":29},{"cost":0,"weight":346,"source":13,"target":4},{"cost":0,"weight":468,"source":23,"target":16},{"cost":0,"weight":961,"source":38,"target":22},{"cost":0,"weight":955,"source":11,"target":12},{"cost":0,"weight":794,"source":2,"target":29},{"cost":0,"weight":617,"source":27,"target":22},{"cost":0,"weight":251,"source":23,"target":31},{"cost":0,"weight":317,"source":27,"target":4},{"cost":0,"weight":37,"source":36,"target":14},{"cost":0,"weight":782,"source":2,"target":37},{"cost":0,"weight":719,"source":19,"target":25},{"cost":0,"weight":783,"source":1,"target":28},{"cost":0,"weight":225,"source":17,"target":27},{"cost":0,"weight":734,"source":26,"target":23},{"cost":0,"weight":530,"source":13,"target":39},{"cost":0,"weight":102,"source":36,"target":22},{"cost":0,"weight":295,"source":4,"target":26},{"cost":0,"weight":500,"source":30,"target":7},{"cost":0,"weight":25,"source":39,"target":11},{"cost":0,"weight":571,"source":10,"target":20},{"cost":0,"weight":731,"source":13,"target":8},{"cost":0,"weight":271,"source":22,"target":25},{"cost":0,"weight":338,"source":25,"target":21}],"graph":{"S":0,"T":10},"multigraph":false}