{"directed":true,"nodes":[{"id":0},{"id":1},{"id":2},{"id":3},{"id":4},{"id":5},{"id":6},{"id":7},{"id":8},{"id":9},{"id":10},{"id":11},{"id":12},{"id":13},{"id":14},{"id":15},{"id":16},{"id":17},{"id":18},{"id":19},{"id":20},{"id":21},{"id":22},{"id":23},{"id":24},{"id":25},{"id":26},{"id":27},{"id":28},{"id":29},{"id":30},{"id":31},{"id":32},{"id":33},{"id":34},{"id":35},{"id":36},{"id":37},{"id":38},{"id":39}],"links":[{"cost":0,"weight":33,"source":2,"target":29},{"cost":0,"weight":784,"source":15,"target":3},{"cost":0,"weight":654,"source":25,"target":16},{"cost":0,"weight":384,"source":14,"target":38},{"cost":0,"weight":568,"source":32,"target":1},{"cost":0,"weight":206,"source":22,"target":18},{"cost":0,"weight":236,"source":27,"target":17},{"cost":0,"weight":468,"source":27,"target":28},{"cost":0,"weight":842,"source":23,"target":21},{"cost":0,"weight":100,"source":13,"target":25},{"cost":0,"weight":962,"source":4,"target":7},{"cost":0,"weight":735,"source":7,"target":1},{"cost":0,"weight":578,"source":23,"target":18},{"cost":0,"weight":98,"source":1,"target":9},{"cost":0,"weight":180,"source":3,"target":35},{"cost":0,"weight":562,"source":13,"target":8},{"cost":0,"weight":877,"source":28,"target":12},{"cost":0,"weight":332,"source":3,"target":1},{"cost":0,"weight":319,"source":31,"target":26},{"cost":0,"weight":322,"source":9,"target":39},{"cost":0,"weight":464,"source":33,"target":22},{"cost":0,"weight":183,"source":11,"target":0},{"cost":0,"weight":82,"source":19,"target":24},{"cost":0,"weight":318,"source":27,"target":32},{"cost":0,"weight":555,"source":31,"target":38},{"cost":0,"weight":71,"source":28,"target":30},{"cost":0,"weight":334,"source":25,"target":13},{"cost":0,"weight":138,"source":17,"target":27},{"cost":0,"weight":241,"source":13,"target":31},{"cost":0,"weight":584,"source":13,"target":23},{"cost":0,"weight":193,"source":33,"target":26},{"cost":0,"weight":221,"source":38,"target":13},{"cost":0,"weight":662,"source":6,"target":18},{"cost":0,"weight":520,"source":20,"target":7},{"cost":0,"weight":748,"source":1,"target":4},{"cost":0,"weight":777,"source":24,"target":4},{"cost":0,"weight":264,"source":32,"target":35},{"cost":0,"weight":467,"source":2,"target":22},{"cost":0,"weight":32,"source":11,"target":8},{"cost":0,"weight":399,"source":3,"target":24},{"cost":0,"weight":146,"source":19,"target":4},{"cost":0,"weight":566,"source":20,"target":37},{"cost":0,"weight":728,"source":0,"target":27},{"cost":0,"weight":511,"source":34,"target":30},{"cost":0,"weight":836,"source":37,"target":38},{"cost":0,"weight":48,"source":32,"target":13},{"cost":0,"weight":380,"source":10,"target":1},{"cost":0,"weight":98,"source":37,"target":11},{"cost":0,"weight":44,"source":9,"target":27},{"cost":0,"weight":736,"source":29,"target":25},{"cost":0,"weight":293,"source":9,"target":29},{"cost":0,"weight":880,"source":16,"target":33},{"cost":0,"weight":527,"source":18,"target":10},{"cost":0,"weight":298,"source":15,"target":11},{"cost":0,"weight":519,"source":17,"target":13},{"cost":0,"weight":925,"source":27,"target":12},{"cost":0,"weight":212,"source":36,"target":34},{"cost":0,"weight":886,"source":37,"target":0},{"cost":0,"weight":341,"source":29,"target":12},{"cost":0,"weight":289,"source":28,"target":6},{"cost":0,"weight":460,"source":13,"target":17},{"cost":0,"weight":250,"source":6,"target":8},{"cost":0,"weight":287,"source":22,"target":8},{"cost":0,"weight":509,"source":20,"target":19},{"cost":0,"weight":909,"source":5,"target":38},{"cost":0,"weight":751,"source":14,"target":37},{"cost":0,"weight":661,"source":24,"target":3},{"cost":0,"weight":442,"source":19,"target":36},{"cost":0,"weight":298,"source":0,"target":33},{"cost":0,"weight":429,"source":23,"target":2},{"cost":0,"weight":476,"source":34,"target":4},{"cost":0,"weight":273,"source":18,"target":33},{"cost":0,"weight":363,"source":28,"target":31},{"cost":0,"weight":812,"source":8,"target":12},{"cost":0,"weight":118,"source":39,"target":7},{"cost":0,"weight":530,"source":27,"target":13},{"cost":0,"weight":509,"source":21,"target":30},{"cost":0,"weight":942,"source":30,"target":27},{"cost":0,"weight":475,"source":25,"target":11},{"cost":0,"weight":940,"source":10,"target":25},{"cost":0,"weight":988,"source":23,"target":3},{"cost":0,"weight":551,"source":23,"target":11},{"cost":0,"weight":880,"source":37,"target":5},{"cost":0,"weight":948,"source":5,"target":35},{"cost":0,"weight":520,"source":39,"target":37},{"cost":0,"weight":928,"source":8,"target":32},{"cost":0,"weight":493,"source":29,"target":6},{"cost":0,"weight":264,"source":27,"target":1},{"cost":0,"weight":53,"source":36,"target":6},{"cost":0,"weight":88,"source":10,"target":18},{"cost":0,"weight":70,"source":38,"target":18},{"cost":0,"weight":93,"source":8,"target":13},{"cost":0,"weight":428,"source":29,"target":38},{"cost":0,"weight":466,"source":35,"target":29},{"cost":0,"weight":276,"source":25,"target":33},{"cost":0,"weight":446,"source":12,"target":24},{"cost":0,"weight":317,"source":27,"target":20},{"cost":0,"weight":665,"source":26,"target":11},{"cost":0,"weight":217,"source":21,"target":27},{"cost":0,"weight":315,"source":18,"target":32},{"cost":0,"weight":792,"source":17,"target":36},{"cost":0,"weight":628,"source":37,"target":27},{"cost":0,"weight":739,"source":35,"target":13},{"cost":0,"weight":383,"source":14,"target":26},{"cost":0,"weight":269,"source":11,"target":18},{"cost":0,"weight":44,"source":22,"target":2},{"cost":0,"weight":851,"source":22,"target":6},{"cost":0,"weight":253,"source":9,"target":21},{"cost":0,"weight":321,"source":33,"target":31},{"cost":0,"weight":194,"source":27,"target":31},{"cost":0,"weight":38,"source":11,"target":28},{"cost":0,"weight":55,"source":9,"target":31},{"cost":0,"weight":588,"source":36,"target":24},{"cost":0,"weight":713,"source":22,"target":24},{"cost":0,"weight":654,"source":12,"target":3},{"cost":0,"weight":913,"source":32,"target":29},{"cost":0,"weight":360,"source":11,"target":3},{"cost":0,"weight":213,"source":13,"target":15},{"cost":0,"weight":117,"source":0,"target":31},{"cost":0,"weight":183,"source":8,"target":6},{"cost":0,"weight":524,"source":21,"target":4},{"cost":0,"weight":358,"source":31,"target":37},{"cost":0,"weight":257,"source":37,"target":2},{"cost":0,"weight":309,"source":38,"target":39},{"cost":0,"weight":72,"source":7,"target":11},{"cost":0,"weight":517,"source":34,"target":7},{"cost":0,"weight":215,"source":12,"target":37},{"cost":0,"weight":809,"source":13,"target":29},{"cost":0,"weight":634,"source":35,"target":22},{"cost":0,"weight":70,"source":35,"target":2},{"cost":0,"weight":671,"source":34,"target":22},{"cost":0,"weight":493,"source":3,"target":11},{"cost":0,"weight":906,"source":23,"target":24},{"cost":0,"weight":181,"source":34,"target":39},{"cost":0,"weight":873,"source":33,"target":37},{"cost":0,"weight":317,"source":24,"target":27},{"cost":0,"weight":266,"source":20,"target":11},{"cost":0,"weight":41,"source":20,"target":21},{"cost":0,"weight":736,"source":37,"target":21},{"cost":0,"weight":164,"source":20,"target":0},{"cost":0,"weight":579,"source":13,"target":39},{"cost":0,"weight":696,"source":7,"target":24},{"cost":0,"weight":622,"source":12,"target":32},{"cost":0,"weight":858,"source":10,"target":29},{"cost":0,"weight":622,"source":19,"target":16},{"cost":0,"weight":849,"source":3,"target":37},{"cost":0,"weight":717,"source":21,"target":1},{"cost":0,"weight":855,"source":21,"target":2},{"cost":0,"weight":740,"source":19,"target":26},{"cost":0,"weight":932,"source":32,"target":3},{"cost":0,"weight":266,"source":36,"target":37},{"cost":0,"weight":122,"source":18,"target":26},{"cost":0,"weight":963,"source":17,"target":37},{"cost":0,"weight":66,"source":31,"target":34},{"cost":0,"weight":48,"source":31,"target":19},{"cost":0,"weight":227,"source":22,"target":38},{"cost":0,"weight":759,"source":37,"target":26},{"cost":0,"weight":284,"source":17,"target":28},{"cost":0,"weight":651,"source":23,"target":38},{"cost":0,"weight":411,"source":7,"target":31}],"graph":{"S":0,"T":10},"multigraph":false}