{"directed":true,"nodes":[{"id":0},{"id":1},{"id":2},{"id":3},{"id":4},{"id":5},{"id":6},{"id":7},{"id":8},{"id":9},{"id":10},{"id":11},{"id":12},{"id":13},{"id":14},{"id":15},{"id":16},{"id":17},{"id":18},{"id":19},{"id":20},{"id":21},{"id":22},{"id":23},{"id":24},{"id":25},{"id":26},{"id":27},{"id":28},{"id":29},{"id":30},{"id":31},{"id":32},{"id":33},{"id":34},{"id":35},{"id":36},{"id":37},{"id":38},{"id":39}],"links":[{"cost":0,"weight":609,"source":26,"target":4},{"cost":0,"weight":13,"source":2,"target":14},{"cost":0,"weight":826,"source":16,"target":25},{"cost":0,"weight":181,"source":17,"target":22},{"cost":0,"weight":741,"source":7,"target":0},{"cost":0,"weight":57,"source":34,"target":24},{"cost":0,"weight":364,"source":3,"target":16},{"cost":0,"weight":332,"source":2,"target":38},{"cost":0,"weight":533,"source":27,"target":20},{"cost":0,"weight":393,"source":25,"target":10},{"cost":0,"weight":431,"source":8,"target":17},{"cost":0,"weight":189,"source":34,"target":33},{"cost":0,"weight":265,"source":34,"target":2},{"cost":0,"weight":143,"source":12,"target":13},{"cost":0,"weight":808,"source":7,"target":34},{"cost":0,"weight":344,"source":20,"target":39},{"cost":0,"weight":374,"source":35,"target":29},{"cost":0,"weight":188,"source":1,"target":17},{"cost":0,"weight":974,"source":6,"target":26},{"cost":0,"weight":601,"source":36,"target":27},{"cost":0,"weight":769,"source":5,"target":7},{"cost":0,"weight":980,"source":28,"target":32},{"cost":0,"weight":482,"source":8,"target":9},{"cost":0,"weight":746,"source":30,"target":23},{"cost":0,"weight":676,"source":4,"target":27},{"cost":0,"weight":453,"source":22,"target":34},{"cost":0,"weight":729,"source":1,"target":35},{"cost":0,"weight":798,"source":5,"target":38},{"cost":0,"weight":759,"source":12,"target":10},{"cost":0,"weight":970,"source":14,"target":19},{"cost":0,"weight":891,"source":6,"target":2},{"cost":0,"weight":345,"source":14,"target":20},{"cost":0,"weight":931,"source":30,"target":19},{"cost":0,"weight":931,"source":21,"target":37},{"cost":0,"weight":188,"source":31,"target":25},{"cost":0,"weight":290,"source":17,"target":36},{"cost":0,"weight":820,"source":4,"target":14},{"cost":0,"weight":759,"source":1,"target":38},{"cost":0,"weight":655,"source":7,"target":31},{"cost":0,"weight":367,"source":15,"target":28},{"cost":0,"weight":127,"source":35,"target":28},{"cost":0,"weight":591,"source":28,"target":1},{"cost":0,"weight":414,"source":20,"target":33},{"cost":0,"weight":801,"source":2,"target":10},{"cost":0,"weight":689,"source":3,"target":1},{"cost":0,"weight":727,"source":6,"target":8},{"cost":0,"weight":891,"source":36,"target":12},{"cost":0,"weight":556,"source":9,"target":3},{"cost":0,"weight":566,"source":24,"target":34},{"cost":0,"weight":51,"source":35,"target":38},{"cost":0,"weight":835,"source":12,"target":33},{"cost":0,"weight":517,"source":13,"target":12},{"cost":0,"weight":803,"source":36,"target":20},{"cost":0,"weight":860,"source":7,"target":28},{"cost":0,"weight":44,"source":32,"target":26},{"cost":0,"weight":356,"source":23,"target":11},{"cost":0,"weight":114,"source":4,"target":25},{"cost":0,"weight":152,"source":27,"target":23},{"cost":0,"weight":366,"source":14,"target":21},{"cost":0,"weight":669,"source":38,"target":20},{"cost":0,"weight":320,"source":9,"target":32},{"cost":0,"weight":264,"source":6,"target":29},{"cost":0,"weight":533,"source":39,"target":8},{"cost":0,"weight":425,"source":18,"target":39},{"cost":0,"weight":580,"source":8,"target":30},{"cost":0,"weight":870,"source":26,"target":35},{"cost":0,"weight":35,"source":10,"target":29},{"cost":0,"weight":495,"source":34,"target":27},{"cost":0,"weight":715,"source":33,"target":28},{"cost":0,"weight":281,"source":14,"target":10},{"cost":0,"weight":855,"source":35,"target":3},{"cost":0,"weight":267,"source":8,"target":12},{"cost":0,"weight":589,"source":6,"target":37},{"cost":0,"weight":849,"source":32,"target":18},{"cost":0,"weight":444,"source":22,"target":3},{"cost":0,"weight":515,"source":34,"target":20},{"cost":0,"weight":779,"source":36,"target":6},{"cost":0,"weight":667,"source":16,"target":9},{"cost":0,"weight":280,"source":34,"target":32},{"cost":0,"weight":932,"source":32,"target":30},{"cost":0,"weight":282,"source":2,"target":23},{"cost":0,"weight":597,"source":25,"target":33},{"cost":0,"weight":298,"source":15,"target":23},{"cost":0,"weight":331,"source":39,"target":16},{"cost":0,"weight":840,"source":11,"target":3},{"cost":0,"weight":757,"source":6,"target":3},{"cost":0,"weight":963,"source":7,"target":24},{"cost":0,"weight":705,"source":37,"target":6},{"cost":0,"weight":155,"source":0,"target":20},{"cost":0,"weight":396,"source":34,"target":8},{"cost":0,"weight":84,"source":35,"target":7},{"cost":0,"weight":399,"source":7,"target":30},{"cost":0,"weight":511,"source":7,"target":22},{"cost":0,"weight":35,"source":0,"target":26},{"cost":0,"weight":554,"source":23,"target":21},{"cost":0,"weight":661,"source":29,"target":7},{"cost":0,"weight":113,"source":22,"target":37},{"cost":0,"weight":805,"source":13,"target":8},{"cost":0,"weight":944,"source":24,"target":28},{"cost":0,"weight":780,"source":28,"target":9},{"cost":0,"weight":65,"source":30,"target":6},{"cost":0,"weight":250,"source":16,"target":17},{"cost":0,"weight":464,"source":16,"target":23},{"cost":0,"weight":743,"source":1,"target":19},{"cost":0,"weight":367,"source":13,"target":11},{"cost":0,"weight":62,"source":17,"target":8},{"cost":0,"weight":643,"source":28,"target":7},{"cost":0,"weight":425,"source":26,"target":29},{"cost":0,"weight":957,"source":11,"target":0},{"cost":0,"weight":639,"source":11,"target":26},{"cost":0,"weight":658,"source":17,"target":29},{"cost":0,"weight":584,"source":35,"target":19},{"cost":0,"weight":534,"source":20,"target":15},{"cost":0,"weight":564,"source":21,"target":24},{"cost":0,"weight":200,"source":4,"target":10},{"cost":0,"weight":618,"source":39,"target":11},{"cost":0,"weight":261,"source":25,"target":21},{"cost":0,"weight":696,"source":19,"target":31},{"cost":0,"weight":879,"source":19,"target":27},{"cost":0,"weight":771,"source":5,"target":17},{"cost":0,"weight":584,"source":38,"target":11},{"cost":0,"weight":381,"source":29,"target":25},{"cost":0,"weight":454,"source":27,"target":11},{"cost":0,"weight":485,"source":31,"target":29},{"cost":0,"weight":222,"source":2,"target":37},{"cost":0,"weight":609,"source":23,"target":28},{"cost":0,"weight":201,"source":35,"target":2},{"cost":0,"weight":140,"source":35,"target":30},{"cost":0,"weight":105,"source":16,"target":33},{"cost":0,"weight":586,"source":6,"target":35},{"cost":0,"weight":624,"source":27,"target":28},{"cost":0,"weight":878,"source":29,"target":21},{"cost":0,"weight":124,"source":4,"target":29},{"cost":0,"weight":129,"source":23,"target":36},{"cost":0,"weight":390,"source":1,"target":9},{"cost":0,"weight":298,"source":33,"target":21},{"cost":0,"weight":534,"source":26,"target":21},{"cost":0,"weight":519,"source":18,"target":26},{"cost":0,"weight":354,"source":8,"target":21},{"cost":0,"weight":595,"source":28,"target":38},{"cost":0,"weight":467,"source":33,"target":20},{"cost":0,"weight":79,"source":32,"target":22},{"cost":0,"weight":801,"source":14,"target":13},{"cost":0,"weight":241,"source":34,"target":11},{"cost":0,"weight":662,"source":33,"target":35},{"cost":0,"weight":35,"source":19,"target":16},{"cost":0,"weight":316,"source":0,"target":32},{"cost":0,"weight":644,"source":12,"target":36},{"cost":0,"weight":27,"source":26,"target":22},{"cost":0,"weight":936,"source":13,"target":37},{"cost":0,"weight":932,"source":30,"target":37},{"cost":0,"weight":675,"source":35,"target":18},{"cost":0,"weight":492,"source":11,"target":10},{"cost":0,"weight":441,"source":0,"target":34},{"cost":0,"weight":446,"source":25,"target":8},{"cost":0,"weight":609,"source":3,"target":30},{"cost":0,"weight":733,"source":38,"target":5},{"cost":0,"weight":517,"source":1,"target":0},{"cost":0,"weight":234,"source":5,"target":4},{"cost":0,"weight":690,"source":17,"target":10}],"graph":{"S":0,"T":10},"multigraph":false}