{"directed":true,"nodes":[{"id":0},{"id":1},{"id":2},{"id":3},{"id":4},{"id":5},{"id":6},{"id":7},{"id":8},{"id":9},{"id":10},{"id":11},{"id":12},{"id":13},{"id":14},{"id":15},{"id":16},{"id":17},{"id":18},{"id":19},{"id":20},{"id":21},{"id":22},{"id":23},{"id":24},{"id":25},{"id":26},{"id":27},{"id":28},{"id":29},{"id":30},{"id":31},{"id":32},{"id":33},{"id":34},{"id":35},{"id":36},{"id":37},{"id":38},{"id":39}],"links":[{"cost":0,"weight":576,"source":30,"target":1},{"cost":0,"weight":259,"source":31,"target":1},{"cost":0,"weight":347,"source":0,"target":5},{"cost":0,"weight":879,"source":12,"target":25},{"cost":0,"weight":300,"source":5,"target":27},{"cost":0,"weight":431,"source":33,"target":0},{"cost":0,"weight":971,"source":24,"target":27},{"cost":0,"weight":894,"source":30,"target":35},{"cost":0,"weight":795,"source":15,"target":17},{"cost":0,"weight":859,"source":26,"target":37},{"cost":0,"weight":49,"source":9,"target":28},{"cost":0,"weight":817,"source":11,"target":21},{"cost":0,"weight":207,"source":1,"target":23},{"cost":0,"weight":15,"source":0,"target":4},{"cost":0,"weight":41,"source":39,"target":24},{"cost":0,"weight":692,"source":33,"target":14},{"cost":0,"weight":692,"source":33,"target":5},{"cost":0,"weight":111,"source":19,"target":24},{"cost":0,"weight":807,"source":22,"target":10},{"cost":0,"weight":405,"source":32,"target":33},{"cost":0,"weight":876,"source":30,"target":24},{"cost":0,"weight":182,"source":3,"target":15},{"cost":0,"weight":563,"source":29,"target":38},{"cost":0,"weight":753,"source":23,"target":18},{"cost":0,"weight":699,"source":25,"target":16},{"cost":0,"weight":596,"source":7,"target":18},{"cost":0,"weight":296,"source":11,"target":5},{"cost":0,"weight":134,"source":34,"target":25},{"cost":0,"weight":488,"source":24,"target":0},{"cost":0,"weight":235,"source":31,"target":23},{"cost":0,"weight":879,"source":36,"target":28},{"cost":0,"weight":354,"source":10,"target":5},{"cost":0,"weight":17,"source":10,"target":16},{"cost":0,"weight":974,"source":24,"target":17},{"cost":0,"weight":463,"source":9,"target":10},{"cost":0,"weight":632,"source":4,"target":32},{"cost":0,"weight":375,"source":30,"target":0},{"cost":0,"weight":489,"source":14,"target":25},{"cost":0,"weight":841,"source":34,"target":17},{"cost":0,"weight":919,"source":29,"target":6},{"cost":0,"weight":724,"source":33,"target":26},{"cost":0,"weight":430,"source":9,"target":38},{"cost":0,"weight":811,"source":23,"target":5},{"cost":0,"weight":779,"source":31,"target":22},{"cost":0,"weight":721,"source":30,"target":4},{"cost":0,"weight":980,"source":18,"target":38},{"cost":0,"weight":491,"source":32,"target":35},{"cost":0,"weight":581,"source":10,"target":23},{"cost":0,"weight":241,"source":5,"target":35},{"cost":0,"weight":344,"source":28,"target":2},{"cost":0,"weight":362,"source":10,"target":3},{"cost":0,"weight":968,"source":6,"target":28},{"cost":0,"weight":901,"source":22,"target":1},{"cost":0,"weight":491,"source":37,"target":22},{"cost":0,"weight":638,"source":18,"target":31},{"cost":0,"weight":958,"source":13,"target":0},{"cost":0,"weight":641,"source":29,"target":16},{"cost":0,"weight":532,"source":36,"target":29},{"cost":0,"weight":293,"source":9,"target":25},{"cost":0,"weight":461,"source":27,"target":10},{"cost":0,"weight":92,"source":13,"target":12},{"cost":0,"weight":56,"source":2,"target":0},{"cost":0,"weight":120,"source":32,"target":8},{"cost":0,"weight":429,"source":15,"target":21},{"cost":0,"weight":597,"source":19,"target":27},{"cost":0,"weight":33,"source":9,"target":1},{"cost":0,"weight":486,"source":10,"target":34},{"cost":0,"weight":544,"source":4,"target":31},{"cost":0,"weight":852,"source":32,"target":27},{"cost":0,"weight":31,"source":20,"target":36},{"cost":0,"weight":155,"source":1,"target":30},{"cost":0,"weight":84,"source":36,"target":35},{"cost":0,"weight":681,"source":14,"target":29},{"cost":0,"weight":677,"source":3,"target":10},{"cost":0,"weight":112,"source":26,"target":13},{"cost":0,"weight":695,"source":12,"target":27},{"cost":0,"weight":966,"source":16,"target":13},{"cost":0,"weight":309,"source":13,"target":9},{"cost":0,"weight":215,"source":3,"target":8},{"cost":0,"weight":731,"source":1,"target":31},{"cost":0,"weight":675,"source":33,"target":12},{"cost":0,"weight":484,"source":18,"target":28},{"cost":0,"weight":78,"source":29,"target":4},{"cost":0,"weight":546,"source":14,"target":3},{"cost":0,"weight":65,"source":0,"target":11},{"cost":0,"weight":350,"source":29,"target":15},{"cost":0,"weight":790,"source":19,"target":15},{"cost":0,"weight":458,"source":29,"target":12},{"cost":0,"weight":129,"source":27,"target":21},{"cost":0,"weight":450,"source":17,"target":24},{"cost":0,"weight":552,"source":33,"target":3},{"cost":0,"weight":922,"source":28,"target":9},{"cost":0,"weight":389,"source":21,"target":8},{"cost":0,"weight":351,"source":6,"target":24},{"cost":0,"weight":569,"source":22,"target":16},{"cost":0,"weight":832,"source":2,"target":27},{"cost":0,"weight":86,"source":25,"target":36},{"cost":0,"weight":442,"source":36,"target":16},{"cost":0,"weight":149,"source":36,"target":6},{"cost":0,"weight":123,"source":17,"target":28},{"cost":0,"weight":897,"source":6,"target":2},{"cost":0,"weight":986,"source":2,"target":3},{"cost":0,"weight":323,"source":3,"target":29},{"cost":0,"weight":481,"source":4,"target":3},{"cost":0,"weight":251,"source":39,"target":31},{"cost":0,"weight":181,"source":4,"target":26},{"cost":0,"weight":841,"source":9,"target":7},{"cost":0,"weight":605,"source":14,"target":13},{"cost":0,"weight":992,"source":27,"target":9},{"cost":0,"weight":405,"source":35,"target":26},{"cost":0,"weight":936,"source":16,"target":24},{"cost":0,"weight":520,"source":38,"target":19},{"cost":0,"weight":962,"source":22,"target":15},{"cost":0,"weight":493,"source":9,"target":6},{"cost":0,"weight":502,"source":21,"target":12},{"cost":0,"weight":158,"source":27,"target":12},{"cost":0,"weight":25,"source":15,"target":24},{"cost":0,"weight":317,"source":26,"target":21},{"cost":0,"weight":644,"source":39,"target":15},{"cost":0,"weight":543,"source":28,"target":0},{"cost":0,"weight":747,"source":12,"target":13},{"cost":0,"weight":861,"source":37,"target":20},{"cost":0,"weight":872,"source":14,"target":33},{"cost":0,"weight":361,"source":39,"target":21},{"cost":0,"weight":632,"source":11,"target":31},{"cost":0,"weight":315,"source":36,"target":15},{"cost":0,"weight":312,"source":28,"target":29},{"cost":0,"weight":84,"source":39,"target":23},{"cost":0,"weight":540,"source":24,"target":9},{"cost":0,"weight":157,"source":19,"target":14},{"cost":0,"weight":884,"source":22,"target":8},{"cost":0,"weight":758,"source":24,"target":18},{"cost":0,"weight":755,"source":13,"target":10},{"cost":0,"weight":14,"source":7,"target":15},{"cost":0,"weight":680,"source":26,"target":27},{"cost":0,"weight":10,"source":15,"target":1},{"cost":0,"weight":175,"source":24,"target":11},{"cost":0,"weight":318,"source":21,"target":24},{"cost":0,"weight":376,"source":33,"target":8},{"cost":0,"weight":746,"source":39,"target":14},{"cost":0,"weight":300,"source":25,"target":35},{"cost":0,"weight":56,"source":37,"target":6},{"cost":0,"weight":66,"source":39,"target":37},{"cost":0,"weight":742,"source":4,"target":23},{"cost":0,"weight":903,"source":16,"target":39},{"cost":0,"weight":371,"source":8,"target":5},{"cost":0,"weight":853,"source":18,"target":16},{"cost":0,"weight":947,"source":18,"target":25},{"cost":0,"weight":494,"source":19,"target":39},{"cost":0,"weight":333,"source":34,"target":37},{"cost":0,"weight":533,"source":3,"target":36},{"cost":0,"weight":350,"source":34,"target":14},{"cost":0,"weight":930,"source":4,"target":5},{"cost":0,"weight":455,"source":10,"target":21},{"cost":0,"weight":474,"source":9,"target":14},{"cost":0,"weight":14,"source":15,"target":20},{"cost":0,"weight":404,"source":31,"target":7},{"cost":0,"weight":446,"source":26,"target":36},{"cost":0,"weight":914,"source":22,"target":37},{"cost":0,"weight":846,"source":38,"target":5}],"graph":{"S":0,"T":10},"multigraph":false}