{"directed":true,"nodes":[{"id":0},{"id":1},{"id":2},{"id":3},{"id":4},{"id":5},{"id":6},{"id":7},{"id":8},{"id":9},{"id":10},{"id":11},{"id":12},{"id":13},{"id":14},{"id":15},{"id":16},{"id":17},{"id":18},{"id":19},{"id":20},{"id":21},{"id":22},{"id":23},{"id":24},{"id":25},{"id":26},{"id":27},{"id":28},{"id":29},{"id":30},{"id":31},{"id":32},{"id":33},{"id":34},{"id":35},{"id":36},{"id":37},{"id":38},{"id":39}],"links":[{"cost":0,"weight":831,"source":30,"target":34},{"cost":0,"weight":415,"source":29,"target":39},{"cost":0,"weight":335,"source":11,"target":5},{"cost":0,"weight":438,"source":21,"target":5},{"cost":0,"weight":842,"source":25,"target":21},{"cost":0,"weight":640,"source":12,"target":13},{"cost":0,"weight":173,"source":5,"target":23},{"cost":0,"weight":592,"source":17,"target":34},{"cost":0,"weight":234,"source":22,"target":27},{"cost":0,"weight":70,"source":20,"target":19},{"cost":0,"weight":741,"source":35,"target":9},{"cost":0,"weight":689,"source":30,"target":32},{"cost":0,"weight":182,"source":11,"target":8},{"cost":0,"weight":927,"source":33,"target":21},{"cost":0,"weight":755,"source":34,"target":11},{"cost":0,"weight":545,"source":25,"target":16},{"cost":0,"weight":557,"source":22,"target":5},{"cost":0,"weight":129,"source":16,"target":5},{"cost":0,"weight":489,"source":13,"target":33},{"cost":0,"weight":885,"source":17,"target":14},{"cost":0,"weight":742,"source":21,"target":29},{"cost":0,"weight":531,"source":38,"target":21},{"cost":0,"weight":692,"source":28,"target":8},{"cost":0,"weight":254,"source":6,"target":12},{"cost":0,"weight":422,"source":8,"target":36},{"cost":0,"weight":377,"source":34,"target":9},{"cost":0,"weight":471,"source":18,"target":4},{"cost":0,"weight":546,"source":30,"target":39},{"cost":0,"weight":55,"source":29,"target":10},{"cost":0,"weight":86,"source":35,"target":13},{"cost":0,"weight":642,"source":21,"target":9},{"cost":0,"weight":190,"source":2,"target":37},{"cost":0,"weight":376,"source":34,"target":4},{"cost":0,"weight":519,"source":11,"target":3},{"cost":0,"weight":793,"source":35,"target":26},{"cost":0,"weight":799,"source":11,"target":7},{"cost":0,"weight":719,"source":31,"target":39},{"cost":0,"weight":102,"source":28,"target":2},{"cost":0,"weight":829,"source":6,"target":24},{"cost":0,"weight":903,"source":38,"target":33},{"cost":0,"weight":335,"source":39,"target":34},{"cost":0,"weight":47,"source":11,"target":25},{"cost":0,"weight":462,"source":35,"target":7},{"cost":0,"weight":515,"source":25,"target":39},{"cost":0,"weight":281,"source":22,"target":14},{"cost":0,"weight":362,"source":32,"target":26},{"cost":0,"weight":494,"source":30,"target":14},{"cost":0,"weight":136,"source":3,"target":24},{"cost":0,"weight":698,"source":19,"target":7},{"cost":0,"weight":656,"source":11,"target":10},{"cost":0,"weight":940,"source":7,"target":4},{"cost":0,"weight":771,"source":39,"target":12},{"cost":0,"weight":844,"source":7,"target":17},{"cost":0,"weight":410,"source":24,"target":13},{"cost":0,"weight":145,"source":31,"target":14},{"cost":0,"weight":564,"source":9,"target":23},{"cost":0,"weight":592,"source":20,"target":28},{"cost":0,"weight":457,"source":11,"target":38},{"cost":0,"weight":557,"source":15,"target":3},{"cost":0,"weight":804,"source":37,"target":32},{"cost":0,"weight":124,"source":24,"target":34},{"cost":0,"weight":289,"source":0,"target":22},{"cost":0,"weight":697,"source":38,"target":0},{"cost":0,"weight":913,"source":20,"target":13},{"cost":0,"weight":818,"source":4,"target":12},{"cost":0,"weight":839,"source":0,"target":1},{"cost":0,"weight":423,"source":2,"target":31},{"cost":0,"weight":338,"source":6,"target":10},{"cost":0,"weight":898,"source":19,"target":30},{"cost":0,"weight":984,"source":26,"target":18},{"cost":0,"weight":661,"source":30,"target":5},{"cost":0,"weight":85,"source":23,"target":28},{"cost":0,"weight":174,"source":36,"target":21},{"cost":0,"weight":914,"source":37,"target":15},{"cost":0,"weight":896,"source":5,"target":26},{"cost":0,"weight":817,"source":7,"target":3},{"cost":0,"weight":870,"source":30,"target":18},{"cost":0,"weight":124,"source":23,"target":12},{"cost":0,"weight":961,"source":16,"target":14},{"cost":0,"weight":691,"source":18,"target":33},{"cost":0,"weight":834,"source":4,"target":5},{"cost":0,"weight":328,"source":18,"target":29},{"cost":0,"weight":666,"source":6,"target":21},{"cost":0,"weight":307,"source":37,"target":5},{"cost":0,"weight":307,"source":23,"target":26},{"cost":0,"weight":520,"source":24,"target":10},{"cost":0,"weight":790,"source":20,"target":29},{"cost":0,"weight":126,"source":20,"target":35},{"cost":0,"weight":869,"source":37,"target":4},{"cost":0,"weight":993,"source":14,"target":13},{"cost":0,"weight":761,"source":15,"target":1},{"cost":0,"weight":393,"source":9,"target":7},{"cost":0,"weight":198,"source":25,"target":4},{"cost":0,"weight":220,"source":22,"target":20},{"cost":0,"weight":437,"source":18,"target":25},{"cost":0,"weight":420,"source":0,"target":15},{"cost":0,"weight":561,"source":39,"target":3},{"cost":0,"weight":417,"source":36,"target":6},{"cost":0,"weight":455,"source":6,"target":37},{"cost":0,"weight":355,"source":3,"target":20},{"cost":0,"weight":266,"source":29,"target":23},{"cost":0,"weight":683,"source":12,"target":6},{"cost":0,"weight":300,"source":4,"target":18},{"cost":0,"weight":180,"source":22,"target":23},{"cost":0,"weight":200,"source":1,"target":34},{"cost":0,"weight":572,"source":4,"target":3},{"cost":0,"weight":474,"source":10,"target":39},{"cost":0,"weight":983,"source":4,"target":32},{"cost":0,"weight":675,"source":2,"target":13},{"cost":0,"weight":668,"source":27,"target":8},{"cost":0,"weight":747,"source":10,"target":6},{"cost":0,"weight":919,"source":1,"target":30},{"cost":0,"weight":72,"source":2,"target":38},{"cost":0,"weight":487,"source":7,"target":11},{"cost":0,"weight":637,"source":32,"target":38},{"cost":0,"weight":24,"source":20,"target":2},{"cost":0,"weight":549,"source":6,"target":7},{"cost":0,"weight":126,"source":10,"target":29},{"cost":0,"weight":600,"source":20,"target":32},{"cost":0,"weight":154,"source":26,"target":1},{"cost":0,"weight":400,"source":24,"target":0},{"cost":0,"weight":463,"source":26,"target":17},{"cost":0,"weight":793,"source":24,"target":2},{"cost":0,"weight":670,"source":15,"target":36},{"cost":0,"weight":415,"source":25,"target":32},{"cost":0,"weight":699,"source":12,"target":35},{"cost":0,"weight":78,"source":38,"target":28},{"cost":0,"weight":492,"source":25,"target":22},{"cost":0,"weight":248,"source":9,"target":6},{"cost":0,"weight":363,"source":26,"target":24},{"cost":0,"weight":166,"source":36,"target":34},{"cost":0,"weight":76,"source":13,"target":20},{"cost":0,"weight":840,"source":15,"target":31},{"cost":0,"weight":704,"source":17,"target":33},{"cost":0,"weight":160,"source":33,"target":18},{"cost":0,"weight":376,"source":36,"target":9},{"cost":0,"weight":367,"source":0,"target":39},{"cost":0,"weight":358,"source":28,"target":4},{"cost":0,"weight":96,"source":18,"target":32},{"cost":0,"weight":186,"source":16,"target":24},{"cost":0,"weight":256,"source":24,"target":25},{"cost":0,"weight":985,"source":29,"target":31},{"cost":0,"weight":521,"source":3,"target":30},{"cost":0,"weight":747,"source":29,"target":21},{"cost":0,"weight":106,"source":38,"target":10},{"cost":0,"weight":837,"source":10,"target":5},{"cost":0,"weight":974,"source":11,"target":37},{"cost":0,"weight":353,"source":9,"target":31},{"cost":0,"weight":577,"source":1,"target":16},{"cost":0,"weight":851,"source":1,"target":15},{"cost":0,"weight":174,"source":26,"target":29},{"cost":0,"weight":460,"source":20,"target":5},{"cost":0,"weight":335,"source":2,"target":29},{"cost":0,"weight":857,"source":7,"target":6},{"cost":0,"weight":139,"source":11,"target":35},{"cost":0,"weight":306,"source":8,"target":13},{"cost":0,"weight":541,"source":35,"target":31},{"cost":0,"weight":906,"source":38,"target":36},{"cost":0,"weight":432,"source":7,"target":23},{"cost":0,"weight":374,"source":38,"target":12}],"graph":{"S":0,"T":10},"multigraph":false}