{"directed":true,"nodes":[{"id":0},{"id":1},{"id":2},{"id":3},{"id":4},{"id":5},{"id":6},{"id":7},{"id":8},{"id":9},{"id":10},{"id":11},{"id":12},{"id":13},{"id":14},{"id":15},{"id":16},{"id":17},{"id":18},{"id":19},{"id":20},{"id":21},{"id":22},{"id":23},{"id":24},{"id":25},{"id":26},{"id":27},{"id":28},{"id":29},{"id":30},{"id":31},{"id":32},{"id":33},{"id":34},{"id":35},{"id":36},{"id":37},{"id":38},{"id":39}],"links":[{"cost":0,"weight":333,"source":38,"target":14},{"cost":0,"weight":299,"source":36,"target":33},{"cost":0,"weight":456,"source":34,"target":22},{"cost":0,"weight":699,"source":21,"target":1},{"cost":0,"weight":665,"source":19,"target":24},{"cost":0,"weight":715,"source":14,"target":32},{"cost":0,"weight":14,"source":24,"target":12},{"cost":0,"weight":620,"source":26,"target":9},{"cost":0,"weight":693,"source":17,"target":21},{"cost":0,"weight":666,"source":27,"target":2},{"cost":0,"weight":125,"source":6,"target":1},{"cost":0,"weight":163,"source":9,"target":35},{"cost":0,"weight":704,"source":37,"target":12},{"cost":0,"weight":267,"source":16,"target":14},{"cost":0,"weight":961,"source":15,"target":33},{"cost":0,"weight":357,"source":27,"target":10},{"cost":0,"weight":382,"source":25,"target":39},{"cost":0,"weight":266,"source":13,"target":6},{"cost":0,"weight":853,"source":33,"target":27},{"cost":0,"weight":204,"source":14,"target":23},{"cost":0,"weight":692,"source":14,"target":0},{"cost":0,"weight":559,"source":2,"target":30},{"cost":0,"weight":342,"source":26,"target":15},{"cost":0,"weight":939,"source":5,"target":17},{"cost":0,"weight":395,"source":28,"target":4},{"cost":0,"weight":931,"source":35,"target":12},{"cost":0,"weight":598,"source":5,"target":8},{"cost":0,"weight":445,"source":36,"target":28},{"cost":0,"weight":978,"source":13,"target":29},{"cost":0,"weight":494,"source":28,"target":32},{"cost":0,"weight":995,"source":22,"target":25},{"cost":0,"weight":98,"source":33,"target":28},{"cost":0,"weight":685,"source":21,"target":17},{"cost":0,"weight":700,"source":38,"target":35},{"cost":0,"weight":461,"source":25,"target":33},{"cost":0,"weight":692,"source":36,"target":0},{"cost":0,"weight":997,"source":12,"target":6},{"cost":0,"weight":355,"source":31,"target":33},{"cost":0,"weight":701,"source":38,"target":33},{"cost":0,"weight":676,"source":15,"target":1},{"cost":0,"weight":120,"source":9,"target":8},{"cost":0,"weight":862,"source":37,"target":9},{"cost":0,"weight":916,"source":8,"target":10},{"cost":0,"weight":937,"source":37,"target":26},{"cost":0,"weight":425,"source":32,"target":30},{"cost":0,"weight":451,"source":12,"target":33},{"cost":0,"weight":784,"source":30,"target":23},{"cost":0,"weight":603,"source":13,"target":18},{"cost":0,"weight":444,"source":10,"target":20},{"cost":0,"weight":984,"source":38,"target":19},{"cost":0,"weight":479,"source":2,"target":24},{"cost":0,"weight":716,"source":39,"target":23},{"cost":0,"weight":682,"source":18,"target":37},{"cost":0,"weight":665,"source":0,"target":27},{"cost":0,"weight":596,"source":25,"target":37},{"cost":0,"weight":99,"source":29,"target":19},{"cost":0,"weight":133,"source":13,"target":35},{"cost":0,"weight":757,"source":1,"target":2},{"cost":0,"weight":787,"source":17,"target":24},{"cost":0,"weight":147,"source":27,"target":28},{"cost":0,"weight":54,"source":26,"target":21},{"cost":0,"weight":555,"source":11,"target":19},{"cost":0,"weight":911,"source":39,"target":0},{"cost":0,"weight":444,"source":6,"target":21},{"cost":0,"weight":388,"source":22,"target":21},{"cost":0,"weight":831,"source":4,"target":38},{"cost":0,"weight":219,"source":12,"target":10},{"cost":0,"weight":941,"source":11,"target":23},{"cost":0,"weight":950,"source":12,"target":15},{"cost":0,"weight":711,"source":36,"target":35},{"cost":0,"weight":456,"source":25,"target":24},{"cost":0,"weight":806,"source":12,"target":18},{"cost":0,"weight":11,"source":7,"target":16},{"cost":0,"weight":263,"source":5,"target":20},{"cost":0,"weight":990,"source":3,"target":4},{"cost":0,"weight":53,"source":26,"target":27},{"cost":0,"weight":200,"source":26,"target":1},{"cost":0,"weight":418,"source":18,"target":21},{"cost":0,"weight":836,"source":15,"target":10},{"cost":0,"weight":443,"source":35,"target":21},{"cost":0,"weight":802,"source":30,"target":34},{"cost":0,"weight":636,"source":0,"target":37},{"cost":0,"weight":376,"source":38,"target":27},{"cost":0,"weight":508,"source":5,"target":26},{"cost":0,"weight":732,"source":28,"target":9},{"cost":0,"weight":392,"source":39,"target":20},{"cost":0,"weight":579,"source":26,"target":23},{"cost":0,"weight":136,"source":0,"target":17},{"cost":0,"weight":407,"source":38,"target":11},{"cost":0,"weight":505,"source":32,"target":21},{"cost":0,"weight":991,"source":8,"target":39},{"cost":0,"weight":813,"source":34,"target":15},{"cost":0,"weight":663,"source":0,"target":11},{"cost":0,"weight":711,"source":26,"target":35},{"cost":0,"weight":172,"source":33,"target":32},{"cost":0,"weight":606,"source":38,"target":16},{"cost":0,"weight":600,"source":28,"target":37},{"cost":0,"weight":333,"source":37,"target":15},{"cost":0,"weight":543,"source":16,"target":37},{"cost":0,"weight":523,"source":11,"target":27},{"cost":0,"weight":697,"source":32,"target":37},{"cost":0,"weight":865,"source":0,"target":36},{"cost":0,"weight":35,"source":31,"target":0},{"cost":0,"weight":752,"source":23,"target":16},{"cost":0,"weight":311,"source":26,"target":4},{"cost":0,"weight":682,"source":28,"target":13},{"cost":0,"weight":494,"source":3,"target":32},{"cost":0,"weight":855,"source":37,"target":20},{"cost":0,"weight":555,"source":27,"target":16},{"cost":0,"weight":214,"source":18,"target":26},{"cost":0,"weight":772,"source":37,"target":17},{"cost":0,"weight":714,"source":28,"target":25},{"cost":0,"weight":236,"source":25,"target":9},{"cost":0,"weight":524,"source":34,"target":10},{"cost":0,"weight":483,"source":13,"target":11},{"cost":0,"weight":682,"source":0,"target":39},{"cost":0,"weight":317,"source":30,"target":14},{"cost":0,"weight":815,"source":22,"target":11},{"cost":0,"weight":102,"source":20,"target":18},{"cost":0,"weight":457,"source":21,"target":33},{"cost":0,"weight":947,"source":27,"target":30},{"cost":0,"weight":185,"source":37,"target":14},{"cost":0,"weight":552,"source":14,"target":24},{"cost":0,"weight":919,"source":34,"target":20},{"cost":0,"weight":537,"source":14,"target":18},{"cost":0,"weight":252,"source":37,"target":35},{"cost":0,"weight":670,"source":32,"target":29},{"cost":0,"weight":845,"source":15,"target":38},{"cost":0,"weight":664,"source":28,"target":21},{"cost":0,"weight":529,"source":8,"target":0},{"cost":0,"weight":564,"source":13,"target":33},{"cost":0,"weight":803,"source":30,"target":13},{"cost":0,"weight":430,"source":23,"target":1},{"cost":0,"weight":634,"source":12,"target":30},{"cost":0,"weight":411,"source":24,"target":39},{"cost":0,"weight":137,"source":8,"target":33},{"cost":0,"weight":421,"source":33,"target":38},{"cost":0,"weight":160,"source":12,"target":24},{"cost":0,"weight":479,"source":23,"target":5},{"cost":0,"weight":33,"source":37,"target":18},{"cost":0,"weight":959,"source":29,"target":33},{"cost":0,"weight":245,"source":7,"target":6},{"cost":0,"weight":902,"source":10,"target":2},{"cost":0,"weight":860,"source":36,"target":20},{"cost":0,"weight":252,"source":26,"target":31},{"cost":0,"weight":593,"source":12,"target":8},{"cost":0,"weight":499,"source":11,"target":22},{"cost":0,"weight":920,"source":37,"target":28},{"cost":0,"weight":606,"source":22,"target":36},{"cost":0,"weight":232,"source":4,"target":32},{"cost":0,"weight":39,"source":12,"target":9},{"cost":0,"weight":126,"source":20,"target":25},{"cost":0,"weight":47,"source":11,"target":3},{"cost":0,"weight":62,"source":16,"target":4},{"cost":0,"weight":790,"source":29,"target":36},{"cost":0,"weight":929,"source":20,"target":16},{"cost":0,"weight":800,"source":26,"target":32},{"cost":0,"weight":411,"source":37,"target":34},{"cost":0,"weight":846,"source":32,"target":28},{"cost":0,"weight":340,"source":6,"target":11}],"graph":{"S":0,"T":10},"multigraph":false}