{"directed":true,"nodes":[{"id":0},{"id":1},{"id":2},{"id":3},{"id":4},{"id":5},{"id":6},{"id":7},{"id":8},{"id":9},{"id":10},{"id":11},{"id":12},{"id":13},{"id":14},{"id":15},{"id":16},{"id":17},{"id":18},{"id":19},{"id":20},{"id":21},{"id":22},{"id":23},{"id":24},{"id":25},{"id":26},{"id":27},{"id":28},{"id":29},{"id":30},{"id":31},{"id":32},{"id":33},{"id":34},{"id":35},{"id":36},{"id":37},{"id":38},{"id":39}],"links":[{"cost":0,"weight":892,"source":4,"target":18},{"cost":0,"weight":334,"source":16,"target":24},{"cost":0,"weight":753,"source":29,"target":4},{"cost":0,"weight":64,"source":0,"target":6},{"cost":0,"weight":247,"source":14,"target":38},{"cost":0,"weight":332,"source":1,"target":24},{"cost":0,"weight":235,"source":7,"target":39},{"cost":0,"weight":765,"source":39,"target":19},{"cost":0,"weight":638,"source":24,"target":6},{"cost":0,"weight":82,"source":38,"target":10},{"cost":0,"weight":746,"source":11,"target":36},{"cost":0,"weight":574,"source":27,"target":25},{"cost":0,"weight":811,"source":34,"target":33},{"cost":0,"weight":30,"source":26,"target":0},{"cost":0,"weight":667,"source":14,"target":4},{"cost":0,"weight":467,"source":35,"target":6},{"cost":0,"weight":845,"source":0,"target":11},{"cost":0,"weight":264,"source":26,"target":15},{"cost":0,"weight":831,"source":7,"target":36},{"cost":0,"weight":227,"source":23,"target":36},{"cost":0,"weight":989,"source":3,"target":8},{"cost":0,"weight":349,"source":7,"target":33},{"cost":0,"weight":437,"source":13,"target":8},{"cost":0,"weight":180,"source":33,"target":31},{"cost":0,"weight":768,"source":16,"target":34},{"cost":0,"weight":311,"source":9,"target":38},{"cost":0,"weight":67,"source":35,"target":36},{"cost":0,"weight":794,"source":31,"target":23},{"cost":0,"weight":304,"source":17,"target":24},{"cost":0,"weight":317,"source":22,"target":10},{"cost":0,"weight":78,"source":8,"target":11},{"cost":0,"weight":142,"source":22,"target":27},{"cost":0,"weight":247,"source":38,"target":13},{"cost":0,"weight":177,"source":2,"target":36},{"cost":0,"weight":654,"source":27,"target":38},{"cost":0,"weight":167,"source":8,"target":30},{"cost":0,"weight":896,"source":7,"target":35},{"cost":0,"weight":10,"source":36,"target":11},{"cost":0,"weight":240,"source":37,"target":39},{"cost":0,"weight":964,"source":17,"target":39},{"cost":0,"weight":95,"source":11,"target":22},{"cost":0,"weight":879,"source":39,"target":37},{"cost":0,"weight":991,"source":24,"target":22},{"cost":0,"weight":352,"source":23,"target":37},{"cost":0,"weight":768,"source":25,"target":4},{"cost":0,"weight":432,"source":21,"target":23},{"cost":0,"weight":267,"source":13,"target":28},{"cost":0,"weight":182,"source":21,"target":1},{"cost":0,"weight":478,"source":13,"target":2},{"cost":0,"weight":190,"source":29,"target":14},{"cost":0,"weight":196,"source":26,"target":6},{"cost":0,"weight":158,"source":24,"target":20},{"cost":0,"weight":617,"source":0,"target":37},{"cost":0,"weight":906,"source":38,"target":15},{"cost":0,"weight":199,"source":4,"target":27},{"cost":0,"weight":151,"source":28,"target":35},{"cost":0,"weight":954,"source":12,"target":19},{"cost":0,"weight":251,"source":27,"target":7},{"cost":0,"weight":311,"source":25,"target":17},{"cost":0,"weight":649,"source":0,"target":36},{"cost":0,"weight":52,"source":18,"target":35},{"cost":0,"weight":905,"source":21,"target":0},{"cost":0,"weight":585,"source":4,"target":17},{"cost":0,"weight":348,"source":33,"target":2},{"cost":0,"weight":729,"source":32,"target":21},{"cost":0,"weight":621,"source":13,"target":17},{"cost":0,"weight":845,"source":13,"target":9},{"cost":0,"weight":850,"source":15,"target":19},{"cost":0,"weight":128,"source":39,"target":21},{"cost":0,"weight":901,"source":16,"target":21},{"cost":0,"weight":747,"source":4,"target":13},{"cost":0,"weight":571,"source":7,"target":4},{"cost":0,"weight":849,"source":39,"target":1},{"cost":0,"weight":313,"source":16,"target":6},{"cost":0,"weight":565,"source":19,"target":16},{"cost":0,"weight":819,"source":32,"target":3},{"cost":0,"weight":316,"source":24,"target":30},{"cost":0,"weight":95,"source":10,"target":39},{"cost":0,"weight":574,"source":27,"target":21},{"cost":0,"weight":163,"source":11,"target":30},{"cost":0,"weight":671,"source":31,"target":37},{"cost":0,"weight":874,"source":27,"target":23},{"cost":0,"weight":25,"source":7,"target":15},{"cost":0,"weight":644,"source":6,"target":23},{"cost":0,"weight":147,"source":13,"target":36},{"cost":0,"weight":238,"source":1,"target":39},{"cost":0,"weight":140,"source":20,"target":6},{"cost":0,"weight":165,"source":20,"target":38},{"cost":0,"weight":830,"source":35,"target":24},{"cost":0,"weight":534,"source":2,"target":5},{"cost":0,"weight":838,"source":5,"target":38},{"cost":0,"weight":367,"source":31,"target":3},{"cost":0,"weight":696,"source":25,"target":5},{"cost":0,"weight":226,"source":6,"target":30},{"cost":0,"weight":183,"source":33,"target":27},{"cost":0,"weight":288,"source":14,"target":0},{"cost":0,"weight":996,"source":19,"target":25},{"cost":0,"weight":953,"source":17,"target":38},{"cost":0,"weight":104,"source":10,"target":5},{"cost":0,"weight":260,"source":17,"target":18},{"cost":0,"weight":905,"source":0,"target":27},{"cost":0,"weight":17,"source":33,"target":34},{"cost":0,"weight":754,"source":2,"target":12},{"cost":0,"weight":234,"source":22,"target":17},{"cost":0,"weight":93,"source":32,"target":15},{"cost":0,"weight":245,"source":33,"target":36},{"cost":0,"weight":748,"source":23,"target":11},{"cost":0,"weight":138,"source":34,"target":15},{"cost":0,"weight":410,"source":5,"target":7},{"cost":0,"weight":579,"source":1,"target":22},{"cost":0,"weight":792,"source":33,"target":0},{"cost":0,"weight":271,"source":12,"target":24},{"cost":0,"weight":646,"source":20,"target":34},{"cost":0,"weight":10,"source":33,"target":37},{"cost":0,"weight":50,"source":0,"target":2},{"cost":0,"weight":274,"source":38,"target":24},{"cost":0,"weight":964,"source":27,"target":15},{"cost":0,"weight":677,"source":5,"target":23},{"cost":0,"weight":841,"source":8,"target":9},{"cost":0,"weight":342,"source":10,"target":26},{"cost":0,"weight":734,"source":15,"target":13},{"cost":0,"weight":327,"source":14,"target":34},{"cost":0,"weight":645,"source":22,"target":39},{"cost":0,"weight":479,"source":4,"target":22},{"cost":0,"weight":923,"source":9,"target":25},{"cost":0,"weight":112,"source":25,"target":24},{"cost":0,"weight":622,"source":9,"target":20},{"cost":0,"weight":456,"source":29,"target":10},{"cost":0,"weight":284,"source":10,"target":25},{"cost":0,"weight":628,"source":4,"target":19},{"cost":0,"weight":109,"source":27,"target":20},{"cost":0,"weight":338,"source":14,"target":9},{"cost":0,"weight":254,"source":32,"target":36},{"cost":0,"weight":125,"source":6,"target":27},{"cost":0,"weight":282,"source":38,"target":23},{"cost":0,"weight":101,"source":0,"target":12},{"cost":0,"weight":839,"source":4,"target":14},{"cost":0,"weight":548,"source":25,"target":6},{"cost":0,"weight":158,"source":25,"target":8},{"cost":0,"weight":155,"source":34,"target":12},{"cost":0,"weight":534,"source":9,"target":0},{"cost":0,"weight":516,"source":25,"target":13},{"cost":0,"weight":564,"source":17,"target":36},{"cost":0,"weight":551,"source":11,"target":21},{"cost":0,"weight":981,"source":7,"target":0},{"cost":0,"weight":85,"source":11,"target":16},{"cost":0,"weight":590,"source":15,"target":18},{"cost":0,"weight":747,"source":34,"target":14},{"cost":0,"weight":301,"source":30,"target":13},{"cost":0,"weight":628,"source":6,"target":16},{"cost":0,"weight":652,"source":1,"target":9},{"cost":0,"weight":986,"source":7,"target":34},{"cost":0,"weight":873,"source":37,"target":0},{"cost":0,"weight":752,"source":36,"target":23},{"cost":0,"weight":991,"source":33,"target":22},{"cost":0,"weight":296,"source":31,"target":6},{"cost":0,"weight":630,"source":38,"target":31},{"cost":0,"weight":12,"source":2,"target":16},{"cost":0,"weight":865,"source":26,"target":4},{"cost":0,"weight":530,"source":18,"target":6}],"graph":{"S":0,"T":10},"multigraph":false}