{"directed":true,"nodes":[{"id":0},{"id":1},{"id":2},{"id":3},{"id":4},{"id":5},{"id":6},{"id":7},{"id":8},{"id":9},{"id":10},{"id":11},{"id":12},{"id":13},{"id":14},{"id":15},{"id":16},{"id":17},{"id":18},{"id":19},{"id":20},{"id":21},{"id":22},{"id":23},{"id":24},{"id":25},{"id":26},{"id":27},{"id":28},{"id":29},{"id":30},{"id":31},{"id":32},{"id":33},{"id":34},{"id":35},{"id":36},{"id":37},{"id":38},{"id":39}],"links":[{"cost":0,"weight":576,"source":34,"target":24},{"cost":0,"weight":530,"source":39,"target":6},{"cost":0,"weight":183,"source":30,"target":11},{"cost":0,"weight":447,"source":23,"target":25},{"cost":0,"weight":827,"source":9,"target":39},{"cost":0,"weight":423,"source":9,"target":8},{"cost":0,"weight":466,"source":4,"target":32},{"cost":0,"weight":521,"source":33,"target":38},{"cost":0,"weight":449,"source":14,"target":11},{"cost":0,"weight":133,"source":21,"target":27},{"cost":0,"weight":60,"source":16,"target":21},{"cost":0,"weight":284,"source":28,"target":32},{"cost":0,"weight":278,"source":13,"target":20},{"cost":0,"weight":127,"source":3,"target":30},{"cost":0,"weight":92,"source":13,"target":24},{"cost":0,"weight":248,"source":10,"target":11},{"cost":0,"weight":483,"source":9,"target":12},{"cost":0,"weight":675,"source":30,"target":0},{"cost":0,"weight":777,"source":16,"target":39},{"cost":0,"weight":217,"source":15,"target":9},{"cost":0,"weight":130,"source":8,"target":26},{"cost":0,"weight":742,"source":18,"target":9},{"cost":0,"weight":386,"source":33,"target":22},{"cost":0,"weight":774,"source":1,"target":18},{"cost":0,"weight":835,"source":19,"target":11},{"cost":0,"weight":125,"source":5,"target":14},{"cost":0,"weight":124,"source":6,"target":14},{"cost":0,"weight":125,"source":3,"target":17},{"cost":0,"weight":28,"source":17,"target":20},{"cost":0,"weight":904,"source":23,"target":1},{"cost":0,"weight":236,"source":8,"target":22},{"cost":0,"weight":341,"source":21,"target":38},{"cost":0,"weight":753,"source":24,"target":34},{"cost":0,"weight":159,"source":6,"target":11},{"cost":0,"weight":548,"source":20,"target":16},{"cost":0,"weight":325,"source":14,"target":23},{"cost":0,"weight":629,"source":38,"target":17},{"cost":0,"weight":539,"source":25,"target":23},{"cost":0,"weight":415,"source":14,"target":26},{"cost":0,"weight":806,"source":16,"target":26},{"cost":0,"weight":249,"source":35,"target":21},{"cost":0,"weight":884,"source":4,"target":9},{"cost":0,"weight":124,"source":22,"target":4},{"cost":0,"weight":674,"source":3,"target":26},{"cost":0,"weight":837,"source":30,"target":2},{"cost":0,"weight":414,"source":15,"target":0},{"cost":0,"weight":82,"source":5,"target":8},{"cost":0,"weight":970,"source":35,"target":24},{"cost":0,"weight":852,"source":2,"target":9},{"cost":0,"weight":418,"source":2,"target":17},{"cost":0,"weight":75,"source":0,"target":11},{"cost":0,"weight":506,"source":0,"target":9},{"cost":0,"weight":395,"source":20,"target":26},{"cost":0,"weight":196,"source":10,"target":25},{"cost":0,"weight":925,"source":12,"target":19},{"cost":0,"weight":604,"source":1,"target":28},{"cost":0,"weight":876,"source":34,"target":26},{"cost":0,"weight":743,"source":9,"target":33},{"cost":0,"weight":788,"source":7,"target":8},{"cost":0,"weight":583,"source":13,"target":12},{"cost":0,"weight":639,"source":33,"target":9},{"cost":0,"weight":783,"source":24,"target":6},{"cost":0,"weight":37,"source":39,"target":1},{"cost":0,"weight":405,"source":17,"target":15},{"cost":0,"weight":948,"source":24,"target":37},{"cost":0,"weight":397,"source":33,"target":37},{"cost":0,"weight":514,"source":14,"target":18},{"cost":0,"weight":385,"source":14,"target":6},{"cost":0,"weight":918,"source":6,"target":0},{"cost":0,"weight":486,"source":10,"target":21},{"cost":0,"weight":568,"source":14,"target":34},{"cost":0,"weight":951,"source":23,"target":5},{"cost":0,"weight":948,"source":22,"target":31},{"cost":0,"weight":674,"source":34,"target":14},{"cost":0,"weight":173,"source":33,"target":32},{"cost":0,"weight":163,"source":12,"target":23},{"cost":0,"weight":517,"source":15,"target":14},{"cost":0,"weight":451,"source":28,"target":14},{"cost":0,"weight":506,"source":30,"target":16},{"cost":0,"weight":174,"source":33,"target":27},{"cost":0,"weight":410,"source":16,"target":3},{"cost":0,"weight":968,"source":26,"target":20},{"cost":0,"weight":983,"source":34,"target":13},{"cost":0,"weight":410,"source":29,"target":25},{"cost":0,"weight":527,"source":21,"target":32},{"cost":0,"weight":68,"source":1,"target":24},{"cost":0,"weight":650,"source":17,"target":10},{"cost":0,"weight":678,"source":3,"target":12},{"cost":0,"weight":234,"source":22,"target":21},{"cost":0,"weight":381,"source":29,"target":17},{"cost":0,"weight":588,"source":39,"target":32},{"cost":0,"weight":161,"source":13,"target":8},{"cost":0,"weight":335,"source":9,"target":2},{"cost":0,"weight":54,"source":23,"target":26},{"cost":0,"weight":50,"source":2,"target":6},{"cost":0,"weight":45,"source":27,"target":31},{"cost":0,"weight":960,"source":30,"target":1},{"cost":0,"weight":302,"source":36,"target":39},{"cost":0,"weight":965,"source":33,"target":28},{"cost":0,"weight":422,"source":6,"target":34},{"cost":0,"weight":79,"source":9,"target":10},{"cost":0,"weight":533,"source":2,"target":33},{"cost":0,"weight":415,"source":15,"target":16},{"cost":0,"weight":84,"source":37,"target":14},{"cost":0,"weight":955,"source":20,"target":39},{"cost":0,"weight":480,"source":14,"target":36},{"cost":0,"weight":122,"source":1,"target":32},{"cost":0,"weight":620,"source":18,"target":33},{"cost":0,"weight":371,"source":22,"target":2},{"cost":0,"weight":739,"source":1,"target":22},{"cost":0,"weight":351,"source":38,"target":35},{"cost":0,"weight":815,"source":11,"target":14},{"cost":0,"weight":825,"source":32,"target":25},{"cost":0,"weight":227,"source":35,"target":38},{"cost":0,"weight":371,"source":11,"target":39},{"cost":0,"weight":85,"source":32,"target":19},{"cost":0,"weight":716,"source":16,"target":22},{"cost":0,"weight":380,"source":2,"target":16},{"cost":0,"weight":132,"source":14,"target":29},{"cost":0,"weight":693,"source":10,"target":35},{"cost":0,"weight":79,"source":5,"target":15},{"cost":0,"weight":14,"source":37,"target":24},{"cost":0,"weight":810,"source":3,"target":33},{"cost":0,"weight":556,"source":16,"target":15},{"cost":0,"weight":347,"source":26,"target":25},{"cost":0,"weight":795,"source":27,"target":17},{"cost":0,"weight":95,"source":11,"target":12},{"cost":0,"weight":240,"source":2,"target":5},{"cost":0,"weight":335,"source":17,"target":11},{"cost":0,"weight":963,"source":38,"target":27},{"cost":0,"weight":79,"source":35,"target":25},{"cost":0,"weight":560,"source":33,"target":20},{"cost":0,"weight":631,"source":10,"target":27},{"cost":0,"weight":520,"source":32,"target":5},{"cost":0,"weight":753,"source":39,"target":20},{"cost":0,"weight":525,"source":29,"target":7},{"cost":0,"weight":747,"source":26,"target":23},{"cost":0,"weight":105,"source":21,"target":34},{"cost":0,"weight":280,"source":31,"target":12},{"cost":0,"weight":585,"source":5,"target":9},{"cost":0,"weight":744,"source":20,"target":23},{"cost":0,"weight":402,"source":29,"target":18},{"cost":0,"weight":206,"source":34,"target":37},{"cost":0,"weight":446,"source":20,"target":33},{"cost":0,"weight":323,"source":2,"target":8},{"cost":0,"weight":985,"source":33,"target":29},{"cost":0,"weight":842,"source":37,"target":25},{"cost":0,"weight":866,"source":7,"target":5},{"cost":0,"weight":57,"source":25,"target":39},{"cost":0,"weight":13,"source":16,"target":11},{"cost":0,"weight":711,"source":2,"target":27},{"cost":0,"weight":767,"source":2,"target":32},{"cost":0,"weight":500,"source":5,"target":11},{"cost":0,"weight":904,"source":38,"target":29},{"cost":0,"weight":371,"source":21,"target":39},{"cost":0,"weight":804,"source":0,"target":30},{"cost":0,"weight":705,"source":34,"target":31},{"cost":0,"weight":114,"source":16,"target":19},{"cost":0,"weight":674,"source":15,"target":17},{"cost":0,"weight":174,"source":21,"target":15}],"graph":{"S":0,"T":10},"multigraph":false}