{"directed":true,"nodes":[{"id":0},{"id":1},{"id":2},{"id":3},{"id":4},{"id":5},{"id":6},{"id":7},{"id":8},{"id":9},{"id":10},{"id":11},{"id":12},{"id":13},{"id":14},{"id":15},{"id":16},{"id":17},{"id":18},{"id":19},{"id":20},{"id":21},{"id":22},{"id":23},{"id":24},{"id":25},{"id":26},{"id":27},{"id":28},{"id":29},{"id":30},{"id":31},{"id":32},{"id":33},{"id":34},{"id":35},{"id":36},{"id":37},{"id":38},{"id":39}],"links":[{"cost":0,"weight":446,"source":11,"target":3},{"cost":0,"weight":591,"source":36,"target":35},{"cost":0,"weight":45,"source":21,"target":9},{"cost":0,"weight":806,"source":39,"target":3},{"cost":0,"weight":391,"source":16,"target":37},{"cost":0,"weight":243,"source":15,"target":23},{"cost":0,"weight":733,"source":25,"target":21},{"cost":0,"weight":126,"source":37,"target":8},{"cost":0,"weight":884,"source":14,"target":32},{"cost":0,"weight":741,"source":12,"target":4},{"cost":0,"weight":71,"source":13,"target":8},{"cost":0,"weight":858,"source":0,"target":27},{"cost":0,"weight":623,"source":15,"target":7},{"cost":0,"weight":111,"source":25,"target":23},{"cost":0,"weight":754,"source":16,"target":22},{"cost":0,"weight":504,"source":3,"target":26},{"cost":0,"weight":308,"source":35,"target":17},{"cost":0,"weight":113,"source":10,"target":3},{"cost":0,"weight":175,"source":22,"target":38},{"cost":0,"weight":210,"source":39,"target":24},{"cost":0,"weight":71,"source":23,"target":4},{"cost":0,"weight":247,"source":34,"target":23},{"cost":0,"weight":652,"source":26,"target":24},{"cost":0,"weight":793,"source":2,"target":7},{"cost":0,"weight":433,"source":32,"target":10},{"cost":0,"weight":492,"source":17,"target":1},{"cost":0,"weight":86,"source":29,"target":30},{"cost":0,"weight":569,"source":13,"target":4},{"cost":0,"weight":618,"source":38,"target":23},{"cost":0,"weight":863,"source":36,"target":6},{"cost":0,"weight":131,"source":29,"target":38},{"cost":0,"weight":343,"source":31,"target":38},{"cost":0,"weight":252,"source":19,"target":24},{"cost":0,"weight":711,"source":33,"target":14},{"cost":0,"weight":377,"source":1,"target":5},{"cost":0,"weight":786,"source":37,"target":23},{"cost":0,"weight":956,"source":11,"target":36},{"cost":0,"weight":318,"source":2,"target":12},{"cost":0,"weight":463,"source":18,"target":37},{"cost":0,"weight":929,"source":20,"target":16},{"cost":0,"weight":220,"source":36,"target":31},{"cost":0,"weight":582,"source":7,"target":12},{"cost":0,"weight":112,"source":9,"target":31},{"cost":0,"weight":34,"source":10,"target":9},{"cost":0,"weight":884,"source":37,"target":18},{"cost":0,"weight":393,"source":38,"target":11},{"cost":0,"weight":838,"source":21,"target":25},{"cost":0,"weight":16,"source":34,"target":38},{"cost":0,"weight":521,"source":0,"target":36},{"cost":0,"weight":564,"source":37,"target":34},{"cost":0,"weight":969,"source":4,"target":26},{"cost":0,"weight":727,"source":38,"target":2},{"cost":0,"weight":269,"source":1,"target":19},{"cost":0,"weight":947,"source":19,"target":35},{"cost":0,"weight":880,"source":6,"target":32},{"cost":0,"weight":233,"source":13,"target":32},{"cost":0,"weight":808,"source":30,"target":19},{"cost":0,"weight":721,"source":4,"target":36},{"cost":0,"weight":860,"source":31,"target":37},{"cost":0,"weight":201,"source":26,"target":38},{"cost":0,"weight":378,"source":14,"target":30},{"cost":0,"weight":177,"source":37,"target":16},{"cost":0,"weight":255,"source":0,"target":26},{"cost":0,"weight":985,"source":22,"target":14},{"cost":0,"weight":813,"source":28,"target":12},{"cost":0,"weight":976,"source":25,"target":6},{"cost":0,"weight":341,"source":34,"target":16},{"cost":0,"weight":253,"source":2,"target":18},{"cost":0,"weight":405,"source":11,"target":13},{"cost":0,"weight":55,"source":24,"target":29},{"cost":0,"weight":166,"source":39,"target":26},{"cost":0,"weight":509,"source":7,"target":36},{"cost":0,"weight":676,"source":25,"target":12},{"cost":0,"weight":281,"source":1,"target":23},{"cost":0,"weight":632,"source":9,"target":1},{"cost":0,"weight":831,"source":37,"target":2},{"cost":0,"weight":438,"source":32,"target":27},{"cost":0,"weight":387,"source":20,"target":3},{"cost":0,"weight":497,"source":16,"target":3},{"cost":0,"weight":32,"source":10,"target":4},{"cost":0,"weight":870,"source":33,"target":27},{"cost":0,"weight":974,"source":39,"target":31},{"cost":0,"weight":705,"source":5,"target":8},{"cost":0,"weight":779,"source":1,"target":4},{"cost":0,"weight":107,"source":18,"target":16},{"cost":0,"weight":117,"source":23,"target":6},{"cost":0,"weight":270,"source":3,"target":20},{"cost":0,"weight":450,"source":22,"target":24},{"cost":0,"weight":712,"source":5,"target":20},{"cost":0,"weight":574,"source":22,"target":5},{"cost":0,"weight":935,"source":9,"target":24},{"cost":0,"weight":232,"source":18,"target":0},{"cost":0,"weight":583,"source":27,"target":33},{"cost":0,"weight":83,"source":16,"target":31},{"cost":0,"weight":603,"source":8,"target":34},{"cost":0,"weight":813,"source":39,"target":0},{"cost":0,"weight":638,"source":25,"target":9},{"cost":0,"weight":946,"source":25,"target":24},{"cost":0,"weight":844,"source":17,"target":8},{"cost":0,"weight":715,"source":32,"target":38},{"cost":0,"weight":165,"source":25,"target":2},{"cost":0,"weight":630,"source":35,"target":37},{"cost":0,"weight":399,"source":22,"target":37},{"cost":0,"weight":493,"source":31,"target":19},{"cost":0,"weight":58,"source":16,"target":39},{"cost":0,"weight":605,"source":11,"target":27},{"cost":0,"weight":762,"source":7,"target":18},{"cost":0,"weight":783,"source":24,"target":22},{"cost":0,"weight":239,"source":28,"target":9},{"cost":0,"weight":531,"source":16,"target":15},{"cost":0,"weight":232,"source":1,"target":7},{"cost":0,"weight":809,"source":14,"target":20},{"cost":0,"weight":893,"source":13,"target":3},{"cost":0,"weight":103,"source":5,"target":32},{"cost":0,"weight":790,"source":16,"target":28},{"cost":0,"weight":878,"source":1,"target":30},{"cost":0,"weight":214,"source":11,"target":30},{"cost":0,"weight":64,"source":22,"target":31},{"cost":0,"weight":508,"source":4,"target":30},{"cost":0,"weight":621,"source":19,"target":12},{"cost":0,"weight":472,"source":28,"target":27},{"cost":0,"weight":476,"source":36,"target":0},{"cost":0,"weight":931,"source":37,"target":14},{"cost":0,"weight":254,"source":25,"target":36},{"cost":0,"weight":597,"source":9,"target":4},{"cost":0,"weight":639,"source":37,"target":25},{"cost":0,"weight":777,"source":13,"target":29},{"cost":0,"weight":240,"source":2,"target":34},{"cost":0,"weight":731,"source":39,"target":21},{"cost":0,"weight":608,"source":6,"target":39},{"cost":0,"weight":245,"source":38,"target":12},{"cost":0,"weight":124,"source":34,"target":29},{"cost":0,"weight":38,"source":20,"target":25},{"cost":0,"weight":365,"source":27,"target":2},{"cost":0,"weight":548,"source":27,"target":11},{"cost":0,"weight":13,"source":2,"target":14},{"cost":0,"weight":161,"source":10,"target":15},{"cost":0,"weight":504,"source":28,"target":6},{"cost":0,"weight":909,"source":0,"target":3},{"cost":0,"weight":593,"source":26,"target":19},{"cost":0,"weight":606,"source":32,"target":29},{"cost":0,"weight":471,"source":3,"target":10},{"cost":0,"weight":63,"source":37,"target":22},{"cost":0,"weight":925,"source":25,"target":3},{"cost":0,"weight":624,"source":26,"target":22},{"cost":0,"weight":303,"source":36,"target":20},{"cost":0,"weight":120,"source":23,"target":22},{"cost":0,"weight":37,"source":5,"target":28},{"cost":0,"weight":842,"source":0,"target":23},{"cost":0,"weight":764,"source":1,"target":28},{"cost":0,"weight":676,"source":21,"target":29},{"cost":0,"weight":73,"source":16,"target":32},{"cost":0,"weight":875,"source":10,"target":19},{"cost":0,"weight":242,"source":17,"target":19},{"cost":0,"weight":317,"source":18,"target":17},{"cost":0,"weight":15,"source":4,"target":1},{"cost":0,"weight":283,"source":21,"target":16},{"cost":0,"weight":145,"source":19,"target":21},{"cost":0,"weight":466,"source":11,"target":21},{"cost":0,"weight":588,"source":22,"target":19}],"graph":{"S":0,"T":10},"multigraph":false}