{"directed":true,"nodes":[{"id":0},{"id":1},{"id":2},{"id":3},{"id":4},{"id":5},{"id":6},{"id":7},{"id":8},{"id":9},{"id":10},{"id":11},{"id":12},{"id":13},{"id":14},{"id":15},{"id":16},{"id":17},{"id":18},{"id":19},{"id":20},{"id":21},{"id":22},{"id":23},{"id":24},{"id":25},{"id":26},{"id":27},{"id":28},{"id":29},{"id":30},{"id":31},{"id":32},{"id":33},{"id":34},{"id":35},{"id":36},{"id":37},{"id":38},{"id":39}],"links":[{"cost":0,"weight":159,"source":21,"target":25},{"cost":0,"weight":266,"source":14,"target":0},{"cost":0,"weight":204,"source":23,"target":27},{"cost":0,"weight":143,"source":28,"target":8},{"cost":0,"weight":260,"source":21,"target":30},{"cost":0,"weight":176,"source":4,"target":30},{"cost":0,"weight":600,"source":17,"target":11},{"cost":0,"weight":139,"source":37,"target":36},{"cost":0,"weight":82,"source":36,"target":0},{"cost":0,"weight":134,"source":11,"target":10},{"cost":0,"weight":669,"source":3,"target":18},{"cost":0,"weight":104,"source":7,"target":15},{"cost":0,"weight":786,"source":14,"target":5},{"cost":0,"weight":753,"source":22,"target":26},{"cost":0,"weight":331,"source":13,"target":4},{"cost":0,"weight":868,"source":23,"target":5},{"cost":0,"weight":107,"source":19,"target":0},{"cost":0,"weight":988,"source":22,"target":38},{"cost":0,"weight":89,"source":16,"target":29},{"cost":0,"weight":432,"source":22,"target":25},{"cost":0,"weight":903,"source":2,"target":31},{"cost":0,"weight":119,"source":36,"target":2},{"cost":0,"weight":800,"source":25,"target":22},{"cost":0,"weight":783,"source":3,"target":31},{"cost":0,"weight":392,"source":22,"target":24},{"cost":0,"weight":502,"source":29,"target":21},{"cost":0,"weight":206,"source":7,"target":3},{"cost":0,"weight":469,"source":23,"target":12},{"cost":0,"weight":501,"source":0,"target":32},{"cost":0,"weight":969,"source":32,"target":7},{"cost":0,"weight":136,"source":30,"target":35},{"cost":0,"weight":406,"source":6,"target":3},{"cost":0,"weight":296,"source":3,"target":15},{"cost":0,"weight":685,"source":13,"target":17},{"cost":0,"weight":40,"source":18,"target":38},{"cost":0,"weight":967,"source":4,"target":22},{"cost":0,"weight":295,"source":14,"target":38},{"cost":0,"weight":811,"source":37,"target":31},{"cost":0,"weight":567,"source":3,"target":32},{"cost":0,"weight":13,"source":33,"target":18},{"cost":0,"weight":959,"source":16,"target":17},{"cost":0,"weight":435,"source":38,"target":8},{"cost":0,"weight":229,"source":24,"target":27},{"cost":0,"weight":858,"source":39,"target":31},{"cost":0,"weight":865,"source":12,"target":6},{"cost":0,"weight":639,"source":38,"target":12},{"cost":0,"weight":936,"source":38,"target":16},{"cost":0,"weight":642,"source":24,"target":37},{"cost":0,"weight":579,"source":37,"target":12},{"cost":0,"weight":113,"source":13,"target":5},{"cost":0,"weight":39,"source":24,"target":22},{"cost":0,"weight":406,"source":2,"target":32},{"cost":0,"weight":771,"source":24,"target":12},{"cost":0,"weight":835,"source":37,"target":6},{"cost":0,"weight":439,"source":38,"target":25},{"cost":0,"weight":501,"source":12,"target":5},{"cost":0,"weight":778,"source":14,"target":19},{"cost":0,"weight":952,"source":11,"target":30},{"cost":0,"weight":917,"source":7,"target":4},{"cost":0,"weight":632,"source":32,"target":26},{"cost":0,"weight":288,"source":32,"target":37},{"cost":0,"weight":95,"source":5,"target":14},{"cost":0,"weight":700,"source":9,"target":22},{"cost":0,"weight":530,"source":9,"target":33},{"cost":0,"weight":296,"source":19,"target":3},{"cost":0,"weight":292,"source":11,"target":6},{"cost":0,"weight":913,"source":13,"target":33},{"cost":0,"weight":662,"source":28,"target":21},{"cost":0,"weight":764,"source":28,"target":22},{"cost":0,"weight":673,"source":7,"target":35},{"cost":0,"weight":906,"source":38,"target":37},{"cost":0,"weight":73,"source":0,"target":10},{"cost":0,"weight":794,"source":3,"target":33},{"cost":0,"weight":641,"source":39,"target":4},{"cost":0,"weight":411,"source":16,"target":1},{"cost":0,"weight":205,"source":24,"target":33},{"cost":0,"weight":437,"source":25,"target":18},{"cost":0,"weight":954,"source":0,"target":8},{"cost":0,"weight":285,"source":19,"target":18},{"cost":0,"weight":736,"source":37,"target":33},{"cost":0,"weight":289,"source":19,"target":8},{"cost":0,"weight":343,"source":2,"target":33},{"cost":0,"weight":833,"source":6,"target":34},{"cost":0,"weight":241,"source":22,"target":23},{"cost":0,"weight":130,"source":30,"target":38},{"cost":0,"weight":609,"source":32,"target":27},{"cost":0,"weight":584,"source":30,"target":2},{"cost":0,"weight":567,"source":9,"target":38},{"cost":0,"weight":850,"source":27,"target":23},{"cost":0,"weight":657,"source":38,"target":13},{"cost":0,"weight":782,"source":38,"target":23},{"cost":0,"weight":816,"source":33,"target":7},{"cost":0,"weight":607,"source":26,"target":23},{"cost":0,"weight":969,"source":27,"target":6},{"cost":0,"weight":899,"source":8,"target":34},{"cost":0,"weight":513,"source":22,"target":8},{"cost":0,"weight":226,"source":7,"target":21},{"cost":0,"weight":252,"source":35,"target":10},{"cost":0,"weight":916,"source":27,"target":25},{"cost":0,"weight":999,"source":27,"target":1},{"cost":0,"weight":751,"source":35,"target":5},{"cost":0,"weight":75,"source":10,"target":0},{"cost":0,"weight":660,"source":7,"target":9},{"cost":0,"weight":517,"source":0,"target":1},{"cost":0,"weight":119,"source":31,"target":26},{"cost":0,"weight":382,"source":35,"target":4},{"cost":0,"weight":736,"source":25,"target":35},{"cost":0,"weight":199,"source":22,"target":32},{"cost":0,"weight":615,"source":14,"target":21},{"cost":0,"weight":947,"source":28,"target":34},{"cost":0,"weight":440,"source":19,"target":7},{"cost":0,"weight":854,"source":25,"target":12},{"cost":0,"weight":811,"source":21,"target":12},{"cost":0,"weight":684,"source":28,"target":9},{"cost":0,"weight":734,"source":8,"target":33},{"cost":0,"weight":771,"source":18,"target":3},{"cost":0,"weight":266,"source":28,"target":10},{"cost":0,"weight":600,"source":15,"target":32},{"cost":0,"weight":91,"source":33,"target":3},{"cost":0,"weight":602,"source":2,"target":22},{"cost":0,"weight":198,"source":24,"target":20},{"cost":0,"weight":130,"source":26,"target":15},{"cost":0,"weight":78,"source":10,"target":1},{"cost":0,"weight":284,"source":0,"target":39},{"cost":0,"weight":39,"source":34,"target":28},{"cost":0,"weight":504,"source":9,"target":11},{"cost":0,"weight":654,"source":37,"target":16},{"cost":0,"weight":910,"source":17,"target":35},{"cost":0,"weight":538,"source":20,"target":3},{"cost":0,"weight":125,"source":21,"target":29},{"cost":0,"weight":154,"source":15,"target":34},{"cost":0,"weight":208,"source":26,"target":18},{"cost":0,"weight":104,"source":34,"target":2},{"cost":0,"weight":510,"source":14,"target":2},{"cost":0,"weight":444,"source":21,"target":8},{"cost":0,"weight":175,"source":39,"target":7},{"cost":0,"weight":680,"source":20,"target":1},{"cost":0,"weight":613,"source":29,"target":30},{"cost":0,"weight":470,"source":35,"target":8},{"cost":0,"weight":783,"source":14,"target":11},{"cost":0,"weight":304,"source":26,"target":38},{"cost":0,"weight":649,"source":38,"target":0},{"cost":0,"weight":366,"source":1,"target":7},{"cost":0,"weight":534,"source":4,"target":25},{"cost":0,"weight":454,"source":9,"target":5},{"cost":0,"weight":348,"source":0,"target":30},{"cost":0,"weight":282,"source":15,"target":9},{"cost":0,"weight":161,"source":7,"target":37},{"cost":0,"weight":308,"source":1,"target":20},{"cost":0,"weight":282,"source":18,"target":21},{"cost":0,"weight":236,"source":39,"target":15},{"cost":0,"weight":277,"source":29,"target":4},{"cost":0,"weight":312,"source":11,"target":37},{"cost":0,"weight":980,"source":21,"target":16},{"cost":0,"weight":851,"source":34,"target":30},{"cost":0,"weight":382,"source":23,"target":24},{"cost":0,"weight":943,"source":8,"target":0},{"cost":0,"weight":506,"source":4,"target":29},{"cost":0,"weight":69,"source":30,"target":14},{"cost":0,"weight":467,"source":1,"target":31}],"graph":{"S":0,"T":10},"multigraph":false}