{"directed":true,"nodes":[{"id":0},{"id":1},{"id":2},{"id":3},{"id":4},{"id":5},{"id":6},{"id":7},{"id":8},{"id":9},{"id":10},{"id":11},{"id":12},{"id":13},{"id":14},{"id":15},{"id":16},{"id":17},{"id":18},{"id":19},{"id":20},{"id":21},{"id":22},{"id":23},{"id":24},{"id":25},{"id":26},{"id":27},{"id":28},{"id":29},{"id":30},{"id":31},{"id":32},{"id":33},{"id":34},{"id":35},{"id":36},{"id":37},{"id":38},{"id":39}],"links":[{"cost":0,"weight":997,"source":30,"target":26},{"cost":0,"weight":806,"source":37,"target":30},{"cost":0,"weight":662,"source":10,"target":22},{"cost":0,"weight":495,"source":33,"target":38},{"cost":0,"weight":934,"source":32,"target":23},{"cost":0,"weight":702,"source":5,"target":3},{"cost":0,"weight":397,"source":34,"target":8},{"cost":0,"weight":706,"source":0,"target":25},{"cost":0,"weight":352,"source":15,"target":29},{"cost":0,"weight":404,"source":37,"target":32},{"cost":0,"weight":117,"source":30,"target":5},{"cost":0,"weight":249,"source":36,"target":15},{"cost":0,"weight":345,"source":35,"target":9},{"cost":0,"weight":441,"source":25,"target":34},{"cost":0,"weight":866,"source":39,"target":2},{"cost":0,"weight":195,"source":6,"target":10},{"cost":0,"weight":478,"source":8,"target":1},{"cost":0,"weight":702,"source":18,"target":27},{"cost":0,"weight":790,"source":2,"target":0},{"cost":0,"weight":615,"source":13,"target":35},{"cost":0,"weight":89,"source":24,"target":6},{"cost":0,"weight":346,"source":39,"target":5},{"cost":0,"weight":87,"source":4,"target":0},{"cost":0,"weight":931,"source":28,"target":5},{"cost":0,"weight":855,"source":6,"target":27},{"cost":0,"weight":759,"source":29,"target":23},{"cost":0,"weight":190,"source":28,"target":37},{"cost":0,"weight":625,"source":7,"target":32},{"cost":0,"weight":22,"source":15,"target":11},{"cost":0,"weight":887,"source":16,"target":22},{"cost":0,"weight":877,"source":24,"target":30},{"cost":0,"weight":21,"source":18,"target":29},{"cost":0,"weight":713,"source":35,"target":8},{"cost":0,"weight":307,"source":35,"target":1},{"cost":0,"weight":602,"source":28,"target":20},{"cost":0,"weight":794,"source":24,"target":13},{"cost":0,"weight":346,"source":3,"target":39},{"cost":0,"weight":205,"source":31,"target":13},{"cost":0,"weight":730,"source":29,"target":24},{"cost":0,"weight":232,"source":26,"target":28},{"cost":0,"weight":266,"source":5,"target":13},{"cost":0,"weight":772,"source":20,"target":37},{"cost":0,"weight":863,"source":24,"target":38},{"cost":0,"weight":425,"source":27,"target":25},{"cost":0,"weight":123,"source":25,"target":1},{"cost":0,"weight":697,"source":17,"target":39},{"cost":0,"weight":581,"source":9,"target":34},{"cost":0,"weight":727,"source":21,"target":12},{"cost":0,"weight":983,"source":0,"target":28},{"cost":0,"weight":944,"source":38,"target":6},{"cost":0,"weight":880,"source":4,"target":33},{"cost":0,"weight":999,"source":36,"target":26},{"cost":0,"weight":490,"source":9,"target":24},{"cost":0,"weight":215,"source":32,"target":13},{"cost":0,"weight":501,"source":37,"target":10},{"cost":0,"weight":154,"source":1,"target":32},{"cost":0,"weight":678,"source":19,"target":12},{"cost":0,"weight":830,"source":25,"target":26},{"cost":0,"weight":175,"source":21,"target":34},{"cost":0,"weight":891,"source":27,"target":23},{"cost":0,"weight":531,"source":5,"target":16},{"cost":0,"weight":121,"source":19,"target":39},{"cost":0,"weight":410,"source":24,"target":26},{"cost":0,"weight":116,"source":33,"target":25},{"cost":0,"weight":11,"source":0,"target":27},{"cost":0,"weight":62,"source":4,"target":22},{"cost":0,"weight":989,"source":20,"target":18},{"cost":0,"weight":88,"source":24,"target":34},{"cost":0,"weight":154,"source":38,"target":32},{"cost":0,"weight":851,"source":19,"target":36},{"cost":0,"weight":462,"source":17,"target":22},{"cost":0,"weight":200,"source":9,"target":31},{"cost":0,"weight":289,"source":18,"target":2},{"cost":0,"weight":927,"source":24,"target":12},{"cost":0,"weight":778,"source":26,"target":21},{"cost":0,"weight":807,"source":20,"target":7},{"cost":0,"weight":275,"source":5,"target":27},{"cost":0,"weight":932,"source":27,"target":19},{"cost":0,"weight":264,"source":15,"target":12},{"cost":0,"weight":463,"source":37,"target":39},{"cost":0,"weight":136,"source":31,"target":3},{"cost":0,"weight":692,"source":23,"target":30},{"cost":0,"weight":741,"source":35,"target":6},{"cost":0,"weight":645,"source":25,"target":29},{"cost":0,"weight":125,"source":25,"target":21},{"cost":0,"weight":595,"source":30,"target":19},{"cost":0,"weight":218,"source":28,"target":12},{"cost":0,"weight":141,"source":29,"target":32},{"cost":0,"weight":873,"source":2,"target":19},{"cost":0,"weight":409,"source":22,"target":39},{"cost":0,"weight":463,"source":10,"target":12},{"cost":0,"weight":957,"source":30,"target":1},{"cost":0,"weight":881,"source":26,"target":16},{"cost":0,"weight":203,"source":9,"target":14},{"cost":0,"weight":752,"source":9,"target":39},{"cost":0,"weight":980,"source":4,"target":15},{"cost":0,"weight":905,"source":18,"target":8},{"cost":0,"weight":112,"source":20,"target":27},{"cost":0,"weight":122,"source":35,"target":20},{"cost":0,"weight":849,"source":18,"target":25},{"cost":0,"weight":235,"source":37,"target":29},{"cost":0,"weight":394,"source":38,"target":15},{"cost":0,"weight":840,"source":20,"target":14},{"cost":0,"weight":566,"source":28,"target":38},{"cost":0,"weight":581,"source":32,"target":39},{"cost":0,"weight":36,"source":33,"target":23},{"cost":0,"weight":800,"source":24,"target":37},{"cost":0,"weight":278,"source":17,"target":27},{"cost":0,"weight":10,"source":6,"target":11},{"cost":0,"weight":676,"source":7,"target":8},{"cost":0,"weight":401,"source":1,"target":29},{"cost":0,"weight":98,"source":25,"target":15},{"cost":0,"weight":753,"source":23,"target":16},{"cost":0,"weight":389,"source":38,"target":2},{"cost":0,"weight":860,"source":7,"target":30},{"cost":0,"weight":619,"source":23,"target":12},{"cost":0,"weight":111,"source":33,"target":5},{"cost":0,"weight":106,"source":16,"target":1},{"cost":0,"weight":199,"source":27,"target":7},{"cost":0,"weight":982,"source":18,"target":36},{"cost":0,"weight":986,"source":8,"target":20},{"cost":0,"weight":138,"source":30,"target":39},{"cost":0,"weight":290,"source":7,"target":3},{"cost":0,"weight":843,"source":39,"target":21},{"cost":0,"weight":851,"source":6,"target":24},{"cost":0,"weight":346,"source":37,"target":4},{"cost":0,"weight":937,"source":16,"target":31},{"cost":0,"weight":378,"source":10,"target":30},{"cost":0,"weight":84,"source":10,"target":23},{"cost":0,"weight":302,"source":34,"target":14},{"cost":0,"weight":711,"source":14,"target":17},{"cost":0,"weight":797,"source":20,"target":15},{"cost":0,"weight":122,"source":34,"target":24},{"cost":0,"weight":396,"source":39,"target":24},{"cost":0,"weight":832,"source":0,"target":26},{"cost":0,"weight":405,"source":27,"target":12},{"cost":0,"weight":399,"source":27,"target":36},{"cost":0,"weight":327,"source":14,"target":31},{"cost":0,"weight":717,"source":3,"target":37},{"cost":0,"weight":882,"source":23,"target":18},{"cost":0,"weight":589,"source":5,"target":9},{"cost":0,"weight":721,"source":26,"target":39},{"cost":0,"weight":998,"source":10,"target":29},{"cost":0,"weight":398,"source":8,"target":32},{"cost":0,"weight":137,"source":9,"target":2},{"cost":0,"weight":324,"source":11,"target":18},{"cost":0,"weight":186,"source":20,"target":26},{"cost":0,"weight":103,"source":35,"target":23},{"cost":0,"weight":539,"source":20,"target":8},{"cost":0,"weight":888,"source":8,"target":9},{"cost":0,"weight":188,"source":34,"target":36},{"cost":0,"weight":218,"source":36,"target":10},{"cost":0,"weight":461,"source":3,"target":20},{"cost":0,"weight":362,"source":20,"target":0},{"cost":0,"weight":743,"source":7,"target":22},{"cost":0,"weight":810,"source":3,"target":6},{"cost":0,"weight":934,"source":15,"target":9},{"cost":0,"weight":562,"source":27,"target":6},{"cost":0,"weight":565,"source":16,"target":12},{"cost":0,"weight":201,"source":25,"target":27}],"graph":{"S":0,"T":10},"multigraph":false}