{"directed":true,"nodes":[{"id":0},{"id":1},{"id":2},{"id":3},{"id":4},{"id":5},{"id":6},{"id":7},{"id":8},{"id":9},{"id":10},{"id":11},{"id":12},{"id":13},{"id":14},{"id":15},{"id":16},{"id":17},{"id":18},{"id":19},{"id":20},{"id":21},{"id":22},{"id":23},{"id":24},{"id":25},{"id":26},{"id":27},{"id":28},{"id":29},{"id":30},{"id":31},{"id":32},{"id":33},{"id":34},{"id":35},{"id":36},{"id":37},{"id":38},{"id":39}],"links":[{"cost":0,"weight":990,"source":7,"target":29},{"cost":0,"weight":122,"source":4,"target":3},{"cost":0,"weight":628,"source":18,"target":21},{"cost":0,"weight":866,"source":2,"target":26},{"cost":0,"weight":882,"source":11,"target":2},{"cost":0,"weight":834,"source":6,"target":1},{"cost":0,"weight":558,"source":1,"target":12},{"cost":0,"weight":75,"source":22,"target":6},{"cost":0,"weight":70,"source":33,"target":36},{"cost":0,"weight":550,"source":36,"target":16},{"cost":0,"weight":699,"source":17,"target":22},{"cost":0,"weight":433,"source":25,"target":0},{"cost":0,"weight":198,"source":5,"target":25},{"cost":0,"weight":498,"source":28,"target":23},{"cost":0,"weight":957,"source":19,"target":29},{"cost":0,"weight":555,"source":31,"target":6},{"cost":0,"weight":514,"source":8,"target":7},{"cost":0,"weight":943,"source":34,"target":20},{"cost":0,"weight":55,"source":14,"target":19},{"cost":0,"weight":24,"source":1,"target":32},{"cost":0,"weight":959,"source":5,"target":39},{"cost":0,"weight":652,"source":16,"target":19},{"cost":0,"weight":85,"source":5,"target":8},{"cost":0,"weight":819,"source":39,"target":0},{"cost":0,"weight":940,"source":22,"target":36},{"cost":0,"weight":509,"source":9,"target":28},{"cost":0,"weight":415,"source":31,"target":27},{"cost":0,"weight":298,"source":30,"target":4},{"cost":0,"weight":183,"source":19,"target":34},{"cost":0,"weight":915,"source":33,"target":39},{"cost":0,"weight":352,"source":25,"target":37},{"cost":0,"weight":233,"source":27,"target":25},{"cost":0,"weight":154,"source":34,"target":1},{"cost":0,"weight":385,"source":14,"target":16},{"cost":0,"weight":541,"source":22,"target":11},{"cost":0,"weight":416,"source":38,"target":39},{"cost":0,"weight":820,"source":23,"target":0},{"cost":0,"weight":301,"source":9,"target":5},{"cost":0,"weight":687,"source":7,"target":18},{"cost":0,"weight":363,"source":8,"target":1},{"cost":0,"weight":762,"source":38,"target":20},{"cost":0,"weight":26,"source":5,"target":36},{"cost":0,"weight":535,"source":3,"target":35},{"cost":0,"weight":160,"source":36,"target":27},{"cost":0,"weight":12,"source":3,"target":9},{"cost":0,"weight":172,"source":7,"target":0},{"cost":0,"weight":76,"source":32,"target":14},{"cost":0,"weight":960,"source":33,"target":28},{"cost":0,"weight":692,"source":16,"target":21},{"cost":0,"weight":915,"source":12,"target":19},{"cost":0,"weight":477,"source":15,"target":32},{"cost":0,"weight":633,"source":13,"target":28},{"cost":0,"weight":761,"source":31,"target":9},{"cost":0,"weight":844,"source":5,"target":27},{"cost":0,"weight":611,"source":3,"target":7},{"cost":0,"weight":223,"source":19,"target":28},{"cost":0,"weight":893,"source":3,"target":1},{"cost":0,"weight":596,"source":21,"target":30},{"cost":0,"weight":328,"source":6,"target":18},{"cost":0,"weight":437,"source":19,"target":25},{"cost":0,"weight":650,"source":1,"target":39},{"cost":0,"weight":852,"source":26,"target":3},{"cost":0,"weight":748,"source":27,"target":28},{"cost":0,"weight":459,"source":31,"target":7},{"cost":0,"weight":662,"source":23,"target":1},{"cost":0,"weight":735,"source":29,"target":22},{"cost":0,"weight":24,"source":11,"target":26},{"cost":0,"weight":213,"source":32,"target":38},{"cost":0,"weight":587,"source":31,"target":24},{"cost":0,"weight":502,"source":29,"target":1},{"cost":0,"weight":969,"source":30,"target":38},{"cost":0,"weight":860,"source":11,"target":6},{"cost":0,"weight":55,"source":4,"target":5},{"cost":0,"weight":59,"source":15,"target":12},{"cost":0,"weight":697,"source":8,"target":36},{"cost":0,"weight":533,"source":39,"target":38},{"cost":0,"weight":171,"source":28,"target":8},{"cost":0,"weight":296,"source":4,"target":32},{"cost":0,"weight":727,"source":15,"target":4},{"cost":0,"weight":379,"source":26,"target":13},{"cost":0,"weight":230,"source":35,"target":13},{"cost":0,"weight":214,"source":35,"target":10},{"cost":0,"weight":10,"source":18,"target":37},{"cost":0,"weight":822,"source":15,"target":26},{"cost":0,"weight":469,"source":16,"target":6},{"cost":0,"weight":817,"source":19,"target":9},{"cost":0,"weight":363,"source":18,"target":0},{"cost":0,"weight":402,"source":15,"target":20},{"cost":0,"weight":274,"source":0,"target":37},{"cost":0,"weight":325,"source":14,"target":22},{"cost":0,"weight":574,"source":17,"target":6},{"cost":0,"weight":232,"source":35,"target":15},{"cost":0,"weight":532,"source":18,"target":17},{"cost":0,"weight":717,"source":13,"target":9},{"cost":0,"weight":10,"source":29,"target":37},{"cost":0,"weight":361,"source":39,"target":34},{"cost":0,"weight":224,"source":30,"target":9},{"cost":0,"weight":270,"source":31,"target":11},{"cost":0,"weight":231,"source":25,"target":33},{"cost":0,"weight":102,"source":39,"target":20},{"cost":0,"weight":738,"source":27,"target":19},{"cost":0,"weight":379,"source":34,"target":17},{"cost":0,"weight":342,"source":31,"target":2},{"cost":0,"weight":921,"source":11,"target":3},{"cost":0,"weight":616,"source":23,"target":35},{"cost":0,"weight":921,"source":11,"target":0},{"cost":0,"weight":895,"source":9,"target":6},{"cost":0,"weight":239,"source":20,"target":39},{"cost":0,"weight":193,"source":33,"target":3},{"cost":0,"weight":170,"source":3,"target":16},{"cost":0,"weight":391,"source":39,"target":12},{"cost":0,"weight":502,"source":35,"target":9},{"cost":0,"weight":627,"source":12,"target":16},{"cost":0,"weight":141,"source":12,"target":30},{"cost":0,"weight":543,"source":17,"target":3},{"cost":0,"weight":127,"source":0,"target":14},{"cost":0,"weight":375,"source":9,"target":22},{"cost":0,"weight":547,"source":5,"target":31},{"cost":0,"weight":179,"source":20,"target":2},{"cost":0,"weight":103,"source":23,"target":15},{"cost":0,"weight":708,"source":1,"target":0},{"cost":0,"weight":800,"source":7,"target":39},{"cost":0,"weight":574,"source":36,"target":4},{"cost":0,"weight":610,"source":10,"target":21},{"cost":0,"weight":813,"source":19,"target":26},{"cost":0,"weight":459,"source":4,"target":24},{"cost":0,"weight":732,"source":10,"target":28},{"cost":0,"weight":280,"source":24,"target":37},{"cost":0,"weight":978,"source":29,"target":25},{"cost":0,"weight":823,"source":19,"target":3},{"cost":0,"weight":905,"source":37,"target":1},{"cost":0,"weight":856,"source":26,"target":4},{"cost":0,"weight":840,"source":29,"target":6},{"cost":0,"weight":89,"source":12,"target":39},{"cost":0,"weight":987,"source":26,"target":30},{"cost":0,"weight":960,"source":31,"target":17},{"cost":0,"weight":461,"source":5,"target":29},{"cost":0,"weight":925,"source":5,"target":2},{"cost":0,"weight":223,"source":19,"target":33},{"cost":0,"weight":246,"source":7,"target":31},{"cost":0,"weight":916,"source":15,"target":14},{"cost":0,"weight":907,"source":39,"target":1},{"cost":0,"weight":344,"source":10,"target":0},{"cost":0,"weight":775,"source":22,"target":18},{"cost":0,"weight":398,"source":29,"target":38},{"cost":0,"weight":941,"source":4,"target":36},{"cost":0,"weight":630,"source":14,"target":6},{"cost":0,"weight":76,"source":35,"target":23},{"cost":0,"weight":642,"source":37,"target":32},{"cost":0,"weight":128,"source":12,"target":27},{"cost":0,"weight":375,"source":17,"target":11},{"cost":0,"weight":874,"source":10,"target":13},{"cost":0,"weight":885,"source":12,"target":0},{"cost":0,"weight":664,"source":0,"target":26},{"cost":0,"weight":269,"source":32,"target":37},{"cost":0,"weight":832,"source":12,"target":21},{"cost":0,"weight":63,"source":22,"target":28},{"cost":0,"weight":646,"source":0,"target":12},{"cost":0,"weight":731,"source":27,"target":33},{"cost":0,"weight":700,"source":23,"target":32}],"graph":{"S":0,"T":10},"multigraph":false}