{"directed":true,"nodes":[{"id":0},{"id":1},{"id":2},{"id":3},{"id":4},{"id":5},{"id":6},{"id":7},{"id":8},{"id":9},{"id":10},{"id":11},{"id":12},{"id":13},{"id":14},{"id":15},{"id":16},{"id":17},{"id":18},{"id":19},{"id":20},{"id":21},{"id":22},{"id":23},{"id":24},{"id":25},{"id":26},{"id":27},{"id":28},{"id":29},{"id":30},{"id":31},{"id":32},{"id":33},{"id":34},{"id":35},{"id":36},{"id":37},{"id":38},{"id":39}],"links":[{"cost":0,"weight":316,"source":35,"target":14},{"cost":0,"weight":195,"source":1,"target":17},{"cost":0,"weight":941,"source":29,"target":17},{"cost":0,"weight":950,"source":7,"target":38},{"cost":0,"weight":200,"source":12,"target":38},{"cost":0,"weight":685,"source":31,"target":29},{"cost":0,"weight":297,"source":4,"target":2},{"cost":0,"weight":104,"source":30,"target":17},{"cost":0,"weight":862,"source":39,"target":17},{"cost":0,"weight":138,"source":37,"target":26},{"cost":0,"weight":432,"source":34,"target":7},{"cost":0,"weight":179,"source":28,"target":23},{"cost":0,"weight":879,"source":15,"target":36},{"cost":0,"weight":564,"source":33,"target":22},{"cost":0,"weight":490,"source":10,"target":29},{"cost":0,"weight":879,"source":1,"target":31},{"cost":0,"weight":745,"source":2,"target":7},{"cost":0,"weight":827,"source":18,"target":30},{"cost":0,"weight":774,"source":38,"target":7},{"cost":0,"weight":869,"source":35,"target":31},{"cost":0,"weight":976,"source":9,"target":5},{"cost":0,"weight":643,"source":0,"target":36},{"cost":0,"weight":95,"source":27,"target":7},{"cost":0,"weight":632,"source":29,"target":10},{"cost":0,"weight":650,"source":30,"target":10},{"cost":0,"weight":490,"source":30,"target":34},{"cost":0,"weight":550,"source":34,"target":19},{"cost":0,"weight":568,"source":10,"target":35},{"cost":0,"weight":289,"source":21,"target":35},{"cost":0,"weight":985,"source":10,"target":20},{"cost":0,"weight":912,"source":27,"target":9},{"cost":0,"weight":891,"source":17,"target":31},{"cost":0,"weight":337,"source":5,"target":33},{"cost":0,"weight":717,"source":9,"target":18},{"cost":0,"weight":424,"source":33,"target":26},{"cost":0,"weight":519,"source":15,"target":23},{"cost":0,"weight":955,"source":21,"target":10},{"cost":0,"weight":712,"source":2,"target":26},{"cost":0,"weight":293,"source":35,"target":13},{"cost":0,"weight":713,"source":17,"target":9},{"cost":0,"weight":225,"source":14,"target":38},{"cost":0,"weight":435,"source":2,"target":23},{"cost":0,"weight":924,"source":39,"target":21},{"cost":0,"weight":958,"source":8,"target":19},{"cost":0,"weight":676,"source":5,"target":12},{"cost":0,"weight":987,"source":33,"target":7},{"cost":0,"weight":604,"source":11,"target":14},{"cost":0,"weight":144,"source":11,"target":30},{"cost":0,"weight":124,"source":9,"target":0},{"cost":0,"weight":94,"source":1,"target":3},{"cost":0,"weight":604,"source":18,"target":11},{"cost":0,"weight":827,"source":21,"target":38},{"cost":0,"weight":936,"source":10,"target":6},{"cost":0,"weight":513,"source":26,"target":31},{"cost":0,"weight":782,"source":39,"target":36},{"cost":0,"weight":815,"source":19,"target":27},{"cost":0,"weight":239,"source":8,"target":39},{"cost":0,"weight":393,"source":24,"target":15},{"cost":0,"weight":922,"source":6,"target":19},{"cost":0,"weight":388,"source":5,"target":15},{"cost":0,"weight":835,"source":17,"target":13},{"cost":0,"weight":841,"source":12,"target":32},{"cost":0,"weight":346,"source":24,"target":38},{"cost":0,"weight":898,"source":36,"target":24},{"cost":0,"weight":844,"source":6,"target":26},{"cost":0,"weight":446,"source":0,"target":9},{"cost":0,"weight":886,"source":7,"target":25},{"cost":0,"weight":832,"source":8,"target":10},{"cost":0,"weight":208,"source":31,"target":23},{"cost":0,"weight":35,"source":37,"target":31},{"cost":0,"weight":531,"source":30,"target":23},{"cost":0,"weight":152,"source":29,"target":20},{"cost":0,"weight":111,"source":30,"target":19},{"cost":0,"weight":894,"source":24,"target":1},{"cost":0,"weight":875,"source":17,"target":15},{"cost":0,"weight":774,"source":34,"target":31},{"cost":0,"weight":632,"source":39,"target":28},{"cost":0,"weight":609,"source":36,"target":23},{"cost":0,"weight":344,"source":24,"target":14},{"cost":0,"weight":993,"source":18,"target":20},{"cost":0,"weight":245,"source":23,"target":5},{"cost":0,"weight":563,"source":7,"target":30},{"cost":0,"weight":978,"source":24,"target":4},{"cost":0,"weight":392,"source":27,"target":21},{"cost":0,"weight":430,"source":16,"target":39},{"cost":0,"weight":114,"source":16,"target":19},{"cost":0,"weight":142,"source":17,"target":24},{"cost":0,"weight":715,"source":37,"target":11},{"cost":0,"weight":961,"source":1,"target":20},{"cost":0,"weight":285,"source":25,"target":28},{"cost":0,"weight":239,"source":7,"target":34},{"cost":0,"weight":186,"source":17,"target":38},{"cost":0,"weight":352,"source":11,"target":13},{"cost":0,"weight":817,"source":38,"target":17},{"cost":0,"weight":779,"source":27,"target":11},{"cost":0,"weight":948,"source":6,"target":36},{"cost":0,"weight":274,"source":30,"target":7},{"cost":0,"weight":535,"source":13,"target":35},{"cost":0,"weight":533,"source":31,"target":33},{"cost":0,"weight":948,"source":23,"target":34},{"cost":0,"weight":614,"source":24,"target":21},{"cost":0,"weight":524,"source":13,"target":23},{"cost":0,"weight":496,"source":8,"target":16},{"cost":0,"weight":167,"source":34,"target":4},{"cost":0,"weight":397,"source":3,"target":14},{"cost":0,"weight":218,"source":17,"target":25},{"cost":0,"weight":100,"source":4,"target":33},{"cost":0,"weight":281,"source":37,"target":0},{"cost":0,"weight":227,"source":25,"target":12},{"cost":0,"weight":812,"source":12,"target":26},{"cost":0,"weight":919,"source":3,"target":38},{"cost":0,"weight":470,"source":25,"target":7},{"cost":0,"weight":476,"source":9,"target":2},{"cost":0,"weight":547,"source":21,"target":3},{"cost":0,"weight":68,"source":0,"target":3},{"cost":0,"weight":289,"source":17,"target":12},{"cost":0,"weight":686,"source":1,"target":37},{"cost":0,"weight":789,"source":31,"target":7},{"cost":0,"weight":478,"source":9,"target":10},{"cost":0,"weight":705,"source":11,"target":12},{"cost":0,"weight":243,"source":30,"target":20},{"cost":0,"weight":682,"source":30,"target":0},{"cost":0,"weight":158,"source":2,"target":0},{"cost":0,"weight":406,"source":4,"target":18},{"cost":0,"weight":844,"source":37,"target":34},{"cost":0,"weight":254,"source":32,"target":33},{"cost":0,"weight":253,"source":4,"target":12},{"cost":0,"weight":989,"source":3,"target":25},{"cost":0,"weight":879,"source":32,"target":24},{"cost":0,"weight":114,"source":3,"target":4},{"cost":0,"weight":381,"source":39,"target":5},{"cost":0,"weight":875,"source":18,"target":31},{"cost":0,"weight":708,"source":9,"target":1},{"cost":0,"weight":287,"source":13,"target":16},{"cost":0,"weight":671,"source":5,"target":2},{"cost":0,"weight":622,"source":34,"target":24},{"cost":0,"weight":20,"source":8,"target":12},{"cost":0,"weight":308,"source":14,"target":27},{"cost":0,"weight":853,"source":10,"target":36},{"cost":0,"weight":66,"source":33,"target":11},{"cost":0,"weight":836,"source":13,"target":3},{"cost":0,"weight":605,"source":18,"target":15},{"cost":0,"weight":218,"source":27,"target":19},{"cost":0,"weight":255,"source":2,"target":19},{"cost":0,"weight":881,"source":10,"target":8},{"cost":0,"weight":869,"source":21,"target":39},{"cost":0,"weight":540,"source":17,"target":35},{"cost":0,"weight":74,"source":3,"target":18},{"cost":0,"weight":499,"source":5,"target":19},{"cost":0,"weight":104,"source":19,"target":32},{"cost":0,"weight":867,"source":31,"target":16},{"cost":0,"weight":177,"source":3,"target":10},{"cost":0,"weight":758,"source":4,"target":29},{"cost":0,"weight":169,"source":39,"target":27},{"cost":0,"weight":855,"source":30,"target":22},{"cost":0,"weight":358,"source":1,"target":39},{"cost":0,"weight":960,"source":33,"target":32},{"cost":0,"weight":318,"source":10,"target":4},{"cost":0,"weight":737,"source":34,"target":17},{"cost":0,"weight":234,"source":17,"target":20}],"graph":{"S":0,"T":10},"multigraph":false}