{"directed":true,"nodes":[{"id":0},{"id":1},{"id":2},{"id":3},{"id":4},{"id":5},{"id":6},{"id":7},{"id":8},{"id":9},{"id":10},{"id":11},{"id":12},{"id":13},{"id":14},{"id":15},{"id":16},{"id":17},{"id":18},{"id":19},{"id":20},{"id":21},{"id":22},{"id":23},{"id":24},{"id":25},{"id":26},{"id":27},{"id":28},{"id":29},{"id":30},{"id":31},{"id":32},{"id":33},{"id":34},{"id":35},{"id":36},{"id":37},{"id":38},{"id":39}],"links":[{"cost":0,"weight":910,"source":23,"target":31},{"cost":0,"weight":126,"source":7,"target":22},{"cost":0,"weight":416,"source":22,"target":15},{"cost":0,"weight":728,"source":19,"target":7},{"cost":0,"weight":933,"source":6,"target":4},{"cost":0,"weight":522,"source":37,"target":30},{"cost":0,"weight":646,"source":34,"target":7},{"cost":0,"weight":781,"source":28,"target":2},{"cost":0,"weight":883,"source":15,"target":16},{"cost":0,"weight":169,"source":36,"target":18},{"cost":0,"weight":497,"source":11,"target":38},{"cost":0,"weight":562,"source":24,"target":12},{"cost":0,"weight":300,"source":35,"target":37},{"cost":0,"weight":720,"source":8,"target":6},{"cost":0,"weight":722,"source":16,"target":6},{"cost":0,"weight":352,"source":34,"target":17},{"cost":0,"weight":187,"source":5,"target":4},{"cost":0,"weight":844,"source":8,"target":29},{"cost":0,"weight":558,"source":8,"target":18},{"cost":0,"weight":868,"source":14,"target":39},{"cost":0,"weight":868,"source":34,"target":3},{"cost":0,"weight":972,"source":23,"target":32},{"cost":0,"weight":34,"source":29,"target":1},{"cost":0,"weight":362,"source":27,"target":23},{"cost":0,"weight":466,"source":33,"target":7},{"cost":0,"weight":626,"source":31,"target":15},{"cost":0,"weight":858,"source":19,"target":26},{"cost":0,"weight":255,"source":1,"target":35},{"cost":0,"weight":59,"source":10,"target":26},{"cost":0,"weight":470,"source":5,"target":13},{"cost":0,"weight":352,"source":39,"target":6},{"cost":0,"weight":505,"source":9,"target":14},{"cost":0,"weight":189,"source":8,"target":5},{"cost":0,"weight":960,"source":18,"target":15},{"cost":0,"weight":198,"source":9,"target":6},{"cost":0,"weight":480,"source":17,"target":30},{"cost":0,"weight":195,"source":14,"target":5},{"cost":0,"weight":341,"source":20,"target":1},{"cost":0,"weight":896,"source":23,"target":13},{"cost":0,"weight":813,"source":26,"target":19},{"cost":0,"weight":507,"source":37,"target":32},{"cost":0,"weight":748,"source":3,"target":21},{"cost":0,"weight":369,"source":3,"target":11},{"cost":0,"weight":607,"source":13,"target":5},{"cost":0,"weight":548,"source":11,"target":34},{"cost":0,"weight":977,"source":28,"target":22},{"cost":0,"weight":143,"source":23,"target":5},{"cost":0,"weight":963,"source":4,"target":22},{"cost":0,"weight":787,"source":25,"target":16},{"cost":0,"weight":671,"source":14,"target":24},{"cost":0,"weight":856,"source":16,"target":25},{"cost":0,"weight":460,"source":29,"target":34},{"cost":0,"weight":292,"source":23,"target":2},{"cost":0,"weight":348,"source":28,"target":34},{"cost":0,"weight":654,"source":20,"target":31},{"cost":0,"weight":264,"source":5,"target":33},{"cost":0,"weight":40,"source":2,"target":33},{"cost":0,"weight":461,"source":24,"target":33},{"cost":0,"weight":758,"source":19,"target":9},{"cost":0,"weight":663,"source":15,"target":27},{"cost":0,"weight":406,"source":11,"target":1},{"cost":0,"weight":884,"source":23,"target":11},{"cost":0,"weight":996,"source":28,"target":10},{"cost":0,"weight":311,"source":1,"target":36},{"cost":0,"weight":141,"source":1,"target":4},{"cost":0,"weight":156,"source":38,"target":27},{"cost":0,"weight":888,"source":26,"target":3},{"cost":0,"weight":263,"source":39,"target":28},{"cost":0,"weight":330,"source":39,"target":7},{"cost":0,"weight":988,"source":12,"target":1},{"cost":0,"weight":818,"source":24,"target":36},{"cost":0,"weight":295,"source":25,"target":24},{"cost":0,"weight":630,"source":31,"target":20},{"cost":0,"weight":320,"source":28,"target":24},{"cost":0,"weight":875,"source":29,"target":7},{"cost":0,"weight":951,"source":15,"target":5},{"cost":0,"weight":93,"source":16,"target":34},{"cost":0,"weight":192,"source":14,"target":35},{"cost":0,"weight":102,"source":22,"target":37},{"cost":0,"weight":976,"source":6,"target":38},{"cost":0,"weight":999,"source":32,"target":39},{"cost":0,"weight":147,"source":31,"target":8},{"cost":0,"weight":969,"source":22,"target":20},{"cost":0,"weight":371,"source":24,"target":4},{"cost":0,"weight":72,"source":19,"target":30},{"cost":0,"weight":715,"source":14,"target":8},{"cost":0,"weight":49,"source":37,"target":9},{"cost":0,"weight":980,"source":0,"target":31},{"cost":0,"weight":729,"source":11,"target":24},{"cost":0,"weight":773,"source":10,"target":36},{"cost":0,"weight":575,"source":3,"target":38},{"cost":0,"weight":521,"source":28,"target":19},{"cost":0,"weight":40,"source":31,"target":39},{"cost":0,"weight":27,"source":15,"target":1},{"cost":0,"weight":724,"source":11,"target":37},{"cost":0,"weight":414,"source":27,"target":12},{"cost":0,"weight":654,"source":30,"target":6},{"cost":0,"weight":787,"source":0,"target":36},{"cost":0,"weight":115,"source":27,"target":10},{"cost":0,"weight":642,"source":39,"target":9},{"cost":0,"weight":549,"source":11,"target":26},{"cost":0,"weight":711,"source":11,"target":7},{"cost":0,"weight":643,"source":16,"target":12},{"cost":0,"weight":263,"source":26,"target":36},{"cost":0,"weight":796,"source":16,"target":19},{"cost":0,"weight":258,"source":18,"target":10},{"cost":0,"weight":61,"source":12,"target":11},{"cost":0,"weight":347,"source":26,"target":31},{"cost":0,"weight":583,"source":36,"target":35},{"cost":0,"weight":657,"source":22,"target":25},{"cost":0,"weight":964,"source":34,"target":19},{"cost":0,"weight":878,"source":22,"target":16},{"cost":0,"weight":973,"source":7,"target":5},{"cost":0,"weight":472,"source":20,"target":12},{"cost":0,"weight":795,"source":16,"target":29},{"cost":0,"weight":407,"source":35,"target":31},{"cost":0,"weight":194,"source":1,"target":2},{"cost":0,"weight":559,"source":30,"target":16},{"cost":0,"weight":272,"source":10,"target":9},{"cost":0,"weight":153,"source":26,"target":8},{"cost":0,"weight":373,"source":23,"target":28},{"cost":0,"weight":949,"source":37,"target":19},{"cost":0,"weight":483,"source":19,"target":37},{"cost":0,"weight":407,"source":28,"target":26},{"cost":0,"weight":175,"source":32,"target":16},{"cost":0,"weight":158,"source":13,"target":38},{"cost":0,"weight":564,"source":33,"target":31},{"cost":0,"weight":899,"source":15,"target":0},{"cost":0,"weight":810,"source":39,"target":27},{"cost":0,"weight":348,"source":2,"target":35},{"cost":0,"weight":473,"source":6,"target":5},{"cost":0,"weight":696,"source":15,"target":25},{"cost":0,"weight":633,"source":4,"target":13},{"cost":0,"weight":463,"source":3,"target":17},{"cost":0,"weight":675,"source":30,"target":18},{"cost":0,"weight":723,"source":22,"target":34},{"cost":0,"weight":185,"source":2,"target":10},{"cost":0,"weight":581,"source":28,"target":32},{"cost":0,"weight":298,"source":26,"target":0},{"cost":0,"weight":928,"source":0,"target":17},{"cost":0,"weight":835,"source":24,"target":31},{"cost":0,"weight":927,"source":34,"target":4},{"cost":0,"weight":367,"source":35,"target":11},{"cost":0,"weight":976,"source":22,"target":5},{"cost":0,"weight":813,"source":36,"target":14},{"cost":0,"weight":817,"source":31,"target":37},{"cost":0,"weight":104,"source":27,"target":11},{"cost":0,"weight":295,"source":39,"target":21},{"cost":0,"weight":563,"source":35,"target":4},{"cost":0,"weight":763,"source":32,"target":29},{"cost":0,"weight":511,"source":30,"target":15},{"cost":0,"weight":577,"source":6,"target":11},{"cost":0,"weight":846,"source":17,"target":29},{"cost":0,"weight":21,"source":34,"target":32},{"cost":0,"weight":812,"source":2,"target":8},{"cost":0,"weight":895,"source":33,"target":5},{"cost":0,"weight":16,"source":5,"target":19},{"cost":0,"weight":241,"source":28,"target":7},{"cost":0,"weight":769,"source":39,"target":22},{"cost":0,"weight":562,"source":14,"target":25}],"graph":{"S":0,"T":10},"multigraph":false}