{"directed":true,"nodes":[{"id":0},{"id":1},{"id":2},{"id":3},{"id":4},{"id":5},{"id":6},{"id":7},{"id":8},{"id":9},{"id":10},{"id":11},{"id":12},{"id":13},{"id":14},{"id":15},{"id":16},{"id":17},{"id":18},{"id":19},{"id":20},{"id":21},{"id":22},{"id":23},{"id":24},{"id":25},{"id":26},{"id":27},{"id":28},{"id":29},{"id":30},{"id":31},{"id":32},{"id":33},{"id":34},{"id":35},{"id":36},{"id":37},{"id":38},{"id":39}],"links":[{"cost":0,"weight":887,"source":39,"target":14},{"cost":0,"weight":883,"source":16,"target":37},{"cost":0,"weight":884,"source":19,"target":35},{"cost":0,"weight":472,"source":39,"target":8},{"cost":0,"weight":611,"source":15,"target":34},{"cost":0,"weight":281,"source":28,"target":38},{"cost":0,"weight":742,"source":13,"target":26},{"cost":0,"weight":334,"source":30,"target":7},{"cost":0,"weight":799,"source":34,"target":28},{"cost":0,"weight":679,"source":1,"target":26},{"cost":0,"weight":739,"source":24,"target":21},{"cost":0,"weight":386,"source":39,"target":15},{"cost":0,"weight":158,"source":13,"target":6},{"cost":0,"weight":45,"source":18,"target":12},{"cost":0,"weight":335,"source":11,"target":16},{"cost":0,"weight":932,"source":23,"target":29},{"cost":0,"weight":712,"source":36,"target":14},{"cost":0,"weight":631,"source":22,"target":12},{"cost":0,"weight":419,"source":8,"target":22},{"cost":0,"weight":260,"source":30,"target":37},{"cost":0,"weight":849,"source":21,"target":7},{"cost":0,"weight":248,"source":2,"target":24},{"cost":0,"weight":568,"source":35,"target":21},{"cost":0,"weight":517,"source":36,"target":0},{"cost":0,"weight":579,"source":10,"target":31},{"cost":0,"weight":493,"source":37,"target":32},{"cost":0,"weight":873,"source":19,"target":34},{"cost":0,"weight":557,"source":22,"target":5},{"cost":0,"weight":795,"source":17,"target":38},{"cost":0,"weight":752,"source":38,"target":39},{"cost":0,"weight":99,"source":10,"target":38},{"cost":0,"weight":866,"source":24,"target":33},{"cost":0,"weight":866,"source":7,"target":24},{"cost":0,"weight":818,"source":26,"target":4},{"cost":0,"weight":973,"source":25,"target":32},{"cost":0,"weight":164,"source":8,"target":16},{"cost":0,"weight":115,"source":6,"target":25},{"cost":0,"weight":669,"source":31,"target":24},{"cost":0,"weight":997,"source":12,"target":16},{"cost":0,"weight":711,"source":35,"target":28},{"cost":0,"weight":613,"source":9,"target":19},{"cost":0,"weight":877,"source":25,"target":8},{"cost":0,"weight":540,"source":11,"target":21},{"cost":0,"weight":778,"source":33,"target":24},{"cost":0,"weight":255,"source":31,"target":23},{"cost":0,"weight":998,"source":24,"target":15},{"cost":0,"weight":133,"source":20,"target":23},{"cost":0,"weight":811,"source":17,"target":16},{"cost":0,"weight":209,"source":27,"target":34},{"cost":0,"weight":993,"source":14,"target":21},{"cost":0,"weight":711,"source":11,"target":29},{"cost":0,"weight":448,"source":26,"target":17},{"cost":0,"weight":898,"source":5,"target":7},{"cost":0,"weight":827,"source":34,"target":13},{"cost":0,"weight":724,"source":15,"target":13},{"cost":0,"weight":541,"source":33,"target":29},{"cost":0,"weight":214,"source":12,"target":8},{"cost":0,"weight":120,"source":27,"target":33},{"cost":0,"weight":892,"source":10,"target":24},{"cost":0,"weight":959,"source":26,"target":6},{"cost":0,"weight":234,"source":8,"target":35},{"cost":0,"weight":743,"source":12,"target":17},{"cost":0,"weight":270,"source":13,"target":38},{"cost":0,"weight":410,"source":15,"target":24},{"cost":0,"weight":177,"source":33,"target":2},{"cost":0,"weight":211,"source":9,"target":4},{"cost":0,"weight":382,"source":16,"target":7},{"cost":0,"weight":203,"source":2,"target":1},{"cost":0,"weight":717,"source":2,"target":36},{"cost":0,"weight":11,"source":4,"target":10},{"cost":0,"weight":613,"source":19,"target":29},{"cost":0,"weight":74,"source":10,"target":11},{"cost":0,"weight":26,"source":26,"target":15},{"cost":0,"weight":499,"source":20,"target":39},{"cost":0,"weight":256,"source":0,"target":16},{"cost":0,"weight":250,"source":32,"target":14},{"cost":0,"weight":236,"source":26,"target":16},{"cost":0,"weight":360,"source":27,"target":9},{"cost":0,"weight":560,"source":9,"target":39},{"cost":0,"weight":79,"source":30,"target":26},{"cost":0,"weight":507,"source":29,"target":27},{"cost":0,"weight":501,"source":15,"target":17},{"cost":0,"weight":410,"source":13,"target":39},{"cost":0,"weight":307,"source":31,"target":27},{"cost":0,"weight":629,"source":34,"target":38},{"cost":0,"weight":237,"source":37,"target":15},{"cost":0,"weight":374,"source":34,"target":12},{"cost":0,"weight":426,"source":27,"target":38},{"cost":0,"weight":232,"source":34,"target":16},{"cost":0,"weight":908,"source":32,"target":3},{"cost":0,"weight":319,"source":26,"target":25},{"cost":0,"weight":930,"source":29,"target":5},{"cost":0,"weight":127,"source":39,"target":20},{"cost":0,"weight":817,"source":8,"target":36},{"cost":0,"weight":447,"source":38,"target":3},{"cost":0,"weight":373,"source":8,"target":29},{"cost":0,"weight":405,"source":0,"target":24},{"cost":0,"weight":253,"source":31,"target":0},{"cost":0,"weight":697,"source":38,"target":16},{"cost":0,"weight":234,"source":5,"target":23},{"cost":0,"weight":16,"source":26,"target":34},{"cost":0,"weight":131,"source":22,"target":1},{"cost":0,"weight":753,"source":15,"target":22},{"cost":0,"weight":520,"source":31,"target":34},{"cost":0,"weight":45,"source":20,"target":8},{"cost":0,"weight":912,"source":15,"target":8},{"cost":0,"weight":105,"source":18,"target":8},{"cost":0,"weight":154,"source":0,"target":36},{"cost":0,"weight":322,"source":1,"target":20},{"cost":0,"weight":778,"source":21,"target":24},{"cost":0,"weight":99,"source":1,"target":18},{"cost":0,"weight":970,"source":28,"target":2},{"cost":0,"weight":834,"source":4,"target":20},{"cost":0,"weight":306,"source":19,"target":22},{"cost":0,"weight":467,"source":7,"target":26},{"cost":0,"weight":109,"source":17,"target":5},{"cost":0,"weight":373,"source":38,"target":31},{"cost":0,"weight":798,"source":18,"target":2},{"cost":0,"weight":888,"source":23,"target":4},{"cost":0,"weight":755,"source":16,"target":3},{"cost":0,"weight":896,"source":10,"target":30},{"cost":0,"weight":292,"source":10,"target":34},{"cost":0,"weight":20,"source":13,"target":19},{"cost":0,"weight":414,"source":24,"target":22},{"cost":0,"weight":335,"source":14,"target":27},{"cost":0,"weight":699,"source":14,"target":20},{"cost":0,"weight":901,"source":35,"target":23},{"cost":0,"weight":420,"source":9,"target":20},{"cost":0,"weight":618,"source":17,"target":26},{"cost":0,"weight":739,"source":18,"target":24},{"cost":0,"weight":338,"source":5,"target":24},{"cost":0,"weight":991,"source":33,"target":9},{"cost":0,"weight":213,"source":8,"target":30},{"cost":0,"weight":971,"source":16,"target":24},{"cost":0,"weight":900,"source":24,"target":32},{"cost":0,"weight":190,"source":7,"target":6},{"cost":0,"weight":158,"source":36,"target":33},{"cost":0,"weight":537,"source":0,"target":4},{"cost":0,"weight":366,"source":11,"target":37},{"cost":0,"weight":966,"source":1,"target":23},{"cost":0,"weight":59,"source":18,"target":35},{"cost":0,"weight":61,"source":18,"target":11},{"cost":0,"weight":976,"source":16,"target":35},{"cost":0,"weight":454,"source":19,"target":2},{"cost":0,"weight":163,"source":19,"target":4},{"cost":0,"weight":726,"source":30,"target":34},{"cost":0,"weight":516,"source":39,"target":11},{"cost":0,"weight":765,"source":16,"target":10},{"cost":0,"weight":544,"source":18,"target":14},{"cost":0,"weight":186,"source":16,"target":15},{"cost":0,"weight":519,"source":8,"target":38},{"cost":0,"weight":837,"source":22,"target":6},{"cost":0,"weight":250,"source":38,"target":24},{"cost":0,"weight":172,"source":9,"target":6},{"cost":0,"weight":513,"source":3,"target":34},{"cost":0,"weight":185,"source":32,"target":13},{"cost":0,"weight":836,"source":4,"target":5},{"cost":0,"weight":63,"source":23,"target":7},{"cost":0,"weight":471,"source":6,"target":5},{"cost":0,"weight":806,"source":23,"target":10}],"graph":{"S":0,"T":10},"multigraph":false}