{"directed":true,"nodes":[{"id":0},{"id":1},{"id":2},{"id":3},{"id":4},{"id":5},{"id":6},{"id":7},{"id":8},{"id":9},{"id":10},{"id":11},{"id":12},{"id":13},{"id":14},{"id":15},{"id":16},{"id":17},{"id":18},{"id":19},{"id":20},{"id":21},{"id":22},{"id":23},{"id":24},{"id":25},{"id":26},{"id":27},{"id":28},{"id":29},{"id":30},{"id":31},{"id":32},{"id":33},{"id":34},{"id":35},{"id":36},{"id":37},{"id":38},{"id":39}],"links":[{"cost":0,"weight":105,"source":25,"target":32},{"cost":0,"weight":76,"source":0,"target":18},{"cost":0,"weight":132,"source":4,"target":29},{"cost":0,"weight":119,"source":34,"target":11},{"cost":0,"weight":474,"source":27,"target":36},{"cost":0,"weight":963,"source":21,"target":26},{"cost":0,"weight":903,"source":22,"target":2},{"cost":0,"weight":607,"source":7,"target":25},{"cost":0,"weight":14,"source":25,"target":24},{"cost":0,"weight":455,"source":21,"target":28},{"cost":0,"weight":854,"source":36,"target":21},{"cost":0,"weight":116,"source":15,"target":32},{"cost":0,"weight":338,"source":39,"target":11},{"cost":0,"weight":75,"source":15,"target":36},{"cost":0,"weight":234,"source":35,"target":10},{"cost":0,"weight":477,"source":8,"target":7},{"cost":0,"weight":536,"source":33,"target":18},{"cost":0,"weight":921,"source":19,"target":9},{"cost":0,"weight":141,"source":14,"target":31},{"cost":0,"weight":705,"source":5,"target":26},{"cost":0,"weight":93,"source":2,"target":27},{"cost":0,"weight":989,"source":12,"target":38},{"cost":0,"weight":752,"source":31,"target":24},{"cost":0,"weight":969,"source":38,"target":27},{"cost":0,"weight":295,"source":33,"target":36},{"cost":0,"weight":510,"source":9,"target":10},{"cost":0,"weight":338,"source":7,"target":4},{"cost":0,"weight":856,"source":1,"target":4},{"cost":0,"weight":566,"source":16,"target":2},{"cost":0,"weight":699,"source":8,"target":35},{"cost":0,"weight":344,"source":35,"target":37},{"cost":0,"weight":793,"source":10,"target":3},{"cost":0,"weight":888,"source":4,"target":23},{"cost":0,"weight":753,"source":26,"target":28},{"cost":0,"weight":430,"source":14,"target":2},{"cost":0,"weight":75,"source":30,"target":27},{"cost":0,"weight":44,"source":6,"target":0},{"cost":0,"weight":707,"source":23,"target":28},{"cost":0,"weight":13,"source":14,"target":16},{"cost":0,"weight":447,"source":29,"target":32},{"cost":0,"weight":495,"source":18,"target":20},{"cost":0,"weight":659,"source":28,"target":38},{"cost":0,"weight":497,"source":23,"target":25},{"cost":0,"weight":743,"source":29,"target":5},{"cost":0,"weight":337,"source":4,"target":24},{"cost":0,"weight":626,"source":24,"target":20},{"cost":0,"weight":299,"source":12,"target":17},{"cost":0,"weight":142,"source":3,"target":26},{"cost":0,"weight":269,"source":36,"target":0},{"cost":0,"weight":334,"source":26,"target":1},{"cost":0,"weight":105,"source":35,"target":36},{"cost":0,"weight":380,"source":12,"target":11},{"cost":0,"weight":156,"source":36,"target":10},{"cost":0,"weight":548,"source":16,"target":11},{"cost":0,"weight":327,"source":6,"target":27},{"cost":0,"weight":624,"source":34,"target":15},{"cost":0,"weight":361,"source":32,"target":39},{"cost":0,"weight":434,"source":6,"target":30},{"cost":0,"weight":755,"source":8,"target":18},{"cost":0,"weight":614,"source":2,"target":18},{"cost":0,"weight":510,"source":15,"target":39},{"cost":0,"weight":586,"source":13,"target":32},{"cost":0,"weight":260,"source":33,"target":31},{"cost":0,"weight":598,"source":4,"target":38},{"cost":0,"weight":21,"source":36,"target":16},{"cost":0,"weight":769,"source":21,"target":38},{"cost":0,"weight":308,"source":27,"target":6},{"cost":0,"weight":978,"source":25,"target":8},{"cost":0,"weight":944,"source":13,"target":39},{"cost":0,"weight":46,"source":25,"target":35},{"cost":0,"weight":693,"source":38,"target":9},{"cost":0,"weight":437,"source":29,"target":19},{"cost":0,"weight":459,"source":31,"target":18},{"cost":0,"weight":341,"source":21,"target":10},{"cost":0,"weight":520,"source":27,"target":10},{"cost":0,"weight":294,"source":15,"target":0},{"cost":0,"weight":919,"source":22,"target":7},{"cost":0,"weight":220,"source":25,"target":37},{"cost":0,"weight":409,"source":16,"target":13},{"cost":0,"weight":397,"source":19,"target":20},{"cost":0,"weight":708,"source":2,"target":28},{"cost":0,"weight":643,"source":5,"target":16},{"cost":0,"weight":51,"source":22,"target":23},{"cost":0,"weight":595,"source":27,"target":2},{"cost":0,"weight":654,"source":12,"target":32},{"cost":0,"weight":863,"source":34,"target":20},{"cost":0,"weight":971,"source":23,"target":1},{"cost":0,"weight":785,"source":26,"target":32},{"cost":0,"weight":11,"source":34,"target":36},{"cost":0,"weight":250,"source":10,"target":9},{"cost":0,"weight":753,"source":35,"target":0},{"cost":0,"weight":666,"source":31,"target":3},{"cost":0,"weight":951,"source":26,"target":12},{"cost":0,"weight":821,"source":31,"target":20},{"cost":0,"weight":948,"source":21,"target":25},{"cost":0,"weight":372,"source":9,"target":16},{"cost":0,"weight":594,"source":19,"target":5},{"cost":0,"weight":890,"source":4,"target":13},{"cost":0,"weight":970,"source":9,"target":26},{"cost":0,"weight":411,"source":38,"target":33},{"cost":0,"weight":29,"source":35,"target":30},{"cost":0,"weight":751,"source":32,"target":21},{"cost":0,"weight":691,"source":9,"target":4},{"cost":0,"weight":675,"source":30,"target":9},{"cost":0,"weight":351,"source":13,"target":4},{"cost":0,"weight":54,"source":22,"target":5},{"cost":0,"weight":129,"source":37,"target":13},{"cost":0,"weight":349,"source":13,"target":16},{"cost":0,"weight":352,"source":28,"target":15},{"cost":0,"weight":120,"source":26,"target":3},{"cost":0,"weight":802,"source":3,"target":23},{"cost":0,"weight":229,"source":39,"target":5},{"cost":0,"weight":111,"source":39,"target":6},{"cost":0,"weight":84,"source":29,"target":36},{"cost":0,"weight":179,"source":30,"target":24},{"cost":0,"weight":767,"source":27,"target":31},{"cost":0,"weight":380,"source":38,"target":35},{"cost":0,"weight":234,"source":34,"target":22},{"cost":0,"weight":244,"source":30,"target":6},{"cost":0,"weight":380,"source":30,"target":18},{"cost":0,"weight":665,"source":15,"target":11},{"cost":0,"weight":67,"source":29,"target":12},{"cost":0,"weight":963,"source":11,"target":33},{"cost":0,"weight":687,"source":32,"target":37},{"cost":0,"weight":208,"source":9,"target":6},{"cost":0,"weight":563,"source":14,"target":29},{"cost":0,"weight":68,"source":1,"target":34},{"cost":0,"weight":135,"source":26,"target":6},{"cost":0,"weight":61,"source":20,"target":34},{"cost":0,"weight":807,"source":21,"target":19},{"cost":0,"weight":733,"source":9,"target":27},{"cost":0,"weight":734,"source":6,"target":32},{"cost":0,"weight":945,"source":27,"target":22},{"cost":0,"weight":258,"source":12,"target":35},{"cost":0,"weight":298,"source":17,"target":8},{"cost":0,"weight":860,"source":24,"target":13},{"cost":0,"weight":355,"source":0,"target":15},{"cost":0,"weight":770,"source":35,"target":13},{"cost":0,"weight":871,"source":1,"target":21},{"cost":0,"weight":29,"source":9,"target":1},{"cost":0,"weight":533,"source":7,"target":0},{"cost":0,"weight":38,"source":15,"target":7},{"cost":0,"weight":527,"source":28,"target":23},{"cost":0,"weight":893,"source":20,"target":15},{"cost":0,"weight":929,"source":21,"target":14},{"cost":0,"weight":46,"source":24,"target":6},{"cost":0,"weight":962,"source":23,"target":5},{"cost":0,"weight":486,"source":13,"target":38},{"cost":0,"weight":818,"source":34,"target":13},{"cost":0,"weight":998,"source":14,"target":38},{"cost":0,"weight":383,"source":27,"target":26},{"cost":0,"weight":371,"source":15,"target":3},{"cost":0,"weight":112,"source":1,"target":0},{"cost":0,"weight":841,"source":9,"target":14},{"cost":0,"weight":232,"source":18,"target":30},{"cost":0,"weight":787,"source":13,"target":12},{"cost":0,"weight":41,"source":11,"target":1},{"cost":0,"weight":383,"source":38,"target":10},{"cost":0,"weight":34,"source":34,"target":8},{"cost":0,"weight":666,"source":25,"target":12}],"graph":{"S":0,"T":10},"multigraph":false}