{"directed":true,"nodes":[{"id":0},{"id":1},{"id":2},{"id":3},{"id":4},{"id":5},{"id":6},{"id":7},{"id":8},{"id":9},{"id":10},{"id":11},{"id":12},{"id":13},{"id":14},{"id":15},{"id":16},{"id":17},{"id":18},{"id":19},{"id":20},{"id":21},{"id":22},{"id":23},{"id":24},{"id":25},{"id":26},{"id":27},{"id":28},{"id":29},{"id":30},{"id":31},{"id":32},{"id":33},{"id":34},{"id":35},{"id":36},{"id":37},{"id":38},{"id":39}],"links":[{"cost":0,"weight":216,"source":18,"target":24},{"cost":0,"weight":85,"source":16,"target":4},{"cost":0,"weight":434,"source":0,"target":37},{"cost":0,"weight":505,"source":32,"target":17},{"cost":0,"weight":534,"source":14,"target":27},{"cost":0,"weight":256,"source":2,"target":18},{"cost":0,"weight":204,"source":27,"target":17},{"cost":0,"weight":914,"source":18,"target":20},{"cost":0,"weight":130,"source":7,"target":39},{"cost":0,"weight":391,"source":8,"target":27},{"cost":0,"weight":117,"source":13,"target":31},{"cost":0,"weight":529,"source":33,"target":38},{"cost":0,"weight":201,"source":10,"target":36},{"cost":0,"weight":927,"source":35,"target":9},{"cost":0,"weight":344,"source":14,"target":0},{"cost":0,"weight":486,"source":8,"target":13},{"cost":0,"weight":77,"source":0,"target":14},{"cost":0,"weight":70,"source":34,"target":14},{"cost":0,"weight":697,"source":35,"target":31},{"cost":0,"weight":358,"source":20,"target":17},{"cost":0,"weight":813,"source":35,"target":14},{"cost":0,"weight":786,"source":8,"target":14},{"cost":0,"weight":979,"source":20,"target":21},{"cost":0,"weight":319,"source":1,"target":6},{"cost":0,"weight":674,"source":6,"target":18},{"cost":0,"weight":865,"source":38,"target":33},{"cost":0,"weight":871,"source":4,"target":2},{"cost":0,"weight":978,"source":32,"target":13},{"cost":0,"weight":799,"source":10,"target":37},{"cost":0,"weight":576,"source":34,"target":23},{"cost":0,"weight":806,"source":29,"target":27},{"cost":0,"weight":174,"source":0,"target":13},{"cost":0,"weight":544,"source":18,"target":22},{"cost":0,"weight":762,"source":24,"target":13},{"cost":0,"weight":589,"source":20,"target":35},{"cost":0,"weight":715,"source":5,"target":17},{"cost":0,"weight":955,"source":7,"target":26},{"cost":0,"weight":660,"source":4,"target":34},{"cost":0,"weight":107,"source":25,"target":31},{"cost":0,"weight":760,"source":14,"target":4},{"cost":0,"weight":194,"source":19,"target":22},{"cost":0,"weight":922,"source":15,"target":31},{"cost":0,"weight":517,"source":11,"target":20},{"cost":0,"weight":97,"source":11,"target":8},{"cost":0,"weight":391,"source":26,"target":8},{"cost":0,"weight":648,"source":6,"target":39},{"cost":0,"weight":928,"source":21,"target":33},{"cost":0,"weight":835,"source":22,"target":20},{"cost":0,"weight":599,"source":34,"target":33},{"cost":0,"weight":728,"source":32,"target":27},{"cost":0,"weight":215,"source":17,"target":7},{"cost":0,"weight":518,"source":3,"target":22},{"cost":0,"weight":338,"source":4,"target":19},{"cost":0,"weight":376,"source":4,"target":10},{"cost":0,"weight":235,"source":37,"target":34},{"cost":0,"weight":12,"source":15,"target":9},{"cost":0,"weight":833,"source":18,"target":25},{"cost":0,"weight":627,"source":0,"target":38},{"cost":0,"weight":306,"source":31,"target":5},{"cost":0,"weight":355,"source":27,"target":8},{"cost":0,"weight":826,"source":33,"target":9},{"cost":0,"weight":374,"source":14,"target":13},{"cost":0,"weight":219,"source":38,"target":20},{"cost":0,"weight":677,"source":25,"target":16},{"cost":0,"weight":269,"source":2,"target":1},{"cost":0,"weight":779,"source":19,"target":21},{"cost":0,"weight":716,"source":16,"target":23},{"cost":0,"weight":972,"source":25,"target":34},{"cost":0,"weight":408,"source":23,"target":5},{"cost":0,"weight":365,"source":8,"target":5},{"cost":0,"weight":937,"source":39,"target":24},{"cost":0,"weight":48,"source":4,"target":5},{"cost":0,"weight":122,"source":3,"target":4},{"cost":0,"weight":639,"source":26,"target":27},{"cost":0,"weight":391,"source":35,"target":29},{"cost":0,"weight":426,"source":19,"target":12},{"cost":0,"weight":803,"source":22,"target":2},{"cost":0,"weight":509,"source":0,"target":33},{"cost":0,"weight":170,"source":6,"target":20},{"cost":0,"weight":484,"source":12,"target":24},{"cost":0,"weight":745,"source":9,"target":4},{"cost":0,"weight":637,"source":25,"target":37},{"cost":0,"weight":523,"source":17,"target":1},{"cost":0,"weight":537,"source":38,"target":24},{"cost":0,"weight":165,"source":10,"target":17},{"cost":0,"weight":215,"source":2,"target":19},{"cost":0,"weight":19,"source":30,"target":33},{"cost":0,"weight":749,"source":10,"target":15},{"cost":0,"weight":843,"source":23,"target":31},{"cost":0,"weight":731,"source":18,"target":16},{"cost":0,"weight":606,"source":36,"target":28},{"cost":0,"weight":689,"source":30,"target":36},{"cost":0,"weight":471,"source":2,"target":31},{"cost":0,"weight":751,"source":5,"target":34},{"cost":0,"weight":35,"source":28,"target":4},{"cost":0,"weight":607,"source":19,"target":31},{"cost":0,"weight":682,"source":24,"target":36},{"cost":0,"weight":310,"source":2,"target":11},{"cost":0,"weight":259,"source":15,"target":6},{"cost":0,"weight":256,"source":12,"target":34},{"cost":0,"weight":746,"source":17,"target":27},{"cost":0,"weight":428,"source":16,"target":15},{"cost":0,"weight":329,"source":27,"target":32},{"cost":0,"weight":860,"source":22,"target":27},{"cost":0,"weight":436,"source":16,"target":19},{"cost":0,"weight":125,"source":13,"target":16},{"cost":0,"weight":222,"source":27,"target":14},{"cost":0,"weight":556,"source":0,"target":7},{"cost":0,"weight":56,"source":6,"target":26},{"cost":0,"weight":328,"source":34,"target":8},{"cost":0,"weight":958,"source":28,"target":14},{"cost":0,"weight":255,"source":36,"target":4},{"cost":0,"weight":346,"source":8,"target":34},{"cost":0,"weight":357,"source":7,"target":16},{"cost":0,"weight":505,"source":17,"target":24},{"cost":0,"weight":771,"source":21,"target":15},{"cost":0,"weight":225,"source":16,"target":30},{"cost":0,"weight":618,"source":12,"target":35},{"cost":0,"weight":24,"source":20,"target":4},{"cost":0,"weight":698,"source":3,"target":20},{"cost":0,"weight":508,"source":35,"target":13},{"cost":0,"weight":877,"source":16,"target":33},{"cost":0,"weight":627,"source":15,"target":10},{"cost":0,"weight":428,"source":28,"target":2},{"cost":0,"weight":448,"source":4,"target":9},{"cost":0,"weight":996,"source":24,"target":30},{"cost":0,"weight":361,"source":13,"target":29},{"cost":0,"weight":984,"source":24,"target":32},{"cost":0,"weight":822,"source":26,"target":22},{"cost":0,"weight":921,"source":30,"target":28},{"cost":0,"weight":562,"source":21,"target":23},{"cost":0,"weight":759,"source":0,"target":15},{"cost":0,"weight":88,"source":0,"target":4},{"cost":0,"weight":664,"source":19,"target":28},{"cost":0,"weight":829,"source":38,"target":37},{"cost":0,"weight":622,"source":1,"target":5},{"cost":0,"weight":164,"source":36,"target":3},{"cost":0,"weight":504,"source":33,"target":39},{"cost":0,"weight":362,"source":29,"target":32},{"cost":0,"weight":684,"source":20,"target":38},{"cost":0,"weight":45,"source":38,"target":11},{"cost":0,"weight":77,"source":15,"target":23},{"cost":0,"weight":669,"source":2,"target":37},{"cost":0,"weight":690,"source":3,"target":6},{"cost":0,"weight":167,"source":19,"target":18},{"cost":0,"weight":800,"source":12,"target":10},{"cost":0,"weight":589,"source":16,"target":39},{"cost":0,"weight":807,"source":21,"target":18},{"cost":0,"weight":264,"source":23,"target":32},{"cost":0,"weight":430,"source":30,"target":11},{"cost":0,"weight":858,"source":20,"target":22},{"cost":0,"weight":200,"source":6,"target":27},{"cost":0,"weight":180,"source":15,"target":0},{"cost":0,"weight":291,"source":32,"target":3},{"cost":0,"weight":665,"source":20,"target":36},{"cost":0,"weight":271,"source":6,"target":14},{"cost":0,"weight":847,"source":24,"target":35},{"cost":0,"weight":343,"source":35,"target":23},{"cost":0,"weight":578,"source":6,"target":8},{"cost":0,"weight":869,"source":31,"target":14}],"graph":{"S":0,"T":10},"multigraph":false}