{"directed":true,"nodes":[{"id":0},{"id":1},{"id":2},{"id":3},{"id":4},{"id":5},{"id":6},{"id":7},{"id":8},{"id":9},{"id":10},{"id":11},{"id":12},{"id":13},{"id":14},{"id":15},{"id":16},{"id":17},{"id":18},{"id":19},{"id":20},{"id":21},{"id":22},{"id":23},{"id":24},{"id":25},{"id":26},{"id":27},{"id":28},{"id":29},{"id":30},{"id":31},{"id":32},{"id":33},{"id":34},{"id":35},{"id":36},{"id":37},{"id":38},{"id":39}],"links":[{"cost":0,"weight":789,"source":27,"target":20},{"cost":0,"weight":443,"source":35,"target":31},{"cost":0,"weight":236,"source":39,"target":31},{"cost":0,"weight":396,"source":0,"target":24},{"cost":0,"weight":681,"source":15,"target":2},{"cost":0,"weight":466,"source":15,"target":38},{"cost":0,"weight":137,"source":29,"target":3},{"cost":0,"weight":816,"source":33,"target":4},{"cost":0,"weight":309,"source":30,"target":34},{"cost":0,"weight":681,"source":23,"target":2},{"cost":0,"weight":33,"source":7,"target":15},{"cost":0,"weight":45,"source":14,"target":23},{"cost":0,"weight":573,"source":19,"target":16},{"cost":0,"weight":581,"source":10,"target":26},{"cost":0,"weight":845,"source":29,"target":24},{"cost":0,"weight":932,"source":6,"target":24},{"cost":0,"weight":260,"source":39,"target":12},{"cost":0,"weight":715,"source":38,"target":8},{"cost":0,"weight":889,"source":21,"target":39},{"cost":0,"weight":253,"source":25,"target":19},{"cost":0,"weight":587,"source":17,"target":37},{"cost":0,"weight":704,"source":14,"target":31},{"cost":0,"weight":476,"source":20,"target":28},{"cost":0,"weight":498,"source":25,"target":2},{"cost":0,"weight":157,"source":5,"target":6},{"cost":0,"weight":617,"source":2,"target":11},{"cost":0,"weight":612,"source":33,"target":27},{"cost":0,"weight":815,"source":19,"target":12},{"cost":0,"weight":483,"source":15,"target":36},{"cost":0,"weight":659,"source":20,"target":27},{"cost":0,"weight":944,"source":6,"target":34},{"cost":0,"weight":245,"source":6,"target":5},{"cost":0,"weight":625,"source":15,"target":10},{"cost":0,"weight":239,"source":16,"target":24},{"cost":0,"weight":927,"source":7,"target":34},{"cost":0,"weight":130,"source":3,"target":18},{"cost":0,"weight":271,"source":0,"target":17},{"cost":0,"weight":881,"source":12,"target":31},{"cost":0,"weight":345,"source":28,"target":21},{"cost":0,"weight":466,"source":9,"target":13},{"cost":0,"weight":298,"source":39,"target":30},{"cost":0,"weight":195,"source":2,"target":19},{"cost":0,"weight":43,"source":32,"target":23},{"cost":0,"weight":84,"source":20,"target":35},{"cost":0,"weight":242,"source":12,"target":9},{"cost":0,"weight":958,"source":28,"target":25},{"cost":0,"weight":656,"source":8,"target":9},{"cost":0,"weight":677,"source":28,"target":19},{"cost":0,"weight":314,"source":27,"target":17},{"cost":0,"weight":215,"source":5,"target":32},{"cost":0,"weight":223,"source":7,"target":11},{"cost":0,"weight":768,"source":33,"target":21},{"cost":0,"weight":667,"source":19,"target":34},{"cost":0,"weight":755,"source":29,"target":11},{"cost":0,"weight":591,"source":14,"target":36},{"cost":0,"weight":588,"source":0,"target":1},{"cost":0,"weight":824,"source":22,"target":35},{"cost":0,"weight":754,"source":31,"target":15},{"cost":0,"weight":468,"source":23,"target":35},{"cost":0,"weight":509,"source":14,"target":29},{"cost":0,"weight":793,"source":33,"target":9},{"cost":0,"weight":919,"source":4,"target":14},{"cost":0,"weight":649,"source":37,"target":11},{"cost":0,"weight":160,"source":23,"target":0},{"cost":0,"weight":797,"source":30,"target":10},{"cost":0,"weight":90,"source":36,"target":2},{"cost":0,"weight":599,"source":6,"target":19},{"cost":0,"weight":220,"source":25,"target":36},{"cost":0,"weight":466,"source":28,"target":32},{"cost":0,"weight":586,"source":9,"target":8},{"cost":0,"weight":490,"source":15,"target":30},{"cost":0,"weight":192,"source":34,"target":14},{"cost":0,"weight":475,"source":26,"target":0},{"cost":0,"weight":686,"source":15,"target":13},{"cost":0,"weight":891,"source":36,"target":0},{"cost":0,"weight":701,"source":21,"target":14},{"cost":0,"weight":215,"source":26,"target":21},{"cost":0,"weight":29,"source":29,"target":10},{"cost":0,"weight":853,"source":28,"target":17},{"cost":0,"weight":575,"source":5,"target":20},{"cost":0,"weight":758,"source":33,"target":25},{"cost":0,"weight":527,"source":26,"target":1},{"cost":0,"weight":740,"source":31,"target":24},{"cost":0,"weight":71,"source":31,"target":20},{"cost":0,"weight":898,"source":11,"target":37},{"cost":0,"weight":471,"source":27,"target":14},{"cost":0,"weight":816,"source":9,"target":19},{"cost":0,"weight":769,"source":25,"target":20},{"cost":0,"weight":146,"source":33,"target":39},{"cost":0,"weight":37,"source":30,"target":6},{"cost":0,"weight":966,"source":39,"target":23},{"cost":0,"weight":617,"source":28,"target":11},{"cost":0,"weight":992,"source":37,"target":20},{"cost":0,"weight":232,"source":5,"target":0},{"cost":0,"weight":957,"source":2,"target":33},{"cost":0,"weight":906,"source":1,"target":3},{"cost":0,"weight":36,"source":14,"target":6},{"cost":0,"weight":256,"source":8,"target":15},{"cost":0,"weight":22,"source":17,"target":22},{"cost":0,"weight":697,"source":36,"target":5},{"cost":0,"weight":863,"source":15,"target":27},{"cost":0,"weight":317,"source":0,"target":13},{"cost":0,"weight":891,"source":34,"target":2},{"cost":0,"weight":256,"source":15,"target":4},{"cost":0,"weight":836,"source":4,"target":32},{"cost":0,"weight":675,"source":10,"target":39},{"cost":0,"weight":865,"source":38,"target":19},{"cost":0,"weight":47,"source":18,"target":6},{"cost":0,"weight":951,"source":10,"target":5},{"cost":0,"weight":722,"source":14,"target":4},{"cost":0,"weight":858,"source":18,"target":19},{"cost":0,"weight":860,"source":25,"target":27},{"cost":0,"weight":79,"source":4,"target":37},{"cost":0,"weight":365,"source":12,"target":20},{"cost":0,"weight":258,"source":26,"target":30},{"cost":0,"weight":832,"source":34,"target":26},{"cost":0,"weight":305,"source":15,"target":31},{"cost":0,"weight":225,"source":8,"target":21},{"cost":0,"weight":964,"source":33,"target":12},{"cost":0,"weight":334,"source":12,"target":10},{"cost":0,"weight":119,"source":0,"target":31},{"cost":0,"weight":99,"source":16,"target":26},{"cost":0,"weight":603,"source":24,"target":27},{"cost":0,"weight":979,"source":1,"target":10},{"cost":0,"weight":512,"source":32,"target":37},{"cost":0,"weight":12,"source":14,"target":32},{"cost":0,"weight":17,"source":24,"target":20},{"cost":0,"weight":970,"source":16,"target":7},{"cost":0,"weight":910,"source":5,"target":38},{"cost":0,"weight":240,"source":31,"target":32},{"cost":0,"weight":172,"source":35,"target":18},{"cost":0,"weight":962,"source":20,"target":24},{"cost":0,"weight":216,"source":16,"target":33},{"cost":0,"weight":763,"source":30,"target":32},{"cost":0,"weight":355,"source":7,"target":25},{"cost":0,"weight":352,"source":7,"target":39},{"cost":0,"weight":733,"source":10,"target":19},{"cost":0,"weight":28,"source":34,"target":9},{"cost":0,"weight":258,"source":11,"target":6},{"cost":0,"weight":73,"source":19,"target":37},{"cost":0,"weight":750,"source":31,"target":5},{"cost":0,"weight":131,"source":10,"target":29},{"cost":0,"weight":740,"source":7,"target":3},{"cost":0,"weight":730,"source":37,"target":31},{"cost":0,"weight":880,"source":19,"target":0},{"cost":0,"weight":37,"source":39,"target":26},{"cost":0,"weight":233,"source":23,"target":15},{"cost":0,"weight":187,"source":3,"target":29},{"cost":0,"weight":840,"source":6,"target":39},{"cost":0,"weight":537,"source":8,"target":32},{"cost":0,"weight":789,"source":32,"target":38},{"cost":0,"weight":737,"source":12,"target":37},{"cost":0,"weight":484,"source":39,"target":3},{"cost":0,"weight":848,"source":36,"target":14},{"cost":0,"weight":36,"source":11,"target":7},{"cost":0,"weight":940,"source":36,"target":31},{"cost":0,"weight":451,"source":7,"target":28},{"cost":0,"weight":666,"source":23,"target":27},{"cost":0,"weight":11,"source":9,"target":6},{"cost":0,"weight":600,"source":25,"target":22}],"graph":{"S":0,"T":10},"multigraph":false}