{"directed":true,"nodes":[{"id":0},{"id":1},{"id":2},{"id":3},{"id":4},{"id":5},{"id":6},{"id":7},{"id":8},{"id":9},{"id":10},{"id":11},{"id":12},{"id":13},{"id":14},{"id":15},{"id":16},{"id":17},{"id":18},{"id":19},{"id":20},{"id":21},{"id":22},{"id":23},{"id":24},{"id":25},{"id":26},{"id":27},{"id":28},{"id":29},{"id":30},{"id":31},{"id":32},{"id":33},{"id":34},{"id":35},{"id":36},{"id":37},{"id":38},{"id":39}],"links":[{"cost":0,"weight":146,"source":8,"target":13},{"cost":0,"weight":545,"source":25,"target":19},{"cost":0,"weight":436,"source":5,"target":18},{"cost":0,"weight":906,"source":5,"target":9},{"cost":0,"weight":351,"source":27,"target":32},{"cost":0,"weight":111,"source":36,"target":3},{"cost":0,"weight":94,"source":35,"target":5},{"cost":0,"weight":868,"source":2,"target":37},{"cost":0,"weight":863,"source":9,"target":21},{"cost":0,"weight":783,"source":32,"target":2},{"cost":0,"weight":46,"source":18,"target":1},{"cost":0,"weight":252,"source":19,"target":5},{"cost":0,"weight":427,"source":37,"target":34},{"cost":0,"weight":26,"source":30,"target":10},{"cost":0,"weight":851,"source":26,"target":34},{"cost":0,"weight":913,"source":27,"target":25},{"cost":0,"weight":749,"source":32,"target":5},{"cost":0,"weight":391,"source":19,"target":21},{"cost":0,"weight":841,"source":11,"target":18},{"cost":0,"weight":499,"source":8,"target":4},{"cost":0,"weight":92,"source":21,"target":26},{"cost":0,"weight":793,"source":14,"target":28},{"cost":0,"weight":363,"source":31,"target":19},{"cost":0,"weight":279,"source":8,"target":9},{"cost":0,"weight":534,"source":7,"target":32},{"cost":0,"weight":486,"source":16,"target":22},{"cost":0,"weight":993,"source":30,"target":22},{"cost":0,"weight":270,"source":28,"target":9},{"cost":0,"weight":199,"source":27,"target":26},{"cost":0,"weight":990,"source":17,"target":36},{"cost":0,"weight":648,"source":3,"target":29},{"cost":0,"weight":292,"source":27,"target":0},{"cost":0,"weight":177,"source":36,"target":29},{"cost":0,"weight":31,"source":32,"target":4},{"cost":0,"weight":422,"source":22,"target":24},{"cost":0,"weight":984,"source":23,"target":19},{"cost":0,"weight":586,"source":1,"target":22},{"cost":0,"weight":854,"source":15,"target":27},{"cost":0,"weight":513,"source":14,"target":37},{"cost":0,"weight":371,"source":19,"target":9},{"cost":0,"weight":561,"source":35,"target":1},{"cost":0,"weight":307,"source":16,"target":25},{"cost":0,"weight":959,"source":9,"target":15},{"cost":0,"weight":546,"source":37,"target":19},{"cost":0,"weight":559,"source":2,"target":8},{"cost":0,"weight":229,"source":22,"target":26},{"cost":0,"weight":559,"source":20,"target":27},{"cost":0,"weight":104,"source":29,"target":7},{"cost":0,"weight":665,"source":21,"target":35},{"cost":0,"weight":915,"source":37,"target":18},{"cost":0,"weight":996,"source":35,"target":16},{"cost":0,"weight":382,"source":12,"target":32},{"cost":0,"weight":665,"source":29,"target":8},{"cost":0,"weight":261,"source":15,"target":31},{"cost":0,"weight":750,"source":31,"target":39},{"cost":0,"weight":517,"source":15,"target":28},{"cost":0,"weight":26,"source":30,"target":35},{"cost":0,"weight":589,"source":7,"target":34},{"cost":0,"weight":384,"source":12,"target":29},{"cost":0,"weight":521,"source":24,"target":17},{"cost":0,"weight":284,"source":19,"target":39},{"cost":0,"weight":712,"source":34,"target":0},{"cost":0,"weight":822,"source":17,"target":21},{"cost":0,"weight":521,"source":26,"target":29},{"cost":0,"weight":930,"source":9,"target":1},{"cost":0,"weight":794,"source":25,"target":23},{"cost":0,"weight":340,"source":10,"target":38},{"cost":0,"weight":639,"source":10,"target":0},{"cost":0,"weight":316,"source":22,"target":30},{"cost":0,"weight":937,"source":23,"target":17},{"cost":0,"weight":237,"source":25,"target":31},{"cost":0,"weight":819,"source":0,"target":29},{"cost":0,"weight":411,"source":20,"target":8},{"cost":0,"weight":125,"source":18,"target":15},{"cost":0,"weight":95,"source":21,"target":17},{"cost":0,"weight":727,"source":32,"target":16},{"cost":0,"weight":70,"source":13,"target":32},{"cost":0,"weight":789,"source":1,"target":24},{"cost":0,"weight":572,"source":14,"target":0},{"cost":0,"weight":382,"source":13,"target":22},{"cost":0,"weight":244,"source":38,"target":20},{"cost":0,"weight":960,"source":29,"target":27},{"cost":0,"weight":918,"source":36,"target":26},{"cost":0,"weight":587,"source":14,"target":16},{"cost":0,"weight":884,"source":14,"target":26},{"cost":0,"weight":153,"source":34,"target":39},{"cost":0,"weight":643,"source":28,"target":13},{"cost":0,"weight":516,"source":19,"target":7},{"cost":0,"weight":862,"source":13,"target":35},{"cost":0,"weight":593,"source":37,"target":36},{"cost":0,"weight":195,"source":39,"target":17},{"cost":0,"weight":913,"source":31,"target":32},{"cost":0,"weight":882,"source":5,"target":31},{"cost":0,"weight":161,"source":13,"target":19},{"cost":0,"weight":445,"source":29,"target":10},{"cost":0,"weight":229,"source":9,"target":32},{"cost":0,"weight":433,"source":3,"target":38},{"cost":0,"weight":973,"source":22,"target":6},{"cost":0,"weight":896,"source":12,"target":3},{"cost":0,"weight":151,"source":24,"target":0},{"cost":0,"weight":536,"source":3,"target":15},{"cost":0,"weight":621,"source":4,"target":7},{"cost":0,"weight":314,"source":27,"target":22},{"cost":0,"weight":952,"source":6,"target":3},{"cost":0,"weight":228,"source":16,"target":32},{"cost":0,"weight":999,"source":31,"target":20},{"cost":0,"weight":997,"source":17,"target":8},{"cost":0,"weight":736,"source":19,"target":34},{"cost":0,"weight":58,"source":3,"target":14},{"cost":0,"weight":722,"source":13,"target":24},{"cost":0,"weight":714,"source":31,"target":36},{"cost":0,"weight":558,"source":28,"target":16},{"cost":0,"weight":988,"source":5,"target":7},{"cost":0,"weight":777,"source":17,"target":35},{"cost":0,"weight":12,"source":24,"target":11},{"cost":0,"weight":715,"source":30,"target":12},{"cost":0,"weight":702,"source":30,"target":7},{"cost":0,"weight":348,"source":3,"target":20},{"cost":0,"weight":368,"source":25,"target":8},{"cost":0,"weight":719,"source":14,"target":32},{"cost":0,"weight":995,"source":6,"target":24},{"cost":0,"weight":477,"source":27,"target":9},{"cost":0,"weight":905,"source":23,"target":25},{"cost":0,"weight":560,"source":5,"target":35},{"cost":0,"weight":810,"source":19,"target":10},{"cost":0,"weight":691,"source":7,"target":0},{"cost":0,"weight":611,"source":21,"target":23},{"cost":0,"weight":663,"source":35,"target":8},{"cost":0,"weight":968,"source":21,"target":12},{"cost":0,"weight":50,"source":21,"target":5},{"cost":0,"weight":272,"source":32,"target":27},{"cost":0,"weight":988,"source":4,"target":36},{"cost":0,"weight":508,"source":8,"target":1},{"cost":0,"weight":448,"source":24,"target":18},{"cost":0,"weight":199,"source":27,"target":39},{"cost":0,"weight":56,"source":37,"target":20},{"cost":0,"weight":787,"source":29,"target":19},{"cost":0,"weight":452,"source":23,"target":27},{"cost":0,"weight":625,"source":37,"target":33},{"cost":0,"weight":439,"source":23,"target":2},{"cost":0,"weight":197,"source":37,"target":3},{"cost":0,"weight":958,"source":37,"target":21},{"cost":0,"weight":557,"source":24,"target":16},{"cost":0,"weight":401,"source":38,"target":22},{"cost":0,"weight":589,"source":17,"target":4},{"cost":0,"weight":100,"source":0,"target":21},{"cost":0,"weight":883,"source":28,"target":21},{"cost":0,"weight":519,"source":33,"target":38},{"cost":0,"weight":185,"source":27,"target":12},{"cost":0,"weight":756,"source":0,"target":34},{"cost":0,"weight":446,"source":12,"target":37},{"cost":0,"weight":218,"source":12,"target":21},{"cost":0,"weight":316,"source":7,"target":29},{"cost":0,"weight":915,"source":25,"target":27},{"cost":0,"weight":751,"source":23,"target":32},{"cost":0,"weight":435,"source":12,"target":18},{"cost":0,"weight":812,"source":11,"target":3},{"cost":0,"weight":558,"source":35,"target":28},{"cost":0,"weight":961,"source":12,"target":2},{"cost":0,"weight":836,"source":36,"target":13}],"graph":{"S":0,"T":10},"multigraph":false}