{"directed":true,"nodes":[{"id":0},{"id":1},{"id":2},{"id":3},{"id":4},{"id":5},{"id":6},{"id":7},{"id":8},{"id":9},{"id":10},{"id":11},{"id":12},{"id":13},{"id":14},{"id":15},{"id":16},{"id":17},{"id":18},{"id":19},{"id":20},{"id":21},{"id":22},{"id":23},{"id":24},{"id":25},{"id":26},{"id":27},{"id":28},{"id":29},{"id":30},{"id":31},{"id":32},{"id":33},{"id":34},{"id":35},{"id":36},{"id":37},{"id":38},{"id":39}],"links":[{"cost":0,"weight":459,"source":23,"target":19},{"cost":0,"weight":570,"source":1,"target":27},{"cost":0,"weight":601,"source":2,"target":24},{"cost":0,"weight":267,"source":20,"target":1},{"cost":0,"weight":974,"source":35,"target":31},{"cost":0,"weight":381,"source":9,"target":26},{"cost":0,"weight":707,"source":33,"target":12},{"cost":0,"weight":990,"source":27,"target":17},{"cost":0,"weight":243,"source":19,"target":25},{"cost":0,"weight":741,"source":11,"target":29},{"cost":0,"weight":556,"source":31,"target":19},{"cost":0,"weight":667,"source":6,"target":11},{"cost":0,"weight":53,"source":34,"target":39},{"cost":0,"weight":27,"source":28,"target":24},{"cost":0,"weight":319,"source":13,"target":11},{"cost":0,"weight":336,"source":21,"target":36},{"cost":0,"weight":194,"source":16,"target":34},{"cost":0,"weight":781,"source":17,"target":33},{"cost":0,"weight":816,"source":21,"target":15},{"cost":0,"weight":684,"source":12,"target":27},{"cost":0,"weight":380,"source":4,"target":27},{"cost":0,"weight":630,"source":5,"target":26},{"cost":0,"weight":947,"source":39,"target":9},{"cost":0,"weight":12,"source":26,"target":34},{"cost":0,"weight":702,"source":9,"target":22},{"cost":0,"weight":876,"source":26,"target":4},{"cost":0,"weight":690,"source":32,"target":6},{"cost":0,"weight":810,"source":14,"target":13},{"cost":0,"weight":836,"source":13,"target":20},{"cost":0,"weight":802,"source":9,"target":5},{"cost":0,"weight":594,"source":10,"target":25},{"cost":0,"weight":315,"source":1,"target":5},{"cost":0,"weight":773,"source":36,"target":17},{"cost":0,"weight":411,"source":32,"target":39},{"cost":0,"weight":850,"source":18,"target":6},{"cost":0,"weight":690,"source":34,"target":20},{"cost":0,"weight":817,"source":1,"target":35},{"cost":0,"weight":985,"source":32,"target":8},{"cost":0,"weight":886,"source":3,"target":13},{"cost":0,"weight":463,"source":18,"target":25},{"cost":0,"weight":113,"source":30,"target":37},{"cost":0,"weight":946,"source":38,"target":3},{"cost":0,"weight":64,"source":3,"target":18},{"cost":0,"weight":619,"source":39,"target":4},{"cost":0,"weight":407,"source":12,"target":18},{"cost":0,"weight":328,"source":30,"target":9},{"cost":0,"weight":314,"source":13,"target":14},{"cost":0,"weight":896,"source":37,"target":12},{"cost":0,"weight":993,"source":25,"target":15},{"cost":0,"weight":530,"source":10,"target":22},{"cost":0,"weight":132,"source":8,"target":3},{"cost":0,"weight":52,"source":17,"target":5},{"cost":0,"weight":405,"source":10,"target":0},{"cost":0,"weight":576,"source":1,"target":14},{"cost":0,"weight":724,"source":10,"target":15},{"cost":0,"weight":202,"source":31,"target":25},{"cost":0,"weight":447,"source":1,"target":9},{"cost":0,"weight":348,"source":15,"target":39},{"cost":0,"weight":185,"source":24,"target":13},{"cost":0,"weight":615,"source":17,"target":39},{"cost":0,"weight":811,"source":6,"target":31},{"cost":0,"weight":813,"source":28,"target":17},{"cost":0,"weight":913,"source":33,"target":5},{"cost":0,"weight":176,"source":17,"target":10},{"cost":0,"weight":212,"source":21,"target":3},{"cost":0,"weight":244,"source":7,"target":30},{"cost":0,"weight":604,"source":14,"target":6},{"cost":0,"weight":925,"source":38,"target":27},{"cost":0,"weight":273,"source":12,"target":29},{"cost":0,"weight":311,"source":26,"target":9},{"cost":0,"weight":711,"source":10,"target":28},{"cost":0,"weight":898,"source":14,"target":8},{"cost":0,"weight":783,"source":26,"target":19},{"cost":0,"weight":129,"source":34,"target":35},{"cost":0,"weight":596,"source":19,"target":24},{"cost":0,"weight":585,"source":27,"target":8},{"cost":0,"weight":503,"source":6,"target":1},{"cost":0,"weight":947,"source":36,"target":9},{"cost":0,"weight":323,"source":1,"target":12},{"cost":0,"weight":350,"source":2,"target":12},{"cost":0,"weight":291,"source":13,"target":30},{"cost":0,"weight":528,"source":1,"target":23},{"cost":0,"weight":26,"source":11,"target":39},{"cost":0,"weight":712,"source":11,"target":2},{"cost":0,"weight":462,"source":12,"target":32},{"cost":0,"weight":863,"source":35,"target":15},{"cost":0,"weight":504,"source":32,"target":5},{"cost":0,"weight":977,"source":17,"target":9},{"cost":0,"weight":558,"source":16,"target":9},{"cost":0,"weight":260,"source":2,"target":1},{"cost":0,"weight":362,"source":1,"target":37},{"cost":0,"weight":84,"source":33,"target":31},{"cost":0,"weight":461,"source":39,"target":32},{"cost":0,"weight":822,"source":20,"target":32},{"cost":0,"weight":527,"source":17,"target":4},{"cost":0,"weight":821,"source":35,"target":19},{"cost":0,"weight":552,"source":4,"target":21},{"cost":0,"weight":748,"source":21,"target":34},{"cost":0,"weight":590,"source":36,"target":19},{"cost":0,"weight":249,"source":34,"target":8},{"cost":0,"weight":555,"source":16,"target":32},{"cost":0,"weight":279,"source":20,"target":27},{"cost":0,"weight":356,"source":7,"target":32},{"cost":0,"weight":611,"source":18,"target":13},{"cost":0,"weight":765,"source":28,"target":16},{"cost":0,"weight":752,"source":24,"target":18},{"cost":0,"weight":702,"source":21,"target":2},{"cost":0,"weight":458,"source":8,"target":16},{"cost":0,"weight":792,"source":39,"target":33},{"cost":0,"weight":963,"source":22,"target":28},{"cost":0,"weight":905,"source":0,"target":5},{"cost":0,"weight":107,"source":13,"target":33},{"cost":0,"weight":187,"source":5,"target":32},{"cost":0,"weight":698,"source":5,"target":2},{"cost":0,"weight":458,"source":17,"target":24},{"cost":0,"weight":466,"source":9,"target":16},{"cost":0,"weight":386,"source":28,"target":33},{"cost":0,"weight":773,"source":1,"target":33},{"cost":0,"weight":760,"source":26,"target":14},{"cost":0,"weight":832,"source":7,"target":10},{"cost":0,"weight":160,"source":14,"target":32},{"cost":0,"weight":197,"source":3,"target":31},{"cost":0,"weight":593,"source":8,"target":5},{"cost":0,"weight":159,"source":17,"target":1},{"cost":0,"weight":496,"source":6,"target":26},{"cost":0,"weight":14,"source":18,"target":7},{"cost":0,"weight":992,"source":31,"target":18},{"cost":0,"weight":756,"source":16,"target":38},{"cost":0,"weight":636,"source":4,"target":19},{"cost":0,"weight":49,"source":4,"target":26},{"cost":0,"weight":509,"source":34,"target":27},{"cost":0,"weight":277,"source":33,"target":34},{"cost":0,"weight":621,"source":27,"target":38},{"cost":0,"weight":796,"source":33,"target":18},{"cost":0,"weight":724,"source":29,"target":4},{"cost":0,"weight":147,"source":35,"target":12},{"cost":0,"weight":391,"source":2,"target":14},{"cost":0,"weight":208,"source":2,"target":22},{"cost":0,"weight":792,"source":21,"target":23},{"cost":0,"weight":736,"source":7,"target":14},{"cost":0,"weight":143,"source":30,"target":2},{"cost":0,"weight":150,"source":10,"target":21},{"cost":0,"weight":529,"source":0,"target":14},{"cost":0,"weight":858,"source":4,"target":28},{"cost":0,"weight":155,"source":36,"target":13},{"cost":0,"weight":820,"source":30,"target":14},{"cost":0,"weight":976,"source":33,"target":6},{"cost":0,"weight":680,"source":13,"target":9},{"cost":0,"weight":432,"source":19,"target":10},{"cost":0,"weight":61,"source":7,"target":26},{"cost":0,"weight":271,"source":8,"target":29},{"cost":0,"weight":939,"source":20,"target":12},{"cost":0,"weight":628,"source":24,"target":10},{"cost":0,"weight":255,"source":22,"target":2},{"cost":0,"weight":151,"source":15,"target":28},{"cost":0,"weight":502,"source":39,"target":16},{"cost":0,"weight":415,"source":25,"target":22},{"cost":0,"weight":116,"source":38,"target":18},{"cost":0,"weight":276,"source":17,"target":12},{"cost":0,"weight":292,"source":29,"target":32}],"graph":{"S":0,"T":10},"multigraph":false}