{"directed":true,"nodes":[{"id":0},{"id":1},{"id":2},{"id":3},{"id":4},{"id":5},{"id":6},{"id":7},{"id":8},{"id":9},{"id":10},{"id":11},{"id":12},{"id":13},{"id":14},{"id":15},{"id":16},{"id":17},{"id":18},{"id":19},{"id":20},{"id":21},{"id":22},{"id":23},{"id":24},{"id":25},{"id":26},{"id":27},{"id":28},{"id":29},{"id":30},{"id":31},{"id":32},{"id":33},{"id":34},{"id":35},{"id":36},{"id":37},{"id":38},{"id":39}],"links":[{"cost":0,"weight":199,"source":7,"target":32},{"cost":0,"weight":583,"source":6,"target":39},{"cost":0,"weight":459,"source":33,"target":25},{"cost":0,"weight":439,"source":31,"target":19},{"cost":0,"weight":233,"source":24,"target":10},{"cost":0,"weight":22,"source":6,"target":9},{"cost":0,"weight":955,"source":11,"target":9},{"cost":0,"weight":306,"source":16,"target":39},{"cost":0,"weight":355,"source":1,"target":26},{"cost":0,"weight":844,"source":36,"target":6},{"cost":0,"weight":813,"source":27,"target":22},{"cost":0,"weight":374,"source":8,"target":18},{"cost":0,"weight":827,"source":12,"target":18},{"cost":0,"weight":598,"source":38,"target":32},{"cost":0,"weight":297,"source":2,"target":8},{"cost":0,"weight":231,"source":35,"target":8},{"cost":0,"weight":514,"source":3,"target":33},{"cost":0,"weight":420,"source":0,"target":16},{"cost":0,"weight":115,"source":30,"target":34},{"cost":0,"weight":847,"source":21,"target":32},{"cost":0,"weight":527,"source":32,"target":27},{"cost":0,"weight":888,"source":26,"target":12},{"cost":0,"weight":475,"source":1,"target":17},{"cost":0,"weight":440,"source":8,"target":4},{"cost":0,"weight":744,"source":10,"target":31},{"cost":0,"weight":504,"source":8,"target":27},{"cost":0,"weight":597,"source":25,"target":17},{"cost":0,"weight":236,"source":10,"target":6},{"cost":0,"weight":77,"source":2,"target":31},{"cost":0,"weight":491,"source":39,"target":17},{"cost":0,"weight":153,"source":37,"target":39},{"cost":0,"weight":960,"source":19,"target":11},{"cost":0,"weight":880,"source":27,"target":11},{"cost":0,"weight":46,"source":13,"target":37},{"cost":0,"weight":352,"source":30,"target":9},{"cost":0,"weight":496,"source":4,"target":24},{"cost":0,"weight":873,"source":13,"target":9},{"cost":0,"weight":894,"source":39,"target":11},{"cost":0,"weight":371,"source":17,"target":1},{"cost":0,"weight":862,"source":1,"target":12},{"cost":0,"weight":848,"source":39,"target":29},{"cost":0,"weight":669,"source":8,"target":38},{"cost":0,"weight":784,"source":1,"target":10},{"cost":0,"weight":366,"source":9,"target":24},{"cost":0,"weight":444,"source":11,"target":25},{"cost":0,"weight":634,"source":25,"target":38},{"cost":0,"weight":15,"source":23,"target":25},{"cost":0,"weight":132,"source":34,"target":1},{"cost":0,"weight":744,"source":22,"target":29},{"cost":0,"weight":186,"source":0,"target":2},{"cost":0,"weight":55,"source":20,"target":12},{"cost":0,"weight":168,"source":15,"target":37},{"cost":0,"weight":318,"source":6,"target":8},{"cost":0,"weight":261,"source":3,"target":16},{"cost":0,"weight":107,"source":11,"target":38},{"cost":0,"weight":19,"source":12,"target":25},{"cost":0,"weight":315,"source":12,"target":36},{"cost":0,"weight":957,"source":20,"target":23},{"cost":0,"weight":184,"source":5,"target":17},{"cost":0,"weight":947,"source":2,"target":13},{"cost":0,"weight":367,"source":12,"target":35},{"cost":0,"weight":918,"source":15,"target":9},{"cost":0,"weight":160,"source":36,"target":16},{"cost":0,"weight":317,"source":4,"target":10},{"cost":0,"weight":614,"source":9,"target":1},{"cost":0,"weight":653,"source":20,"target":7},{"cost":0,"weight":439,"source":18,"target":2},{"cost":0,"weight":521,"source":26,"target":38},{"cost":0,"weight":425,"source":20,"target":28},{"cost":0,"weight":28,"source":23,"target":16},{"cost":0,"weight":214,"source":15,"target":35},{"cost":0,"weight":307,"source":6,"target":1},{"cost":0,"weight":584,"source":36,"target":29},{"cost":0,"weight":334,"source":12,"target":23},{"cost":0,"weight":766,"source":3,"target":35},{"cost":0,"weight":982,"source":23,"target":37},{"cost":0,"weight":249,"source":6,"target":26},{"cost":0,"weight":236,"source":25,"target":6},{"cost":0,"weight":842,"source":36,"target":27},{"cost":0,"weight":617,"source":17,"target":30},{"cost":0,"weight":230,"source":2,"target":5},{"cost":0,"weight":447,"source":14,"target":5},{"cost":0,"weight":220,"source":39,"target":25},{"cost":0,"weight":105,"source":9,"target":22},{"cost":0,"weight":208,"source":36,"target":31},{"cost":0,"weight":925,"source":36,"target":14},{"cost":0,"weight":43,"source":14,"target":6},{"cost":0,"weight":866,"source":17,"target":32},{"cost":0,"weight":422,"source":3,"target":28},{"cost":0,"weight":554,"source":35,"target":19},{"cost":0,"weight":167,"source":4,"target":31},{"cost":0,"weight":19,"source":35,"target":28},{"cost":0,"weight":85,"source":34,"target":30},{"cost":0,"weight":646,"source":36,"target":23},{"cost":0,"weight":234,"source":9,"target":13},{"cost":0,"weight":961,"source":34,"target":33},{"cost":0,"weight":584,"source":21,"target":12},{"cost":0,"weight":370,"source":31,"target":22},{"cost":0,"weight":773,"source":20,"target":1},{"cost":0,"weight":347,"source":26,"target":7},{"cost":0,"weight":571,"source":38,"target":25},{"cost":0,"weight":46,"source":20,"target":19},{"cost":0,"weight":727,"source":34,"target":31},{"cost":0,"weight":482,"source":33,"target":22},{"cost":0,"weight":161,"source":6,"target":23},{"cost":0,"weight":612,"source":24,"target":39},{"cost":0,"weight":147,"source":31,"target":2},{"cost":0,"weight":184,"source":18,"target":5},{"cost":0,"weight":903,"source":30,"target":15},{"cost":0,"weight":790,"source":37,"target":26},{"cost":0,"weight":512,"source":24,"target":28},{"cost":0,"weight":98,"source":37,"target":9},{"cost":0,"weight":665,"source":10,"target":1},{"cost":0,"weight":310,"source":16,"target":36},{"cost":0,"weight":93,"source":33,"target":21},{"cost":0,"weight":332,"source":39,"target":38},{"cost":0,"weight":816,"source":26,"target":21},{"cost":0,"weight":550,"source":38,"target":27},{"cost":0,"weight":822,"source":23,"target":12},{"cost":0,"weight":922,"source":21,"target":10},{"cost":0,"weight":651,"source":29,"target":0},{"cost":0,"weight":18,"source":6,"target":33},{"cost":0,"weight":691,"source":37,"target":24},{"cost":0,"weight":895,"source":30,"target":1},{"cost":0,"weight":324,"source":33,"target":20},{"cost":0,"weight":672,"source":12,"target":0},{"cost":0,"weight":637,"source":38,"target":21},{"cost":0,"weight":747,"source":37,"target":20},{"cost":0,"weight":667,"source":25,"target":21},{"cost":0,"weight":951,"source":21,"target":36},{"cost":0,"weight":380,"source":14,"target":3},{"cost":0,"weight":822,"source":31,"target":8},{"cost":0,"weight":774,"source":1,"target":30},{"cost":0,"weight":214,"source":36,"target":11},{"cost":0,"weight":564,"source":32,"target":33},{"cost":0,"weight":141,"source":39,"target":4},{"cost":0,"weight":977,"source":27,"target":39},{"cost":0,"weight":432,"source":9,"target":11},{"cost":0,"weight":424,"source":28,"target":20},{"cost":0,"weight":111,"source":6,"target":7},{"cost":0,"weight":996,"source":39,"target":23},{"cost":0,"weight":930,"source":28,"target":17},{"cost":0,"weight":138,"source":30,"target":17},{"cost":0,"weight":359,"source":9,"target":33},{"cost":0,"weight":519,"source":27,"target":2},{"cost":0,"weight":392,"source":19,"target":21},{"cost":0,"weight":186,"source":2,"target":14},{"cost":0,"weight":951,"source":18,"target":28},{"cost":0,"weight":566,"source":37,"target":14},{"cost":0,"weight":319,"source":15,"target":38},{"cost":0,"weight":538,"source":18,"target":12},{"cost":0,"weight":478,"source":34,"target":35},{"cost":0,"weight":996,"source":16,"target":18},{"cost":0,"weight":188,"source":36,"target":18},{"cost":0,"weight":512,"source":27,"target":33},{"cost":0,"weight":161,"source":27,"target":16},{"cost":0,"weight":740,"source":33,"target":8},{"cost":0,"weight":55,"source":35,"target":36},{"cost":0,"weight":694,"source":15,"target":1},{"cost":0,"weight":257,"source":17,"target":15}],"graph":{"S":0,"T":10},"multigraph":false}