{"directed":true,"nodes":[{"id":0},{"id":1},{"id":2},{"id":3},{"id":4},{"id":5},{"id":6},{"id":7},{"id":8},{"id":9},{"id":10},{"id":11},{"id":12},{"id":13},{"id":14},{"id":15},{"id":16},{"id":17},{"id":18},{"id":19},{"id":20},{"id":21},{"id":22},{"id":23},{"id":24},{"id":25},{"id":26},{"id":27},{"id":28},{"id":29},{"id":30},{"id":31},{"id":32},{"id":33},{"id":34},{"id":35},{"id":36},{"id":37},{"id":38},{"id":39}],"links":[{"cost":0,"weight":789,"source":14,"target":3},{"cost":0,"weight":751,"source":7,"target":22},{"cost":0,"weight":726,"source":0,"target":29},{"cost":0,"weight":328,"source":21,"target":23},{"cost":0,"weight":990,"source":19,"target":39},{"cost":0,"weight":711,"source":28,"target":16},{"cost":0,"weight":975,"source":32,"target":16},{"cost":0,"weight":424,"source":15,"target":22},{"cost":0,"weight":506,"source":27,"target":38},{"cost":0,"weight":317,"source":35,"target":27},{"cost":0,"weight":10,"source":15,"target":13},{"cost":0,"weight":113,"source":9,"target":2},{"cost":0,"weight":27,"source":30,"target":28},{"cost":0,"weight":240,"source":38,"target":6},{"cost":0,"weight":218,"source":14,"target":29},{"cost":0,"weight":982,"source":31,"target":35},{"cost":0,"weight":310,"source":16,"target":9},{"cost":0,"weight":951,"source":10,"target":16},{"cost":0,"weight":301,"source":9,"target":22},{"cost":0,"weight":938,"source":16,"target":32},{"cost":0,"weight":713,"source":11,"target":39},{"cost":0,"weight":370,"source":23,"target":36},{"cost":0,"weight":868,"source":14,"target":30},{"cost":0,"weight":560,"source":4,"target":30},{"cost":0,"weight":150,"source":0,"target":16},{"cost":0,"weight":196,"source":36,"target":21},{"cost":0,"weight":859,"source":5,"target":8},{"cost":0,"weight":445,"source":6,"target":34},{"cost":0,"weight":209,"source":12,"target":37},{"cost":0,"weight":182,"source":6,"target":22},{"cost":0,"weight":818,"source":17,"target":20},{"cost":0,"weight":696,"source":21,"target":38},{"cost":0,"weight":65,"source":19,"target":35},{"cost":0,"weight":855,"source":6,"target":7},{"cost":0,"weight":138,"source":36,"target":0},{"cost":0,"weight":915,"source":10,"target":0},{"cost":0,"weight":938,"source":21,"target":29},{"cost":0,"weight":797,"source":6,"target":25},{"cost":0,"weight":933,"source":14,"target":1},{"cost":0,"weight":662,"source":1,"target":35},{"cost":0,"weight":790,"source":3,"target":19},{"cost":0,"weight":257,"source":22,"target":5},{"cost":0,"weight":947,"source":9,"target":4},{"cost":0,"weight":707,"source":37,"target":28},{"cost":0,"weight":278,"source":22,"target":31},{"cost":0,"weight":426,"source":19,"target":22},{"cost":0,"weight":669,"source":13,"target":32},{"cost":0,"weight":914,"source":2,"target":3},{"cost":0,"weight":322,"source":33,"target":15},{"cost":0,"weight":885,"source":12,"target":32},{"cost":0,"weight":125,"source":1,"target":0},{"cost":0,"weight":399,"source":8,"target":3},{"cost":0,"weight":898,"source":34,"target":37},{"cost":0,"weight":141,"source":33,"target":27},{"cost":0,"weight":981,"source":24,"target":34},{"cost":0,"weight":401,"source":9,"target":30},{"cost":0,"weight":607,"source":10,"target":6},{"cost":0,"weight":440,"source":30,"target":32},{"cost":0,"weight":722,"source":19,"target":38},{"cost":0,"weight":495,"source":2,"target":17},{"cost":0,"weight":445,"source":38,"target":11},{"cost":0,"weight":971,"source":7,"target":30},{"cost":0,"weight":627,"source":37,"target":14},{"cost":0,"weight":920,"source":39,"target":33},{"cost":0,"weight":842,"source":7,"target":10},{"cost":0,"weight":693,"source":23,"target":35},{"cost":0,"weight":366,"source":14,"target":38},{"cost":0,"weight":773,"source":16,"target":0},{"cost":0,"weight":609,"source":34,"target":16},{"cost":0,"weight":381,"source":24,"target":6},{"cost":0,"weight":524,"source":24,"target":15},{"cost":0,"weight":571,"source":21,"target":35},{"cost":0,"weight":873,"source":10,"target":35},{"cost":0,"weight":473,"source":9,"target":19},{"cost":0,"weight":85,"source":9,"target":11},{"cost":0,"weight":929,"source":9,"target":35},{"cost":0,"weight":743,"source":21,"target":34},{"cost":0,"weight":683,"source":24,"target":21},{"cost":0,"weight":378,"source":5,"target":39},{"cost":0,"weight":978,"source":25,"target":8},{"cost":0,"weight":142,"source":9,"target":31},{"cost":0,"weight":170,"source":26,"target":19},{"cost":0,"weight":82,"source":20,"target":17},{"cost":0,"weight":891,"source":27,"target":14},{"cost":0,"weight":609,"source":0,"target":38},{"cost":0,"weight":321,"source":13,"target":36},{"cost":0,"weight":177,"source":10,"target":19},{"cost":0,"weight":668,"source":7,"target":33},{"cost":0,"weight":875,"source":36,"target":5},{"cost":0,"weight":504,"source":36,"target":20},{"cost":0,"weight":935,"source":25,"target":32},{"cost":0,"weight":950,"source":33,"target":18},{"cost":0,"weight":496,"source":19,"target":28},{"cost":0,"weight":150,"source":18,"target":31},{"cost":0,"weight":552,"source":16,"target":28},{"cost":0,"weight":809,"source":4,"target":25},{"cost":0,"weight":265,"source":19,"target":12},{"cost":0,"weight":315,"source":21,"target":19},{"cost":0,"weight":818,"source":23,"target":38},{"cost":0,"weight":798,"source":8,"target":26},{"cost":0,"weight":173,"source":22,"target":1},{"cost":0,"weight":307,"source":24,"target":0},{"cost":0,"weight":688,"source":20,"target":18},{"cost":0,"weight":188,"source":15,"target":34},{"cost":0,"weight":973,"source":9,"target":8},{"cost":0,"weight":533,"source":7,"target":34},{"cost":0,"weight":723,"source":28,"target":9},{"cost":0,"weight":59,"source":11,"target":13},{"cost":0,"weight":101,"source":16,"target":17},{"cost":0,"weight":652,"source":27,"target":20},{"cost":0,"weight":958,"source":11,"target":0},{"cost":0,"weight":957,"source":25,"target":37},{"cost":0,"weight":527,"source":2,"target":26},{"cost":0,"weight":85,"source":26,"target":30},{"cost":0,"weight":288,"source":2,"target":13},{"cost":0,"weight":788,"source":32,"target":7},{"cost":0,"weight":493,"source":31,"target":28},{"cost":0,"weight":546,"source":17,"target":37},{"cost":0,"weight":32,"source":6,"target":35},{"cost":0,"weight":83,"source":32,"target":21},{"cost":0,"weight":646,"source":3,"target":26},{"cost":0,"weight":488,"source":6,"target":14},{"cost":0,"weight":204,"source":24,"target":9},{"cost":0,"weight":660,"source":19,"target":1},{"cost":0,"weight":214,"source":7,"target":39},{"cost":0,"weight":925,"source":39,"target":36},{"cost":0,"weight":517,"source":21,"target":24},{"cost":0,"weight":383,"source":38,"target":15},{"cost":0,"weight":218,"source":17,"target":31},{"cost":0,"weight":210,"source":29,"target":7},{"cost":0,"weight":160,"source":5,"target":25},{"cost":0,"weight":826,"source":4,"target":26},{"cost":0,"weight":97,"source":15,"target":37},{"cost":0,"weight":335,"source":4,"target":3},{"cost":0,"weight":750,"source":21,"target":13},{"cost":0,"weight":729,"source":8,"target":2},{"cost":0,"weight":224,"source":6,"target":39},{"cost":0,"weight":113,"source":24,"target":32},{"cost":0,"weight":387,"source":24,"target":20},{"cost":0,"weight":53,"source":5,"target":38},{"cost":0,"weight":227,"source":25,"target":30},{"cost":0,"weight":918,"source":14,"target":9},{"cost":0,"weight":867,"source":7,"target":18},{"cost":0,"weight":692,"source":6,"target":26},{"cost":0,"weight":903,"source":19,"target":10},{"cost":0,"weight":880,"source":36,"target":37},{"cost":0,"weight":964,"source":12,"target":2},{"cost":0,"weight":162,"source":0,"target":21},{"cost":0,"weight":377,"source":9,"target":29},{"cost":0,"weight":230,"source":21,"target":12},{"cost":0,"weight":367,"source":5,"target":32},{"cost":0,"weight":857,"source":17,"target":26},{"cost":0,"weight":396,"source":29,"target":16},{"cost":0,"weight":198,"source":5,"target":14},{"cost":0,"weight":676,"source":1,"target":10},{"cost":0,"weight":577,"source":33,"target":10},{"cost":0,"weight":124,"source":38,"target":35},{"cost":0,"weight":789,"source":31,"target":36},{"cost":0,"weight":66,"source":16,"target":15},{"cost":0,"weight":703,"source":15,"target":2}],"graph":{"S":0,"T":10},"multigraph":false}