{"directed":true,"nodes":[{"id":0},{"id":1},{"id":2},{"id":3},{"id":4},{"id":5},{"id":6},{"id":7},{"id":8},{"id":9},{"id":10},{"id":11},{"id":12},{"id":13},{"id":14},{"id":15},{"id":16},{"id":17},{"id":18},{"id":19},{"id":20},{"id":21},{"id":22},{"id":23},{"id":24},{"id":25},{"id":26},{"id":27},{"id":28},{"id":29},{"id":30},{"id":31},{"id":32},{"id":33},{"id":34},{"id":35},{"id":36},{"id":37},{"id":38},{"id":39}],"links":[{"cost":0,"weight":309,"source":38,"target":13},{"cost":0,"weight":351,"source":16,"target":13},{"cost":0,"weight":617,"source":5,"target":14},{"cost":0,"weight":492,"source":3,"target":10},{"cost":0,"weight":725,"source":5,"target":32},{"cost":0,"weight":22,"source":0,"target":9},{"cost":0,"weight":802,"source":38,"target":24},{"cost":0,"weight":24,"source":34,"target":29},{"cost":0,"weight":816,"source":10,"target":32},{"cost":0,"weight":477,"source":24,"target":18},{"cost":0,"weight":469,"source":4,"target":36},{"cost":0,"weight":994,"source":37,"target":21},{"cost":0,"weight":128,"source":38,"target":18},{"cost":0,"weight":458,"source":17,"target":32},{"cost":0,"weight":658,"source":32,"target":27},{"cost":0,"weight":997,"source":29,"target":0},{"cost":0,"weight":308,"source":20,"target":26},{"cost":0,"weight":879,"source":12,"target":37},{"cost":0,"weight":425,"source":21,"target":0},{"cost":0,"weight":930,"source":13,"target":14},{"cost":0,"weight":670,"source":32,"target":26},{"cost":0,"weight":656,"source":36,"target":23},{"cost":0,"weight":109,"source":11,"target":16},{"cost":0,"weight":518,"source":16,"target":32},{"cost":0,"weight":745,"source":3,"target":2},{"cost":0,"weight":516,"source":39,"target":35},{"cost":0,"weight":660,"source":34,"target":9},{"cost":0,"weight":975,"source":22,"target":25},{"cost":0,"weight":956,"source":20,"target":7},{"cost":0,"weight":508,"source":13,"target":33},{"cost":0,"weight":718,"source":2,"target":36},{"cost":0,"weight":965,"source":23,"target":22},{"cost":0,"weight":592,"source":32,"target":30},{"cost":0,"weight":636,"source":7,"target":20},{"cost":0,"weight":504,"source":33,"target":12},{"cost":0,"weight":983,"source":6,"target":23},{"cost":0,"weight":988,"source":26,"target":15},{"cost":0,"weight":215,"source":33,"target":8},{"cost":0,"weight":208,"source":4,"target":21},{"cost":0,"weight":747,"source":27,"target":36},{"cost":0,"weight":492,"source":31,"target":20},{"cost":0,"weight":491,"source":3,"target":8},{"cost":0,"weight":293,"source":8,"target":36},{"cost":0,"weight":200,"source":27,"target":17},{"cost":0,"weight":248,"source":35,"target":32},{"cost":0,"weight":317,"source":17,"target":4},{"cost":0,"weight":230,"source":13,"target":3},{"cost":0,"weight":24,"source":13,"target":5},{"cost":0,"weight":262,"source":26,"target":4},{"cost":0,"weight":76,"source":2,"target":17},{"cost":0,"weight":465,"source":39,"target":27},{"cost":0,"weight":713,"source":17,"target":9},{"cost":0,"weight":866,"source":35,"target":5},{"cost":0,"weight":534,"source":9,"target":33},{"cost":0,"weight":425,"source":15,"target":18},{"cost":0,"weight":512,"source":28,"target":26},{"cost":0,"weight":259,"source":5,"target":29},{"cost":0,"weight":91,"source":32,"target":34},{"cost":0,"weight":975,"source":6,"target":28},{"cost":0,"weight":379,"source":23,"target":16},{"cost":0,"weight":542,"source":2,"target":7},{"cost":0,"weight":278,"source":30,"target":26},{"cost":0,"weight":19,"source":32,"target":39},{"cost":0,"weight":531,"source":10,"target":13},{"cost":0,"weight":627,"source":30,"target":36},{"cost":0,"weight":514,"source":38,"target":0},{"cost":0,"weight":172,"source":25,"target":22},{"cost":0,"weight":265,"source":6,"target":33},{"cost":0,"weight":78,"source":21,"target":14},{"cost":0,"weight":866,"source":18,"target":8},{"cost":0,"weight":377,"source":34,"target":8},{"cost":0,"weight":200,"source":28,"target":14},{"cost":0,"weight":537,"source":25,"target":23},{"cost":0,"weight":626,"source":26,"target":36},{"cost":0,"weight":405,"source":5,"target":37},{"cost":0,"weight":416,"source":32,"target":18},{"cost":0,"weight":946,"source":35,"target":15},{"cost":0,"weight":514,"source":13,"target":21},{"cost":0,"weight":997,"source":10,"target":7},{"cost":0,"weight":213,"source":8,"target":17},{"cost":0,"weight":936,"source":21,"target":24},{"cost":0,"weight":56,"source":8,"target":25},{"cost":0,"weight":484,"source":38,"target":33},{"cost":0,"weight":67,"source":1,"target":8},{"cost":0,"weight":844,"source":29,"target":1},{"cost":0,"weight":62,"source":10,"target":19},{"cost":0,"weight":44,"source":22,"target":35},{"cost":0,"weight":295,"source":16,"target":14},{"cost":0,"weight":122,"source":19,"target":14},{"cost":0,"weight":603,"source":9,"target":28},{"cost":0,"weight":159,"source":16,"target":33},{"cost":0,"weight":60,"source":31,"target":21},{"cost":0,"weight":585,"source":1,"target":31},{"cost":0,"weight":448,"source":36,"target":15},{"cost":0,"weight":241,"source":4,"target":12},{"cost":0,"weight":183,"source":5,"target":34},{"cost":0,"weight":319,"source":34,"target":33},{"cost":0,"weight":799,"source":6,"target":4},{"cost":0,"weight":877,"source":21,"target":22},{"cost":0,"weight":100,"source":1,"target":21},{"cost":0,"weight":683,"source":34,"target":30},{"cost":0,"weight":980,"source":5,"target":31},{"cost":0,"weight":758,"source":0,"target":29},{"cost":0,"weight":991,"source":39,"target":1},{"cost":0,"weight":235,"source":4,"target":8},{"cost":0,"weight":620,"source":5,"target":30},{"cost":0,"weight":940,"source":29,"target":15},{"cost":0,"weight":472,"source":19,"target":18},{"cost":0,"weight":381,"source":39,"target":18},{"cost":0,"weight":975,"source":39,"target":2},{"cost":0,"weight":728,"source":28,"target":3},{"cost":0,"weight":387,"source":35,"target":23},{"cost":0,"weight":815,"source":18,"target":17},{"cost":0,"weight":758,"source":12,"target":28},{"cost":0,"weight":243,"source":19,"target":6},{"cost":0,"weight":34,"source":9,"target":7},{"cost":0,"weight":143,"source":3,"target":38},{"cost":0,"weight":89,"source":34,"target":2},{"cost":0,"weight":887,"source":18,"target":24},{"cost":0,"weight":63,"source":36,"target":19},{"cost":0,"weight":602,"source":36,"target":29},{"cost":0,"weight":783,"source":17,"target":20},{"cost":0,"weight":974,"source":11,"target":23},{"cost":0,"weight":154,"source":35,"target":17},{"cost":0,"weight":572,"source":0,"target":30},{"cost":0,"weight":412,"source":22,"target":3},{"cost":0,"weight":226,"source":5,"target":39},{"cost":0,"weight":930,"source":25,"target":2},{"cost":0,"weight":756,"source":21,"target":28},{"cost":0,"weight":940,"source":25,"target":29},{"cost":0,"weight":47,"source":27,"target":10},{"cost":0,"weight":452,"source":39,"target":21},{"cost":0,"weight":317,"source":15,"target":8},{"cost":0,"weight":323,"source":4,"target":34},{"cost":0,"weight":712,"source":8,"target":34},{"cost":0,"weight":77,"source":2,"target":27},{"cost":0,"weight":832,"source":21,"target":30},{"cost":0,"weight":688,"source":28,"target":34},{"cost":0,"weight":424,"source":16,"target":28},{"cost":0,"weight":928,"source":39,"target":32},{"cost":0,"weight":361,"source":29,"target":22},{"cost":0,"weight":277,"source":10,"target":33},{"cost":0,"weight":343,"source":23,"target":10},{"cost":0,"weight":349,"source":37,"target":38},{"cost":0,"weight":928,"source":12,"target":17},{"cost":0,"weight":557,"source":4,"target":13},{"cost":0,"weight":524,"source":20,"target":16},{"cost":0,"weight":926,"source":20,"target":9},{"cost":0,"weight":80,"source":12,"target":7},{"cost":0,"weight":967,"source":13,"target":30},{"cost":0,"weight":243,"source":29,"target":37},{"cost":0,"weight":670,"source":19,"target":1},{"cost":0,"weight":416,"source":20,"target":31},{"cost":0,"weight":682,"source":0,"target":20},{"cost":0,"weight":311,"source":28,"target":11},{"cost":0,"weight":960,"source":11,"target":0},{"cost":0,"weight":143,"source":4,"target":14},{"cost":0,"weight":708,"source":7,"target":19},{"cost":0,"weight":992,"source":25,"target":21},{"cost":0,"weight":668,"source":2,"target":30}],"graph":{"S":0,"T":10},"multigraph":false}