{"directed":true,"nodes":[{"id":0},{"id":1},{"id":2},{"id":3},{"id":4},{"id":5},{"id":6},{"id":7},{"id":8},{"id":9},{"id":10},{"id":11},{"id":12},{"id":13},{"id":14},{"id":15},{"id":16},{"id":17},{"id":18},{"id":19},{"id":20},{"id":21},{"id":22},{"id":23},{"id":24},{"id":25},{"id":26},{"id":27},{"id":28},{"id":29},{"id":30},{"id":31},{"id":32},{"id":33},{"id":34},{"id":35},{"id":36},{"id":37},{"id":38},{"id":39}],"links":[{"cost":0,"weight":673,"source":12,"target":0},{"cost":0,"weight":115,"source":20,"target":31},{"cost":0,"weight":272,"source":18,"target":10},{"cost":0,"weight":618,"source":34,"target":16},{"cost":0,"weight":13,"source":19,"target":26},{"cost":0,"weight":490,"source":37,"target":28},{"cost":0,"weight":39,"source":36,"target":1},{"cost":0,"weight":804,"source":6,"target":11},{"cost":0,"weight":140,"source":1,"target":6},{"cost":0,"weight":706,"source":17,"target":33},{"cost":0,"weight":863,"source":19,"target":38},{"cost":0,"weight":748,"source":27,"target":28},{"cost":0,"weight":647,"source":37,"target":35},{"cost":0,"weight":347,"source":10,"target":22},{"cost":0,"weight":412,"source":18,"target":13},{"cost":0,"weight":922,"source":32,"target":11},{"cost":0,"weight":427,"source":37,"target":6},{"cost":0,"weight":895,"source":10,"target":20},{"cost":0,"weight":369,"source":21,"target":38},{"cost":0,"weight":452,"source":35,"target":2},{"cost":0,"weight":600,"source":26,"target":39},{"cost":0,"weight":550,"source":0,"target":38},{"cost":0,"weight":606,"source":24,"target":11},{"cost":0,"weight":525,"source":32,"target":28},{"cost":0,"weight":671,"source":7,"target":2},{"cost":0,"weight":220,"source":2,"target":16},{"cost":0,"weight":343,"source":20,"target":32},{"cost":0,"weight":312,"source":27,"target":1},{"cost":0,"weight":704,"source":16,"target":3},{"cost":0,"weight":846,"source":2,"target":27},{"cost":0,"weight":911,"source":27,"target":34},{"cost":0,"weight":802,"source":34,"target":9},{"cost":0,"weight":895,"source":21,"target":8},{"cost":0,"weight":592,"source":36,"target":6},{"cost":0,"weight":361,"source":1,"target":8},{"cost":0,"weight":291,"source":37,"target":20},{"cost":0,"weight":158,"source":30,"target":27},{"cost":0,"weight":250,"source":19,"target":22},{"cost":0,"weight":33,"source":35,"target":29},{"cost":0,"weight":127,"source":8,"target":16},{"cost":0,"weight":458,"source":22,"target":13},{"cost":0,"weight":356,"source":17,"target":38},{"cost":0,"weight":123,"source":9,"target":3},{"cost":0,"weight":912,"source":14,"target":10},{"cost":0,"weight":292,"source":25,"target":36},{"cost":0,"weight":506,"source":21,"target":15},{"cost":0,"weight":932,"source":21,"target":32},{"cost":0,"weight":59,"source":5,"target":35},{"cost":0,"weight":442,"source":39,"target":5},{"cost":0,"weight":117,"source":28,"target":33},{"cost":0,"weight":621,"source":10,"target":28},{"cost":0,"weight":841,"source":5,"target":36},{"cost":0,"weight":735,"source":26,"target":0},{"cost":0,"weight":911,"source":23,"target":17},{"cost":0,"weight":47,"source":9,"target":28},{"cost":0,"weight":928,"source":16,"target":7},{"cost":0,"weight":709,"source":20,"target":33},{"cost":0,"weight":319,"source":0,"target":26},{"cost":0,"weight":959,"source":20,"target":1},{"cost":0,"weight":476,"source":29,"target":7},{"cost":0,"weight":247,"source":18,"target":35},{"cost":0,"weight":978,"source":28,"target":29},{"cost":0,"weight":563,"source":1,"target":7},{"cost":0,"weight":986,"source":31,"target":17},{"cost":0,"weight":99,"source":21,"target":14},{"cost":0,"weight":762,"source":7,"target":5},{"cost":0,"weight":556,"source":16,"target":14},{"cost":0,"weight":227,"source":33,"target":23},{"cost":0,"weight":744,"source":27,"target":29},{"cost":0,"weight":814,"source":13,"target":18},{"cost":0,"weight":842,"source":36,"target":31},{"cost":0,"weight":949,"source":11,"target":24},{"cost":0,"weight":38,"source":21,"target":29},{"cost":0,"weight":199,"source":36,"target":14},{"cost":0,"weight":817,"source":31,"target":32},{"cost":0,"weight":664,"source":35,"target":4},{"cost":0,"weight":660,"source":4,"target":34},{"cost":0,"weight":795,"source":33,"target":25},{"cost":0,"weight":598,"source":4,"target":27},{"cost":0,"weight":639,"source":6,"target":38},{"cost":0,"weight":432,"source":28,"target":8},{"cost":0,"weight":215,"source":15,"target":18},{"cost":0,"weight":611,"source":38,"target":32},{"cost":0,"weight":392,"source":9,"target":17},{"cost":0,"weight":551,"source":8,"target":19},{"cost":0,"weight":598,"source":34,"target":31},{"cost":0,"weight":25,"source":6,"target":1},{"cost":0,"weight":466,"source":39,"target":34},{"cost":0,"weight":263,"source":15,"target":11},{"cost":0,"weight":177,"source":14,"target":31},{"cost":0,"weight":125,"source":29,"target":13},{"cost":0,"weight":81,"source":6,"target":27},{"cost":0,"weight":447,"source":0,"target":4},{"cost":0,"weight":540,"source":39,"target":23},{"cost":0,"weight":318,"source":27,"target":32},{"cost":0,"weight":358,"source":0,"target":12},{"cost":0,"weight":105,"source":30,"target":37},{"cost":0,"weight":586,"source":11,"target":34},{"cost":0,"weight":15,"source":25,"target":37},{"cost":0,"weight":779,"source":35,"target":37},{"cost":0,"weight":779,"source":13,"target":11},{"cost":0,"weight":301,"source":18,"target":14},{"cost":0,"weight":956,"source":20,"target":6},{"cost":0,"weight":665,"source":35,"target":6},{"cost":0,"weight":90,"source":34,"target":5},{"cost":0,"weight":237,"source":11,"target":25},{"cost":0,"weight":804,"source":27,"target":0},{"cost":0,"weight":138,"source":18,"target":28},{"cost":0,"weight":171,"source":21,"target":24},{"cost":0,"weight":833,"source":32,"target":24},{"cost":0,"weight":572,"source":28,"target":23},{"cost":0,"weight":571,"source":28,"target":18},{"cost":0,"weight":47,"source":21,"target":30},{"cost":0,"weight":36,"source":1,"target":4},{"cost":0,"weight":315,"source":34,"target":2},{"cost":0,"weight":382,"source":3,"target":21},{"cost":0,"weight":768,"source":1,"target":11},{"cost":0,"weight":702,"source":20,"target":17},{"cost":0,"weight":738,"source":23,"target":38},{"cost":0,"weight":343,"source":0,"target":23},{"cost":0,"weight":662,"source":10,"target":19},{"cost":0,"weight":556,"source":18,"target":22},{"cost":0,"weight":885,"source":16,"target":11},{"cost":0,"weight":796,"source":28,"target":24},{"cost":0,"weight":704,"source":31,"target":20},{"cost":0,"weight":568,"source":3,"target":14},{"cost":0,"weight":634,"source":5,"target":9},{"cost":0,"weight":983,"source":37,"target":11},{"cost":0,"weight":760,"source":6,"target":35},{"cost":0,"weight":989,"source":37,"target":3},{"cost":0,"weight":169,"source":21,"target":28},{"cost":0,"weight":953,"source":23,"target":19},{"cost":0,"weight":653,"source":30,"target":1},{"cost":0,"weight":401,"source":29,"target":31},{"cost":0,"weight":554,"source":6,"target":19},{"cost":0,"weight":701,"source":31,"target":0},{"cost":0,"weight":598,"source":15,"target":33},{"cost":0,"weight":701,"source":13,"target":37},{"cost":0,"weight":49,"source":39,"target":7},{"cost":0,"weight":495,"source":25,"target":18},{"cost":0,"weight":871,"source":4,"target":16},{"cost":0,"weight":239,"source":38,"target":22},{"cost":0,"weight":279,"source":39,"target":14},{"cost":0,"weight":885,"source":24,"target":26},{"cost":0,"weight":597,"source":13,"target":15},{"cost":0,"weight":645,"source":1,"target":17},{"cost":0,"weight":227,"source":3,"target":25},{"cost":0,"weight":885,"source":38,"target":35},{"cost":0,"weight":344,"source":20,"target":18},{"cost":0,"weight":587,"source":37,"target":30},{"cost":0,"weight":375,"source":14,"target":29},{"cost":0,"weight":927,"source":25,"target":5},{"cost":0,"weight":283,"source":37,"target":4},{"cost":0,"weight":45,"source":7,"target":13},{"cost":0,"weight":566,"source":2,"target":13},{"cost":0,"weight":426,"source":3,"target":34},{"cost":0,"weight":771,"source":4,"target":1},{"cost":0,"weight":38,"source":14,"target":21},{"cost":0,"weight":24,"source":12,"target":4},{"cost":0,"weight":198,"source":22,"target":34}],"graph":{"S":0,"T":10},"multigraph":false}