{"directed":true,"nodes":[{"id":0},{"id":1},{"id":2},{"id":3},{"id":4},{"id":5},{"id":6},{"id":7},{"id":8},{"id":9},{"id":10},{"id":11},{"id":12},{"id":13},{"id":14},{"id":15},{"id":16},{"id":17},{"id":18},{"id":19},{"id":20},{"id":21},{"id":22},{"id":23},{"id":24},{"id":25},{"id":26},{"id":27},{"id":28},{"id":29},{"id":30},{"id":31},{"id":32},{"id":33},{"id":34},{"id":35},{"id":36},{"id":37},{"id":38},{"id":39}],"links":[{"cost":0,"weight":914,"source":18,"target":6},{"cost":0,"weight":970,"source":33,"target":31},{"cost":0,"weight":346,"source":13,"target":12},{"cost":0,"weight":170,"source":0,"target":3},{"cost":0,"weight":871,"source":15,"target":3},{"cost":0,"weight":185,"source":30,"target":18},{"cost":0,"weight":487,"source":25,"target":38},{"cost":0,"weight":374,"source":36,"target":37},{"cost":0,"weight":948,"source":25,"target":23},{"cost":0,"weight":645,"source":31,"target":8},{"cost":0,"weight":945,"source":2,"target":1},{"cost":0,"weight":11,"source":25,"target":36},{"cost":0,"weight":640,"source":19,"target":7},{"cost":0,"weight":13,"source":27,"target":34},{"cost":0,"weight":993,"source":30,"target":19},{"cost":0,"weight":100,"source":17,"target":26},{"cost":0,"weight":200,"source":31,"target":19},{"cost":0,"weight":902,"source":10,"target":17},{"cost":0,"weight":288,"source":15,"target":38},{"cost":0,"weight":716,"source":10,"target":33},{"cost":0,"weight":622,"source":21,"target":26},{"cost":0,"weight":770,"source":39,"target":4},{"cost":0,"weight":122,"source":2,"target":14},{"cost":0,"weight":776,"source":17,"target":15},{"cost":0,"weight":613,"source":34,"target":35},{"cost":0,"weight":293,"source":10,"target":1},{"cost":0,"weight":844,"source":29,"target":33},{"cost":0,"weight":260,"source":16,"target":32},{"cost":0,"weight":45,"source":39,"target":3},{"cost":0,"weight":606,"source":25,"target":21},{"cost":0,"weight":299,"source":3,"target":26},{"cost":0,"weight":574,"source":22,"target":23},{"cost":0,"weight":762,"source":36,"target":13},{"cost":0,"weight":484,"source":28,"target":31},{"cost":0,"weight":738,"source":4,"target":5},{"cost":0,"weight":933,"source":31,"target":22},{"cost":0,"weight":797,"source":11,"target":37},{"cost":0,"weight":580,"source":4,"target":10},{"cost":0,"weight":594,"source":30,"target":22},{"cost":0,"weight":609,"source":28,"target":23},{"cost":0,"weight":670,"source":17,"target":8},{"cost":0,"weight":921,"source":17,"target":11},{"cost":0,"weight":361,"source":34,"target":30},{"cost":0,"weight":387,"source":30,"target":10},{"cost":0,"weight":361,"source":20,"target":32},{"cost":0,"weight":869,"source":15,"target":32},{"cost":0,"weight":11,"source":36,"target":11},{"cost":0,"weight":705,"source":18,"target":29},{"cost":0,"weight":170,"source":20,"target":14},{"cost":0,"weight":191,"source":32,"target":10},{"cost":0,"weight":791,"source":10,"target":3},{"cost":0,"weight":544,"source":20,"target":38},{"cost":0,"weight":912,"source":39,"target":27},{"cost":0,"weight":565,"source":34,"target":17},{"cost":0,"weight":965,"source":14,"target":28},{"cost":0,"weight":538,"source":31,"target":37},{"cost":0,"weight":449,"source":1,"target":9},{"cost":0,"weight":517,"source":37,"target":14},{"cost":0,"weight":515,"source":16,"target":17},{"cost":0,"weight":211,"source":5,"target":6},{"cost":0,"weight":54,"source":11,"target":8},{"cost":0,"weight":699,"source":16,"target":9},{"cost":0,"weight":306,"source":30,"target":1},{"cost":0,"weight":920,"source":13,"target":8},{"cost":0,"weight":116,"source":16,"target":35},{"cost":0,"weight":884,"source":24,"target":23},{"cost":0,"weight":765,"source":7,"target":21},{"cost":0,"weight":102,"source":11,"target":9},{"cost":0,"weight":183,"source":34,"target":20},{"cost":0,"weight":894,"source":11,"target":35},{"cost":0,"weight":652,"source":27,"target":24},{"cost":0,"weight":954,"source":1,"target":6},{"cost":0,"weight":782,"source":14,"target":39},{"cost":0,"weight":165,"source":35,"target":6},{"cost":0,"weight":111,"source":10,"target":9},{"cost":0,"weight":702,"source":7,"target":39},{"cost":0,"weight":434,"source":19,"target":3},{"cost":0,"weight":46,"source":3,"target":8},{"cost":0,"weight":168,"source":9,"target":23},{"cost":0,"weight":709,"source":20,"target":7},{"cost":0,"weight":903,"source":32,"target":8},{"cost":0,"weight":573,"source":17,"target":4},{"cost":0,"weight":202,"source":13,"target":19},{"cost":0,"weight":991,"source":28,"target":26},{"cost":0,"weight":319,"source":18,"target":32},{"cost":0,"weight":292,"source":13,"target":16},{"cost":0,"weight":303,"source":39,"target":25},{"cost":0,"weight":693,"source":13,"target":26},{"cost":0,"weight":272,"source":22,"target":26},{"cost":0,"weight":486,"source":0,"target":30},{"cost":0,"weight":554,"source":20,"target":9},{"cost":0,"weight":769,"source":8,"target":26},{"cost":0,"weight":222,"source":9,"target":35},{"cost":0,"weight":841,"source":20,"target":10},{"cost":0,"weight":406,"source":12,"target":0},{"cost":0,"weight":310,"source":20,"target":26},{"cost":0,"weight":529,"source":35,"target":23},{"cost":0,"weight":359,"source":9,"target":16},{"cost":0,"weight":261,"source":11,"target":38},{"cost":0,"weight":857,"source":19,"target":20},{"cost":0,"weight":700,"source":11,"target":27},{"cost":0,"weight":517,"source":14,"target":17},{"cost":0,"weight":396,"source":30,"target":32},{"cost":0,"weight":143,"source":10,"target":29},{"cost":0,"weight":57,"source":35,"target":13},{"cost":0,"weight":717,"source":30,"target":4},{"cost":0,"weight":219,"source":33,"target":19},{"cost":0,"weight":928,"source":38,"target":7},{"cost":0,"weight":137,"source":4,"target":24},{"cost":0,"weight":467,"source":26,"target":30},{"cost":0,"weight":213,"source":15,"target":7},{"cost":0,"weight":488,"source":33,"target":28},{"cost":0,"weight":913,"source":30,"target":24},{"cost":0,"weight":148,"source":13,"target":0},{"cost":0,"weight":389,"source":8,"target":36},{"cost":0,"weight":491,"source":3,"target":9},{"cost":0,"weight":129,"source":2,"target":27},{"cost":0,"weight":338,"source":1,"target":13},{"cost":0,"weight":652,"source":30,"target":13},{"cost":0,"weight":36,"source":24,"target":15},{"cost":0,"weight":740,"source":29,"target":15},{"cost":0,"weight":714,"source":16,"target":18},{"cost":0,"weight":307,"source":6,"target":8},{"cost":0,"weight":354,"source":30,"target":12},{"cost":0,"weight":363,"source":14,"target":23},{"cost":0,"weight":373,"source":34,"target":39},{"cost":0,"weight":740,"source":30,"target":28},{"cost":0,"weight":243,"source":38,"target":35},{"cost":0,"weight":253,"source":24,"target":38},{"cost":0,"weight":714,"source":22,"target":10},{"cost":0,"weight":497,"source":1,"target":0},{"cost":0,"weight":621,"source":21,"target":30},{"cost":0,"weight":752,"source":3,"target":12},{"cost":0,"weight":164,"source":35,"target":11},{"cost":0,"weight":379,"source":25,"target":33},{"cost":0,"weight":908,"source":18,"target":26},{"cost":0,"weight":112,"source":28,"target":18},{"cost":0,"weight":854,"source":37,"target":2},{"cost":0,"weight":411,"source":5,"target":26},{"cost":0,"weight":845,"source":0,"target":4},{"cost":0,"weight":449,"source":9,"target":25},{"cost":0,"weight":341,"source":9,"target":13},{"cost":0,"weight":112,"source":13,"target":38},{"cost":0,"weight":44,"source":23,"target":34},{"cost":0,"weight":331,"source":15,"target":37},{"cost":0,"weight":800,"source":19,"target":27},{"cost":0,"weight":753,"source":38,"target":39},{"cost":0,"weight":379,"source":26,"target":4},{"cost":0,"weight":349,"source":8,"target":29},{"cost":0,"weight":226,"source":10,"target":32},{"cost":0,"weight":493,"source":22,"target":1},{"cost":0,"weight":374,"source":4,"target":6},{"cost":0,"weight":196,"source":7,"target":22},{"cost":0,"weight":990,"source":25,"target":6},{"cost":0,"weight":427,"source":29,"target":34},{"cost":0,"weight":628,"source":2,"target":28},{"cost":0,"weight":259,"source":4,"target":15},{"cost":0,"weight":681,"source":24,"target":28},{"cost":0,"weight":757,"source":3,"target":11},{"cost":0,"weight":612,"source":9,"target":5}],"graph":{"S":0,"T":10},"multigraph":false}