{"directed":true,"nodes":[{"id":0},{"id":1},{"id":2},{"id":3},{"id":4},{"id":5},{"id":6},{"id":7},{"id":8},{"id":9},{"id":10},{"id":11},{"id":12},{"id":13},{"id":14},{"id":15},{"id":16},{"id":17},{"id":18},{"id":19},{"id":20},{"id":21},{"id":22},{"id":23},{"id":24},{"id":25},{"id":26},{"id":27},{"id":28},{"id":29},{"id":30},{"id":31},{"id":32},{"id":33},{"id":34},{"id":35},{"id":36},{"id":37},{"id":38},{"id":39}],"links":[{"cost":0,"weight":96,"source":39,"target":38},{"cost":0,"weight":865,"source":19,"target":13},{"cost":0,"weight":752,"source":28,"target":25},{"cost":0,"weight":250,"source":30,"target":22},{"cost":0,"weight":757,"source":0,"target":7},{"cost":0,"weight":20,"source":2,"target":4},{"cost":0,"weight":582,"source":7,"target":2},{"cost":0,"weight":283,"source":28,"target":26},{"cost":0,"weight":864,"source":5,"target":24},{"cost":0,"weight":525,"source":25,"target":13},{"cost":0,"weight":745,"source":36,"target":21},{"cost":0,"weight":412,"source":39,"target":2},{"cost":0,"weight":281,"source":27,"target":38},{"cost":0,"weight":821,"source":7,"target":29},{"cost":0,"weight":320,"source":16,"target":5},{"cost":0,"weight":326,"source":15,"target":23},{"cost":0,"weight":231,"source":21,"target":30},{"cost":0,"weight":387,"source":20,"target":26},{"cost":0,"weight":677,"source":8,"target":21},{"cost":0,"weight":517,"source":4,"target":13},{"cost":0,"weight":419,"source":13,"target":33},{"cost":0,"weight":965,"source":33,"target":7},{"cost":0,"weight":24,"source":31,"target":17},{"cost":0,"weight":829,"source":10,"target":33},{"cost":0,"weight":911,"source":35,"target":34},{"cost":0,"weight":869,"source":20,"target":37},{"cost":0,"weight":280,"source":13,"target":34},{"cost":0,"weight":782,"source":5,"target":29},{"cost":0,"weight":662,"source":4,"target":28},{"cost":0,"weight":151,"source":1,"target":17},{"cost":0,"weight":794,"source":32,"target":16},{"cost":0,"weight":410,"source":13,"target":1},{"cost":0,"weight":237,"source":12,"target":38},{"cost":0,"weight":237,"source":33,"target":11},{"cost":0,"weight":534,"source":30,"target":31},{"cost":0,"weight":915,"source":19,"target":17},{"cost":0,"weight":247,"source":20,"target":1},{"cost":0,"weight":795,"source":30,"target":2},{"cost":0,"weight":256,"source":1,"target":5},{"cost":0,"weight":890,"source":10,"target":3},{"cost":0,"weight":936,"source":28,"target":38},{"cost":0,"weight":533,"source":5,"target":18},{"cost":0,"weight":677,"source":33,"target":23},{"cost":0,"weight":831,"source":6,"target":7},{"cost":0,"weight":565,"source":9,"target":25},{"cost":0,"weight":602,"source":18,"target":32},{"cost":0,"weight":158,"source":0,"target":39},{"cost":0,"weight":541,"source":24,"target":35},{"cost":0,"weight":181,"source":31,"target":25},{"cost":0,"weight":54,"source":26,"target":13},{"cost":0,"weight":32,"source":23,"target":38},{"cost":0,"weight":789,"source":0,"target":1},{"cost":0,"weight":354,"source":28,"target":9},{"cost":0,"weight":796,"source":1,"target":32},{"cost":0,"weight":607,"source":23,"target":3},{"cost":0,"weight":169,"source":20,"target":32},{"cost":0,"weight":811,"source":37,"target":10},{"cost":0,"weight":676,"source":6,"target":21},{"cost":0,"weight":80,"source":6,"target":2},{"cost":0,"weight":925,"source":6,"target":3},{"cost":0,"weight":746,"source":18,"target":20},{"cost":0,"weight":995,"source":34,"target":21},{"cost":0,"weight":881,"source":13,"target":23},{"cost":0,"weight":407,"source":16,"target":3},{"cost":0,"weight":82,"source":23,"target":17},{"cost":0,"weight":175,"source":19,"target":1},{"cost":0,"weight":488,"source":23,"target":39},{"cost":0,"weight":393,"source":16,"target":23},{"cost":0,"weight":445,"source":4,"target":7},{"cost":0,"weight":163,"source":23,"target":13},{"cost":0,"weight":273,"source":39,"target":4},{"cost":0,"weight":943,"source":1,"target":2},{"cost":0,"weight":101,"source":12,"target":37},{"cost":0,"weight":747,"source":0,"target":25},{"cost":0,"weight":880,"source":23,"target":19},{"cost":0,"weight":302,"source":10,"target":25},{"cost":0,"weight":778,"source":28,"target":20},{"cost":0,"weight":685,"source":23,"target":32},{"cost":0,"weight":506,"source":15,"target":1},{"cost":0,"weight":568,"source":26,"target":11},{"cost":0,"weight":447,"source":33,"target":0},{"cost":0,"weight":297,"source":13,"target":36},{"cost":0,"weight":524,"source":12,"target":7},{"cost":0,"weight":476,"source":36,"target":17},{"cost":0,"weight":499,"source":6,"target":22},{"cost":0,"weight":396,"source":12,"target":5},{"cost":0,"weight":176,"source":1,"target":31},{"cost":0,"weight":719,"source":4,"target":21},{"cost":0,"weight":157,"source":3,"target":21},{"cost":0,"weight":116,"source":17,"target":14},{"cost":0,"weight":710,"source":0,"target":4},{"cost":0,"weight":198,"source":29,"target":18},{"cost":0,"weight":126,"source":10,"target":18},{"cost":0,"weight":325,"source":24,"target":22},{"cost":0,"weight":407,"source":29,"target":14},{"cost":0,"weight":496,"source":7,"target":37},{"cost":0,"weight":62,"source":27,"target":12},{"cost":0,"weight":940,"source":38,"target":34},{"cost":0,"weight":509,"source":27,"target":7},{"cost":0,"weight":695,"source":30,"target":37},{"cost":0,"weight":365,"source":14,"target":29},{"cost":0,"weight":487,"source":37,"target":6},{"cost":0,"weight":700,"source":5,"target":32},{"cost":0,"weight":713,"source":22,"target":17},{"cost":0,"weight":572,"source":39,"target":33},{"cost":0,"weight":810,"source":13,"target":15},{"cost":0,"weight":154,"source":38,"target":25},{"cost":0,"weight":679,"source":17,"target":16},{"cost":0,"weight":26,"source":7,"target":39},{"cost":0,"weight":726,"source":22,"target":23},{"cost":0,"weight":651,"source":7,"target":10},{"cost":0,"weight":316,"source":10,"target":32},{"cost":0,"weight":813,"source":28,"target":4},{"cost":0,"weight":971,"source":7,"target":15},{"cost":0,"weight":233,"source":18,"target":16},{"cost":0,"weight":267,"source":27,"target":37},{"cost":0,"weight":378,"source":39,"target":20},{"cost":0,"weight":483,"source":24,"target":34},{"cost":0,"weight":564,"source":3,"target":0},{"cost":0,"weight":313,"source":32,"target":4},{"cost":0,"weight":440,"source":20,"target":10},{"cost":0,"weight":919,"source":7,"target":8},{"cost":0,"weight":459,"source":10,"target":23},{"cost":0,"weight":682,"source":26,"target":27},{"cost":0,"weight":166,"source":18,"target":7},{"cost":0,"weight":434,"source":37,"target":22},{"cost":0,"weight":133,"source":2,"target":36},{"cost":0,"weight":729,"source":17,"target":19},{"cost":0,"weight":90,"source":22,"target":10},{"cost":0,"weight":336,"source":5,"target":10},{"cost":0,"weight":767,"source":13,"target":35},{"cost":0,"weight":548,"source":30,"target":35},{"cost":0,"weight":209,"source":13,"target":22},{"cost":0,"weight":754,"source":9,"target":16},{"cost":0,"weight":318,"source":8,"target":18},{"cost":0,"weight":899,"source":12,"target":35},{"cost":0,"weight":785,"source":16,"target":26},{"cost":0,"weight":281,"source":37,"target":14},{"cost":0,"weight":205,"source":35,"target":10},{"cost":0,"weight":450,"source":18,"target":38},{"cost":0,"weight":473,"source":28,"target":21},{"cost":0,"weight":104,"source":21,"target":33},{"cost":0,"weight":737,"source":23,"target":11},{"cost":0,"weight":215,"source":18,"target":31},{"cost":0,"weight":501,"source":34,"target":23},{"cost":0,"weight":745,"source":28,"target":18},{"cost":0,"weight":475,"source":21,"target":20},{"cost":0,"weight":193,"source":32,"target":30},{"cost":0,"weight":876,"source":15,"target":21},{"cost":0,"weight":560,"source":28,"target":36},{"cost":0,"weight":193,"source":37,"target":4},{"cost":0,"weight":171,"source":39,"target":12},{"cost":0,"weight":697,"source":2,"target":5},{"cost":0,"weight":586,"source":11,"target":13},{"cost":0,"weight":143,"source":3,"target":4},{"cost":0,"weight":136,"source":8,"target":5},{"cost":0,"weight":110,"source":24,"target":18},{"cost":0,"weight":143,"source":21,"target":10},{"cost":0,"weight":288,"source":34,"target":20},{"cost":0,"weight":723,"source":25,"target":27}],"graph":{"S":0,"T":10},"multigraph":false}