{"directed":true,"nodes":[{"id":0},{"id":1},{"id":2},{"id":3},{"id":4},{"id":5},{"id":6},{"id":7},{"id":8},{"id":9},{"id":10},{"id":11},{"id":12},{"id":13},{"id":14},{"id":15},{"id":16},{"id":17},{"id":18},{"id":19},{"id":20},{"id":21},{"id":22},{"id":23},{"id":24},{"id":25},{"id":26},{"id":27},{"id":28},{"id":29},{"id":30},{"id":31},{"id":32},{"id":33},{"id":34},{"id":35},{"id":36},{"id":37},{"id":38},{"id":39}],"links":[{"cost":0,"weight":32,"source":9,"target":4},{"cost":0,"weight":907,"source":39,"target":36},{"cost":0,"weight":215,"source":33,"target":31},{"cost":0,"weight":542,"source":32,"target":19},{"cost":0,"weight":582,"source":5,"target":0},{"cost":0,"weight":39,"source":6,"target":29},{"cost":0,"weight":802,"source":39,"target":32},{"cost":0,"weight":691,"source":33,"target":36},{"cost":0,"weight":412,"source":30,"target":36},{"cost":0,"weight":396,"source":39,"target":0},{"cost":0,"weight":230,"source":32,"target":12},{"cost":0,"weight":631,"source":14,"target":15},{"cost":0,"weight":244,"source":27,"target":37},{"cost":0,"weight":459,"source":17,"target":13},{"cost":0,"weight":972,"source":22,"target":1},{"cost":0,"weight":467,"source":34,"target":32},{"cost":0,"weight":548,"source":37,"target":2},{"cost":0,"weight":643,"source":7,"target":32},{"cost":0,"weight":542,"source":19,"target":30},{"cost":0,"weight":555,"source":18,"target":34},{"cost":0,"weight":314,"source":21,"target":12},{"cost":0,"weight":22,"source":3,"target":36},{"cost":0,"weight":490,"source":20,"target":5},{"cost":0,"weight":394,"source":38,"target":39},{"cost":0,"weight":851,"source":16,"target":21},{"cost":0,"weight":865,"source":23,"target":34},{"cost":0,"weight":15,"source":25,"target":28},{"cost":0,"weight":615,"source":10,"target":15},{"cost":0,"weight":561,"source":9,"target":6},{"cost":0,"weight":290,"source":7,"target":36},{"cost":0,"weight":733,"source":14,"target":35},{"cost":0,"weight":514,"source":19,"target":27},{"cost":0,"weight":154,"source":25,"target":23},{"cost":0,"weight":287,"source":38,"target":10},{"cost":0,"weight":327,"source":6,"target":12},{"cost":0,"weight":46,"source":12,"target":36},{"cost":0,"weight":828,"source":36,"target":10},{"cost":0,"weight":230,"source":9,"target":37},{"cost":0,"weight":625,"source":39,"target":16},{"cost":0,"weight":995,"source":36,"target":39},{"cost":0,"weight":263,"source":4,"target":31},{"cost":0,"weight":319,"source":22,"target":17},{"cost":0,"weight":541,"source":7,"target":9},{"cost":0,"weight":478,"source":35,"target":33},{"cost":0,"weight":29,"source":28,"target":39},{"cost":0,"weight":834,"source":25,"target":6},{"cost":0,"weight":678,"source":5,"target":6},{"cost":0,"weight":267,"source":29,"target":28},{"cost":0,"weight":233,"source":17,"target":16},{"cost":0,"weight":623,"source":22,"target":20},{"cost":0,"weight":128,"source":30,"target":35},{"cost":0,"weight":845,"source":1,"target":15},{"cost":0,"weight":825,"source":30,"target":8},{"cost":0,"weight":268,"source":11,"target":32},{"cost":0,"weight":794,"source":4,"target":34},{"cost":0,"weight":649,"source":5,"target":19},{"cost":0,"weight":328,"source":10,"target":16},{"cost":0,"weight":34,"source":33,"target":38},{"cost":0,"weight":478,"source":27,"target":25},{"cost":0,"weight":767,"source":20,"target":26},{"cost":0,"weight":203,"source":35,"target":27},{"cost":0,"weight":140,"source":36,"target":22},{"cost":0,"weight":376,"source":22,"target":0},{"cost":0,"weight":233,"source":24,"target":8},{"cost":0,"weight":412,"source":30,"target":38},{"cost":0,"weight":280,"source":22,"target":8},{"cost":0,"weight":993,"source":38,"target":25},{"cost":0,"weight":126,"source":39,"target":18},{"cost":0,"weight":815,"source":27,"target":32},{"cost":0,"weight":249,"source":33,"target":21},{"cost":0,"weight":314,"source":37,"target":9},{"cost":0,"weight":48,"source":15,"target":38},{"cost":0,"weight":738,"source":0,"target":11},{"cost":0,"weight":115,"source":7,"target":22},{"cost":0,"weight":667,"source":0,"target":28},{"cost":0,"weight":921,"source":18,"target":14},{"cost":0,"weight":130,"source":34,"target":17},{"cost":0,"weight":215,"source":38,"target":28},{"cost":0,"weight":407,"source":1,"target":38},{"cost":0,"weight":817,"source":19,"target":34},{"cost":0,"weight":556,"source":33,"target":12},{"cost":0,"weight":437,"source":2,"target":36},{"cost":0,"weight":366,"source":33,"target":14},{"cost":0,"weight":384,"source":32,"target":22},{"cost":0,"weight":43,"source":6,"target":8},{"cost":0,"weight":669,"source":2,"target":21},{"cost":0,"weight":367,"source":18,"target":9},{"cost":0,"weight":121,"source":31,"target":5},{"cost":0,"weight":37,"source":15,"target":28},{"cost":0,"weight":277,"source":28,"target":27},{"cost":0,"weight":467,"source":0,"target":20},{"cost":0,"weight":809,"source":24,"target":6},{"cost":0,"weight":764,"source":5,"target":23},{"cost":0,"weight":915,"source":5,"target":37},{"cost":0,"weight":288,"source":27,"target":7},{"cost":0,"weight":723,"source":19,"target":10},{"cost":0,"weight":762,"source":2,"target":14},{"cost":0,"weight":830,"source":14,"target":32},{"cost":0,"weight":447,"source":35,"target":1},{"cost":0,"weight":30,"source":35,"target":11},{"cost":0,"weight":349,"source":16,"target":22},{"cost":0,"weight":605,"source":8,"target":29},{"cost":0,"weight":873,"source":21,"target":27},{"cost":0,"weight":451,"source":25,"target":34},{"cost":0,"weight":655,"source":19,"target":0},{"cost":0,"weight":850,"source":30,"target":17},{"cost":0,"weight":446,"source":30,"target":27},{"cost":0,"weight":606,"source":25,"target":16},{"cost":0,"weight":363,"source":12,"target":22},{"cost":0,"weight":791,"source":38,"target":35},{"cost":0,"weight":224,"source":37,"target":23},{"cost":0,"weight":658,"source":12,"target":16},{"cost":0,"weight":73,"source":18,"target":28},{"cost":0,"weight":138,"source":24,"target":34},{"cost":0,"weight":858,"source":24,"target":31},{"cost":0,"weight":697,"source":10,"target":31},{"cost":0,"weight":356,"source":13,"target":16},{"cost":0,"weight":331,"source":17,"target":30},{"cost":0,"weight":498,"source":24,"target":23},{"cost":0,"weight":353,"source":24,"target":19},{"cost":0,"weight":18,"source":23,"target":0},{"cost":0,"weight":540,"source":36,"target":20},{"cost":0,"weight":158,"source":3,"target":22},{"cost":0,"weight":557,"source":32,"target":9},{"cost":0,"weight":533,"source":12,"target":26},{"cost":0,"weight":807,"source":22,"target":37},{"cost":0,"weight":206,"source":28,"target":31},{"cost":0,"weight":818,"source":28,"target":33},{"cost":0,"weight":926,"source":30,"target":34},{"cost":0,"weight":93,"source":13,"target":6},{"cost":0,"weight":280,"source":35,"target":37},{"cost":0,"weight":73,"source":7,"target":4},{"cost":0,"weight":593,"source":15,"target":29},{"cost":0,"weight":303,"source":39,"target":22},{"cost":0,"weight":31,"source":26,"target":21},{"cost":0,"weight":108,"source":6,"target":9},{"cost":0,"weight":979,"source":15,"target":3},{"cost":0,"weight":121,"source":35,"target":19},{"cost":0,"weight":606,"source":26,"target":36},{"cost":0,"weight":61,"source":21,"target":1},{"cost":0,"weight":361,"source":33,"target":3},{"cost":0,"weight":40,"source":15,"target":8},{"cost":0,"weight":334,"source":9,"target":19},{"cost":0,"weight":803,"source":20,"target":10},{"cost":0,"weight":743,"source":28,"target":17},{"cost":0,"weight":903,"source":9,"target":35},{"cost":0,"weight":564,"source":13,"target":5},{"cost":0,"weight":469,"source":21,"target":9},{"cost":0,"weight":53,"source":19,"target":3},{"cost":0,"weight":369,"source":18,"target":33},{"cost":0,"weight":169,"source":24,"target":29},{"cost":0,"weight":882,"source":7,"target":6},{"cost":0,"weight":954,"source":22,"target":7},{"cost":0,"weight":802,"source":22,"target":29},{"cost":0,"weight":841,"source":1,"target":14},{"cost":0,"weight":115,"source":25,"target":31},{"cost":0,"weight":780,"source":32,"target":37},{"cost":0,"weight":640,"source":8,"target":4},{"cost":0,"weight":316,"source":20,"target":14},{"cost":0,"weight":865,"source":29,"target":24}],"graph":{"S":0,"T":10},"multigraph":false}