{"directed":true,"nodes":[{"id":0},{"id":1},{"id":2},{"id":3},{"id":4},{"id":5},{"id":6},{"id":7},{"id":8},{"id":9},{"id":10},{"id":11},{"id":12},{"id":13},{"id":14},{"id":15},{"id":16},{"id":17},{"id":18},{"id":19},{"id":20},{"id":21},{"id":22},{"id":23},{"id":24},{"id":25},{"id":26},{"id":27},{"id":28},{"id":29},{"id":30},{"id":31},{"id":32},{"id":33},{"id":34},{"id":35},{"id":36},{"id":37},{"id":38},{"id":39}],"links":[{"cost":0,"weight":879,"source":1,"target":3},{"cost":0,"weight":77,"source":12,"target":21},{"cost":0,"weight":407,"source":11,"target":29},{"cost":0,"weight":539,"source":32,"target":20},{"cost":0,"weight":157,"source":24,"target":6},{"cost":0,"weight":133,"source":16,"target":19},{"cost":0,"weight":531,"source":6,"target":17},{"cost":0,"weight":729,"source":34,"target":4},{"cost":0,"weight":470,"source":1,"target":35},{"cost":0,"weight":339,"source":32,"target":27},{"cost":0,"weight":650,"source":15,"target":6},{"cost":0,"weight":543,"source":0,"target":3},{"cost":0,"weight":776,"source":31,"target":17},{"cost":0,"weight":498,"source":25,"target":29},{"cost":0,"weight":959,"source":5,"target":11},{"cost":0,"weight":773,"source":4,"target":34},{"cost":0,"weight":378,"source":28,"target":38},{"cost":0,"weight":814,"source":29,"target":2},{"cost":0,"weight":697,"source":9,"target":17},{"cost":0,"weight":691,"source":36,"target":38},{"cost":0,"weight":910,"source":31,"target":38},{"cost":0,"weight":347,"source":12,"target":39},{"cost":0,"weight":463,"source":29,"target":34},{"cost":0,"weight":675,"source":16,"target":9},{"cost":0,"weight":851,"source":24,"target":10},{"cost":0,"weight":964,"source":13,"target":34},{"cost":0,"weight":860,"source":6,"target":35},{"cost":0,"weight":321,"source":16,"target":5},{"cost":0,"weight":995,"source":8,"target":34},{"cost":0,"weight":879,"source":4,"target":27},{"cost":0,"weight":611,"source":27,"target":10},{"cost":0,"weight":941,"source":32,"target":1},{"cost":0,"weight":652,"source":20,"target":11},{"cost":0,"weight":319,"source":3,"target":12},{"cost":0,"weight":60,"source":5,"target":8},{"cost":0,"weight":631,"source":5,"target":9},{"cost":0,"weight":645,"source":1,"target":9},{"cost":0,"weight":424,"source":35,"target":17},{"cost":0,"weight":526,"source":23,"target":31},{"cost":0,"weight":105,"source":14,"target":9},{"cost":0,"weight":130,"source":25,"target":16},{"cost":0,"weight":19,"source":22,"target":12},{"cost":0,"weight":926,"source":21,"target":34},{"cost":0,"weight":235,"source":22,"target":24},{"cost":0,"weight":75,"source":20,"target":34},{"cost":0,"weight":614,"source":24,"target":30},{"cost":0,"weight":912,"source":22,"target":4},{"cost":0,"weight":779,"source":29,"target":39},{"cost":0,"weight":20,"source":2,"target":8},{"cost":0,"weight":393,"source":14,"target":12},{"cost":0,"weight":622,"source":5,"target":26},{"cost":0,"weight":718,"source":16,"target":11},{"cost":0,"weight":992,"source":8,"target":38},{"cost":0,"weight":15,"source":19,"target":35},{"cost":0,"weight":851,"source":25,"target":32},{"cost":0,"weight":15,"source":31,"target":2},{"cost":0,"weight":233,"source":1,"target":2},{"cost":0,"weight":358,"source":12,"target":22},{"cost":0,"weight":931,"source":5,"target":24},{"cost":0,"weight":52,"source":37,"target":7},{"cost":0,"weight":557,"source":19,"target":29},{"cost":0,"weight":272,"source":39,"target":3},{"cost":0,"weight":88,"source":11,"target":8},{"cost":0,"weight":870,"source":20,"target":28},{"cost":0,"weight":675,"source":15,"target":16},{"cost":0,"weight":444,"source":22,"target":20},{"cost":0,"weight":791,"source":17,"target":4},{"cost":0,"weight":480,"source":10,"target":0},{"cost":0,"weight":84,"source":35,"target":3},{"cost":0,"weight":793,"source":5,"target":18},{"cost":0,"weight":743,"source":8,"target":33},{"cost":0,"weight":800,"source":16,"target":3},{"cost":0,"weight":270,"source":27,"target":28},{"cost":0,"weight":456,"source":19,"target":9},{"cost":0,"weight":180,"source":31,"target":19},{"cost":0,"weight":117,"source":7,"target":8},{"cost":0,"weight":935,"source":5,"target":22},{"cost":0,"weight":120,"source":35,"target":24},{"cost":0,"weight":824,"source":19,"target":39},{"cost":0,"weight":35,"source":38,"target":10},{"cost":0,"weight":156,"source":10,"target":2},{"cost":0,"weight":596,"source":21,"target":13},{"cost":0,"weight":883,"source":10,"target":13},{"cost":0,"weight":833,"source":21,"target":29},{"cost":0,"weight":844,"source":23,"target":27},{"cost":0,"weight":607,"source":27,"target":9},{"cost":0,"weight":653,"source":35,"target":7},{"cost":0,"weight":485,"source":2,"target":33},{"cost":0,"weight":530,"source":20,"target":16},{"cost":0,"weight":41,"source":22,"target":18},{"cost":0,"weight":766,"source":16,"target":28},{"cost":0,"weight":845,"source":18,"target":2},{"cost":0,"weight":616,"source":36,"target":4},{"cost":0,"weight":252,"source":38,"target":33},{"cost":0,"weight":52,"source":1,"target":12},{"cost":0,"weight":965,"source":9,"target":38},{"cost":0,"weight":913,"source":14,"target":5},{"cost":0,"weight":195,"source":29,"target":3},{"cost":0,"weight":992,"source":15,"target":38},{"cost":0,"weight":738,"source":7,"target":38},{"cost":0,"weight":665,"source":24,"target":11},{"cost":0,"weight":892,"source":13,"target":8},{"cost":0,"weight":599,"source":21,"target":12},{"cost":0,"weight":354,"source":28,"target":32},{"cost":0,"weight":88,"source":30,"target":15},{"cost":0,"weight":642,"source":7,"target":2},{"cost":0,"weight":350,"source":12,"target":9},{"cost":0,"weight":813,"source":28,"target":39},{"cost":0,"weight":618,"source":12,"target":34},{"cost":0,"weight":470,"source":12,"target":30},{"cost":0,"weight":144,"source":0,"target":31},{"cost":0,"weight":520,"source":23,"target":0},{"cost":0,"weight":386,"source":28,"target":16},{"cost":0,"weight":468,"source":18,"target":9},{"cost":0,"weight":201,"source":20,"target":1},{"cost":0,"weight":464,"source":22,"target":11},{"cost":0,"weight":960,"source":7,"target":22},{"cost":0,"weight":995,"source":6,"target":20},{"cost":0,"weight":64,"source":15,"target":0},{"cost":0,"weight":866,"source":5,"target":15},{"cost":0,"weight":175,"source":24,"target":20},{"cost":0,"weight":990,"source":25,"target":24},{"cost":0,"weight":736,"source":35,"target":27},{"cost":0,"weight":342,"source":39,"target":36},{"cost":0,"weight":482,"source":34,"target":21},{"cost":0,"weight":91,"source":15,"target":29},{"cost":0,"weight":236,"source":17,"target":8},{"cost":0,"weight":695,"source":39,"target":23},{"cost":0,"weight":911,"source":26,"target":39},{"cost":0,"weight":771,"source":0,"target":25},{"cost":0,"weight":649,"source":25,"target":11},{"cost":0,"weight":138,"source":13,"target":0},{"cost":0,"weight":709,"source":5,"target":7},{"cost":0,"weight":531,"source":14,"target":19},{"cost":0,"weight":833,"source":4,"target":24},{"cost":0,"weight":810,"source":39,"target":28},{"cost":0,"weight":194,"source":5,"target":16},{"cost":0,"weight":614,"source":6,"target":18},{"cost":0,"weight":741,"source":31,"target":9},{"cost":0,"weight":834,"source":37,"target":19},{"cost":0,"weight":924,"source":3,"target":27},{"cost":0,"weight":820,"source":37,"target":16},{"cost":0,"weight":300,"source":18,"target":1},{"cost":0,"weight":558,"source":3,"target":36},{"cost":0,"weight":279,"source":30,"target":37},{"cost":0,"weight":229,"source":7,"target":36},{"cost":0,"weight":913,"source":0,"target":13},{"cost":0,"weight":778,"source":11,"target":34},{"cost":0,"weight":512,"source":34,"target":0},{"cost":0,"weight":518,"source":23,"target":20},{"cost":0,"weight":315,"source":14,"target":11},{"cost":0,"weight":919,"source":25,"target":7},{"cost":0,"weight":69,"source":9,"target":4},{"cost":0,"weight":804,"source":23,"target":17},{"cost":0,"weight":999,"source":19,"target":16},{"cost":0,"weight":144,"source":16,"target":38},{"cost":0,"weight":89,"source":4,"target":15},{"cost":0,"weight":467,"source":37,"target":26},{"cost":0,"weight":333,"source":29,"target":36},{"cost":0,"weight":899,"source":1,"target":33}],"graph":{"S":0,"T":10},"multigraph":false}