{"directed":true,"nodes":[{"id":0},{"id":1},{"id":2},{"id":3},{"id":4},{"id":5},{"id":6},{"id":7},{"id":8},{"id":9},{"id":10},{"id":11},{"id":12},{"id":13},{"id":14},{"id":15},{"id":16},{"id":17},{"id":18},{"id":19},{"id":20},{"id":21},{"id":22},{"id":23},{"id":24},{"id":25},{"id":26},{"id":27},{"id":28},{"id":29},{"id":30},{"id":31},{"id":32},{"id":33},{"id":34},{"id":35},{"id":36},{"id":37},{"id":38},{"id":39}],"links":[{"cost":0,"weight":984,"source":39,"target":18},{"cost":0,"weight":555,"source":26,"target":31},{"cost":0,"weight":347,"source":29,"target":3},{"cost":0,"weight":167,"source":11,"target":33},{"cost":0,"weight":859,"source":1,"target":34},{"cost":0,"weight":804,"source":23,"target":32},{"cost":0,"weight":243,"source":22,"target":3},{"cost":0,"weight":139,"source":12,"target":39},{"cost":0,"weight":704,"source":16,"target":33},{"cost":0,"weight":210,"source":7,"target":25},{"cost":0,"weight":612,"source":32,"target":12},{"cost":0,"weight":344,"source":18,"target":26},{"cost":0,"weight":233,"source":0,"target":35},{"cost":0,"weight":828,"source":19,"target":17},{"cost":0,"weight":173,"source":6,"target":26},{"cost":0,"weight":969,"source":14,"target":15},{"cost":0,"weight":113,"source":3,"target":30},{"cost":0,"weight":163,"source":16,"target":9},{"cost":0,"weight":730,"source":0,"target":14},{"cost":0,"weight":495,"source":6,"target":25},{"cost":0,"weight":531,"source":35,"target":21},{"cost":0,"weight":441,"source":35,"target":26},{"cost":0,"weight":134,"source":32,"target":19},{"cost":0,"weight":931,"source":6,"target":20},{"cost":0,"weight":673,"source":24,"target":15},{"cost":0,"weight":338,"source":38,"target":15},{"cost":0,"weight":856,"source":15,"target":22},{"cost":0,"weight":681,"source":36,"target":37},{"cost":0,"weight":523,"source":10,"target":8},{"cost":0,"weight":552,"source":29,"target":32},{"cost":0,"weight":90,"source":4,"target":33},{"cost":0,"weight":128,"source":2,"target":35},{"cost":0,"weight":766,"source":36,"target":13},{"cost":0,"weight":363,"source":30,"target":21},{"cost":0,"weight":299,"source":28,"target":5},{"cost":0,"weight":44,"source":4,"target":23},{"cost":0,"weight":426,"source":0,"target":22},{"cost":0,"weight":512,"source":19,"target":39},{"cost":0,"weight":172,"source":32,"target":16},{"cost":0,"weight":285,"source":7,"target":5},{"cost":0,"weight":974,"source":36,"target":12},{"cost":0,"weight":915,"source":36,"target":3},{"cost":0,"weight":934,"source":28,"target":39},{"cost":0,"weight":338,"source":1,"target":36},{"cost":0,"weight":991,"source":7,"target":38},{"cost":0,"weight":155,"source":27,"target":37},{"cost":0,"weight":161,"source":29,"target":35},{"cost":0,"weight":431,"source":24,"target":33},{"cost":0,"weight":132,"source":10,"target":17},{"cost":0,"weight":604,"source":6,"target":9},{"cost":0,"weight":847,"source":13,"target":11},{"cost":0,"weight":16,"source":20,"target":38},{"cost":0,"weight":592,"source":20,"target":4},{"cost":0,"weight":883,"source":24,"target":20},{"cost":0,"weight":10,"source":6,"target":24},{"cost":0,"weight":608,"source":33,"target":32},{"cost":0,"weight":502,"source":25,"target":32},{"cost":0,"weight":955,"source":3,"target":12},{"cost":0,"weight":966,"source":27,"target":39},{"cost":0,"weight":604,"source":21,"target":23},{"cost":0,"weight":650,"source":0,"target":9},{"cost":0,"weight":986,"source":13,"target":6},{"cost":0,"weight":719,"source":5,"target":25},{"cost":0,"weight":40,"source":27,"target":23},{"cost":0,"weight":823,"source":14,"target":7},{"cost":0,"weight":700,"source":32,"target":6},{"cost":0,"weight":915,"source":27,"target":2},{"cost":0,"weight":409,"source":39,"target":26},{"cost":0,"weight":46,"source":18,"target":7},{"cost":0,"weight":856,"source":17,"target":12},{"cost":0,"weight":82,"source":2,"target":36},{"cost":0,"weight":690,"source":14,"target":2},{"cost":0,"weight":655,"source":28,"target":6},{"cost":0,"weight":459,"source":34,"target":31},{"cost":0,"weight":372,"source":7,"target":10},{"cost":0,"weight":175,"source":28,"target":21},{"cost":0,"weight":699,"source":21,"target":24},{"cost":0,"weight":523,"source":37,"target":26},{"cost":0,"weight":124,"source":22,"target":19},{"cost":0,"weight":992,"source":9,"target":0},{"cost":0,"weight":628,"source":3,"target":7},{"cost":0,"weight":733,"source":15,"target":7},{"cost":0,"weight":214,"source":26,"target":36},{"cost":0,"weight":948,"source":29,"target":5},{"cost":0,"weight":110,"source":4,"target":16},{"cost":0,"weight":404,"source":6,"target":7},{"cost":0,"weight":356,"source":8,"target":5},{"cost":0,"weight":905,"source":18,"target":10},{"cost":0,"weight":984,"source":28,"target":12},{"cost":0,"weight":196,"source":32,"target":8},{"cost":0,"weight":528,"source":22,"target":35},{"cost":0,"weight":61,"source":36,"target":16},{"cost":0,"weight":168,"source":3,"target":25},{"cost":0,"weight":820,"source":13,"target":37},{"cost":0,"weight":816,"source":9,"target":1},{"cost":0,"weight":367,"source":14,"target":30},{"cost":0,"weight":596,"source":2,"target":4},{"cost":0,"weight":555,"source":9,"target":14},{"cost":0,"weight":405,"source":39,"target":23},{"cost":0,"weight":20,"source":31,"target":23},{"cost":0,"weight":32,"source":2,"target":21},{"cost":0,"weight":369,"source":35,"target":39},{"cost":0,"weight":788,"source":35,"target":27},{"cost":0,"weight":68,"source":19,"target":12},{"cost":0,"weight":228,"source":17,"target":11},{"cost":0,"weight":952,"source":31,"target":24},{"cost":0,"weight":596,"source":7,"target":36},{"cost":0,"weight":294,"source":0,"target":5},{"cost":0,"weight":397,"source":16,"target":35},{"cost":0,"weight":570,"source":19,"target":26},{"cost":0,"weight":573,"source":36,"target":6},{"cost":0,"weight":44,"source":21,"target":5},{"cost":0,"weight":285,"source":21,"target":37},{"cost":0,"weight":363,"source":25,"target":20},{"cost":0,"weight":512,"source":38,"target":27},{"cost":0,"weight":29,"source":14,"target":8},{"cost":0,"weight":208,"source":31,"target":38},{"cost":0,"weight":438,"source":17,"target":20},{"cost":0,"weight":650,"source":8,"target":29},{"cost":0,"weight":664,"source":0,"target":31},{"cost":0,"weight":410,"source":11,"target":15},{"cost":0,"weight":281,"source":15,"target":37},{"cost":0,"weight":974,"source":37,"target":30},{"cost":0,"weight":905,"source":26,"target":28},{"cost":0,"weight":257,"source":0,"target":10},{"cost":0,"weight":806,"source":9,"target":33},{"cost":0,"weight":857,"source":30,"target":2},{"cost":0,"weight":193,"source":23,"target":9},{"cost":0,"weight":643,"source":4,"target":6},{"cost":0,"weight":106,"source":15,"target":4},{"cost":0,"weight":646,"source":20,"target":27},{"cost":0,"weight":98,"source":1,"target":0},{"cost":0,"weight":876,"source":34,"target":2},{"cost":0,"weight":795,"source":34,"target":7},{"cost":0,"weight":34,"source":22,"target":33},{"cost":0,"weight":355,"source":18,"target":27},{"cost":0,"weight":916,"source":7,"target":12},{"cost":0,"weight":233,"source":3,"target":24},{"cost":0,"weight":35,"source":32,"target":10},{"cost":0,"weight":887,"source":28,"target":32},{"cost":0,"weight":685,"source":20,"target":19},{"cost":0,"weight":936,"source":6,"target":34},{"cost":0,"weight":663,"source":4,"target":27},{"cost":0,"weight":849,"source":39,"target":38},{"cost":0,"weight":673,"source":39,"target":19},{"cost":0,"weight":261,"source":39,"target":32},{"cost":0,"weight":269,"source":7,"target":31},{"cost":0,"weight":447,"source":29,"target":11},{"cost":0,"weight":814,"source":4,"target":25},{"cost":0,"weight":171,"source":4,"target":28},{"cost":0,"weight":798,"source":23,"target":28},{"cost":0,"weight":185,"source":15,"target":23},{"cost":0,"weight":718,"source":37,"target":5},{"cost":0,"weight":104,"source":30,"target":16},{"cost":0,"weight":270,"source":38,"target":20},{"cost":0,"weight":629,"source":21,"target":8},{"cost":0,"weight":907,"source":23,"target":15},{"cost":0,"weight":167,"source":22,"target":0},{"cost":0,"weight":582,"source":12,"target":0},{"cost":0,"weight":190,"source":15,"target":39}],"graph":{"S":0,"T":10},"multigraph":false}