{"directed":true,"nodes":[{"id":0},{"id":1},{"id":2},{"id":3},{"id":4},{"id":5},{"id":6},{"id":7},{"id":8},{"id":9},{"id":10},{"id":11},{"id":12},{"id":13},{"id":14},{"id":15},{"id":16},{"id":17},{"id":18},{"id":19},{"id":20},{"id":21},{"id":22},{"id":23},{"id":24},{"id":25},{"id":26},{"id":27},{"id":28},{"id":29},{"id":30},{"id":31},{"id":32},{"id":33},{"id":34},{"id":35},{"id":36},{"id":37},{"id":38},{"id":39}],"links":[{"cost":0,"weight":103,"source":16,"target":34},{"cost":0,"weight":420,"source":20,"target":21},{"cost":0,"weight":371,"source":37,"target":1},{"cost":0,"weight":802,"source":6,"target":22},{"cost":0,"weight":541,"source":28,"target":18},{"cost":0,"weight":780,"source":19,"target":16},{"cost":0,"weight":425,"source":38,"target":28},{"cost":0,"weight":313,"source":21,"target":2},{"cost":0,"weight":358,"source":39,"target":37},{"cost":0,"weight":413,"source":21,"target":27},{"cost":0,"weight":207,"source":34,"target":10},{"cost":0,"weight":209,"source":32,"target":7},{"cost":0,"weight":883,"source":16,"target":12},{"cost":0,"weight":77,"source":17,"target":33},{"cost":0,"weight":696,"source":39,"target":36},{"cost":0,"weight":360,"source":23,"target":14},{"cost":0,"weight":279,"source":20,"target":5},{"cost":0,"weight":882,"source":19,"target":26},{"cost":0,"weight":264,"source":13,"target":23},{"cost":0,"weight":55,"source":8,"target":12},{"cost":0,"weight":902,"source":4,"target":36},{"cost":0,"weight":68,"source":31,"target":4},{"cost":0,"weight":570,"source":19,"target":35},{"cost":0,"weight":156,"source":13,"target":29},{"cost":0,"weight":217,"source":9,"target":34},{"cost":0,"weight":624,"source":28,"target":30},{"cost":0,"weight":333,"source":15,"target":33},{"cost":0,"weight":701,"source":19,"target":18},{"cost":0,"weight":742,"source":26,"target":7},{"cost":0,"weight":121,"source":13,"target":28},{"cost":0,"weight":462,"source":18,"target":14},{"cost":0,"weight":951,"source":22,"target":35},{"cost":0,"weight":260,"source":20,"target":8},{"cost":0,"weight":151,"source":33,"target":22},{"cost":0,"weight":69,"source":28,"target":14},{"cost":0,"weight":821,"source":11,"target":30},{"cost":0,"weight":848,"source":39,"target":22},{"cost":0,"weight":48,"source":32,"target":8},{"cost":0,"weight":845,"source":7,"target":37},{"cost":0,"weight":360,"source":39,"target":19},{"cost":0,"weight":641,"source":5,"target":24},{"cost":0,"weight":890,"source":8,"target":4},{"cost":0,"weight":585,"source":19,"target":10},{"cost":0,"weight":148,"source":5,"target":16},{"cost":0,"weight":313,"source":15,"target":2},{"cost":0,"weight":431,"source":10,"target":19},{"cost":0,"weight":865,"source":4,"target":15},{"cost":0,"weight":604,"source":8,"target":18},{"cost":0,"weight":343,"source":30,"target":23},{"cost":0,"weight":494,"source":20,"target":16},{"cost":0,"weight":129,"source":39,"target":15},{"cost":0,"weight":654,"source":16,"target":27},{"cost":0,"weight":412,"source":1,"target":31},{"cost":0,"weight":901,"source":22,"target":10},{"cost":0,"weight":181,"source":24,"target":15},{"cost":0,"weight":666,"source":14,"target":20},{"cost":0,"weight":530,"source":5,"target":18},{"cost":0,"weight":911,"source":29,"target":15},{"cost":0,"weight":843,"source":6,"target":35},{"cost":0,"weight":317,"source":35,"target":31},{"cost":0,"weight":523,"source":7,"target":11},{"cost":0,"weight":894,"source":32,"target":13},{"cost":0,"weight":292,"source":27,"target":22},{"cost":0,"weight":547,"source":26,"target":38},{"cost":0,"weight":796,"source":23,"target":7},{"cost":0,"weight":816,"source":8,"target":6},{"cost":0,"weight":71,"source":11,"target":5},{"cost":0,"weight":892,"source":32,"target":28},{"cost":0,"weight":42,"source":18,"target":8},{"cost":0,"weight":689,"source":0,"target":25},{"cost":0,"weight":336,"source":37,"target":18},{"cost":0,"weight":763,"source":38,"target":15},{"cost":0,"weight":424,"source":20,"target":30},{"cost":0,"weight":973,"source":19,"target":24},{"cost":0,"weight":945,"source":21,"target":18},{"cost":0,"weight":248,"source":10,"target":21},{"cost":0,"weight":446,"source":38,"target":11},{"cost":0,"weight":687,"source":9,"target":30},{"cost":0,"weight":355,"source":36,"target":4},{"cost":0,"weight":856,"source":12,"target":37},{"cost":0,"weight":394,"source":17,"target":29},{"cost":0,"weight":471,"source":15,"target":36},{"cost":0,"weight":576,"source":1,"target":23},{"cost":0,"weight":615,"source":32,"target":23},{"cost":0,"weight":685,"source":17,"target":11},{"cost":0,"weight":759,"source":7,"target":36},{"cost":0,"weight":354,"source":5,"target":2},{"cost":0,"weight":634,"source":4,"target":7},{"cost":0,"weight":308,"source":37,"target":7},{"cost":0,"weight":406,"source":27,"target":26},{"cost":0,"weight":410,"source":35,"target":33},{"cost":0,"weight":357,"source":29,"target":2},{"cost":0,"weight":912,"source":3,"target":13},{"cost":0,"weight":801,"source":22,"target":4},{"cost":0,"weight":769,"source":23,"target":0},{"cost":0,"weight":973,"source":39,"target":6},{"cost":0,"weight":138,"source":22,"target":1},{"cost":0,"weight":661,"source":24,"target":19},{"cost":0,"weight":373,"source":1,"target":37},{"cost":0,"weight":852,"source":36,"target":6},{"cost":0,"weight":83,"source":34,"target":37},{"cost":0,"weight":62,"source":8,"target":0},{"cost":0,"weight":839,"source":1,"target":33},{"cost":0,"weight":948,"source":17,"target":20},{"cost":0,"weight":881,"source":36,"target":0},{"cost":0,"weight":126,"source":33,"target":7},{"cost":0,"weight":410,"source":9,"target":31},{"cost":0,"weight":740,"source":6,"target":13},{"cost":0,"weight":525,"source":36,"target":23},{"cost":0,"weight":977,"source":15,"target":38},{"cost":0,"weight":358,"source":24,"target":12},{"cost":0,"weight":420,"source":28,"target":8},{"cost":0,"weight":644,"source":36,"target":7},{"cost":0,"weight":135,"source":17,"target":14},{"cost":0,"weight":532,"source":19,"target":5},{"cost":0,"weight":593,"source":22,"target":38},{"cost":0,"weight":421,"source":7,"target":0},{"cost":0,"weight":714,"source":38,"target":9},{"cost":0,"weight":86,"source":4,"target":27},{"cost":0,"weight":326,"source":2,"target":27},{"cost":0,"weight":438,"source":5,"target":35},{"cost":0,"weight":771,"source":18,"target":10},{"cost":0,"weight":846,"source":5,"target":25},{"cost":0,"weight":309,"source":7,"target":35},{"cost":0,"weight":907,"source":19,"target":13},{"cost":0,"weight":985,"source":24,"target":23},{"cost":0,"weight":768,"source":3,"target":12},{"cost":0,"weight":315,"source":31,"target":29},{"cost":0,"weight":555,"source":21,"target":25},{"cost":0,"weight":347,"source":30,"target":34},{"cost":0,"weight":677,"source":21,"target":26},{"cost":0,"weight":101,"source":14,"target":9},{"cost":0,"weight":202,"source":14,"target":35},{"cost":0,"weight":277,"source":3,"target":35},{"cost":0,"weight":26,"source":3,"target":31},{"cost":0,"weight":61,"source":12,"target":14},{"cost":0,"weight":791,"source":33,"target":23},{"cost":0,"weight":600,"source":17,"target":3},{"cost":0,"weight":988,"source":30,"target":16},{"cost":0,"weight":504,"source":14,"target":18},{"cost":0,"weight":93,"source":11,"target":37},{"cost":0,"weight":500,"source":3,"target":26},{"cost":0,"weight":926,"source":31,"target":5},{"cost":0,"weight":647,"source":36,"target":26},{"cost":0,"weight":344,"source":24,"target":17},{"cost":0,"weight":609,"source":34,"target":13},{"cost":0,"weight":908,"source":35,"target":34},{"cost":0,"weight":738,"source":2,"target":30},{"cost":0,"weight":454,"source":1,"target":38},{"cost":0,"weight":706,"source":29,"target":35},{"cost":0,"weight":578,"source":11,"target":18},{"cost":0,"weight":495,"source":10,"target":0},{"cost":0,"weight":407,"source":29,"target":39},{"cost":0,"weight":991,"source":32,"target":36},{"cost":0,"weight":187,"source":5,"target":27},{"cost":0,"weight":689,"source":13,"target":22},{"cost":0,"weight":980,"source":3,"target":21},{"cost":0,"weight":282,"source":15,"target":19},{"cost":0,"weight":717,"source":39,"target":14},{"cost":0,"weight":331,"source":1,"target":27}],"graph":{"S":0,"T":10},"multigraph":false}