{"directed":true,"nodes":[{"id":0},{"id":1},{"id":2},{"id":3},{"id":4},{"id":5},{"id":6},{"id":7},{"id":8},{"id":9},{"id":10},{"id":11},{"id":12},{"id":13},{"id":14},{"id":15},{"id":16},{"id":17},{"id":18},{"id":19},{"id":20},{"id":21},{"id":22},{"id":23},{"id":24},{"id":25},{"id":26},{"id":27},{"id":28},{"id":29},{"id":30},{"id":31},{"id":32},{"id":33},{"id":34},{"id":35},{"id":36},{"id":37},{"id":38},{"id":39}],"links":[{"cost":0,"weight":73,"source":31,"target":33},{"cost":0,"weight":266,"source":5,"target":15},{"cost":0,"weight":584,"source":32,"target":2},{"cost":0,"weight":367,"source":11,"target":26},{"cost":0,"weight":154,"source":35,"target":22},{"cost":0,"weight":906,"source":25,"target":35},{"cost":0,"weight":483,"source":33,"target":7},{"cost":0,"weight":886,"source":4,"target":0},{"cost":0,"weight":134,"source":15,"target":23},{"cost":0,"weight":454,"source":24,"target":3},{"cost":0,"weight":602,"source":37,"target":20},{"cost":0,"weight":306,"source":22,"target":2},{"cost":0,"weight":506,"source":26,"target":8},{"cost":0,"weight":831,"source":29,"target":14},{"cost":0,"weight":758,"source":8,"target":32},{"cost":0,"weight":639,"source":19,"target":38},{"cost":0,"weight":933,"source":6,"target":36},{"cost":0,"weight":424,"source":14,"target":30},{"cost":0,"weight":340,"source":4,"target":14},{"cost":0,"weight":645,"source":36,"target":21},{"cost":0,"weight":943,"source":22,"target":12},{"cost":0,"weight":196,"source":18,"target":6},{"cost":0,"weight":572,"source":7,"target":21},{"cost":0,"weight":858,"source":17,"target":2},{"cost":0,"weight":480,"source":31,"target":20},{"cost":0,"weight":183,"source":5,"target":3},{"cost":0,"weight":701,"source":27,"target":10},{"cost":0,"weight":185,"source":35,"target":4},{"cost":0,"weight":461,"source":0,"target":30},{"cost":0,"weight":583,"source":23,"target":36},{"cost":0,"weight":228,"source":11,"target":8},{"cost":0,"weight":523,"source":15,"target":25},{"cost":0,"weight":535,"source":39,"target":19},{"cost":0,"weight":622,"source":32,"target":25},{"cost":0,"weight":464,"source":4,"target":24},{"cost":0,"weight":480,"source":35,"target":27},{"cost":0,"weight":213,"source":33,"target":23},{"cost":0,"weight":247,"source":3,"target":12},{"cost":0,"weight":810,"source":7,"target":25},{"cost":0,"weight":835,"source":37,"target":30},{"cost":0,"weight":452,"source":17,"target":33},{"cost":0,"weight":400,"source":4,"target":35},{"cost":0,"weight":669,"source":11,"target":0},{"cost":0,"weight":162,"source":1,"target":15},{"cost":0,"weight":824,"source":6,"target":8},{"cost":0,"weight":723,"source":5,"target":8},{"cost":0,"weight":389,"source":9,"target":30},{"cost":0,"weight":65,"source":15,"target":22},{"cost":0,"weight":395,"source":17,"target":22},{"cost":0,"weight":977,"source":9,"target":12},{"cost":0,"weight":750,"source":4,"target":12},{"cost":0,"weight":521,"source":8,"target":21},{"cost":0,"weight":598,"source":9,"target":13},{"cost":0,"weight":294,"source":35,"target":20},{"cost":0,"weight":934,"source":29,"target":39},{"cost":0,"weight":832,"source":9,"target":2},{"cost":0,"weight":250,"source":10,"target":23},{"cost":0,"weight":49,"source":24,"target":2},{"cost":0,"weight":684,"source":31,"target":16},{"cost":0,"weight":567,"source":33,"target":22},{"cost":0,"weight":175,"source":28,"target":17},{"cost":0,"weight":532,"source":24,"target":27},{"cost":0,"weight":692,"source":14,"target":18},{"cost":0,"weight":75,"source":37,"target":13},{"cost":0,"weight":998,"source":3,"target":36},{"cost":0,"weight":95,"source":19,"target":28},{"cost":0,"weight":415,"source":6,"target":23},{"cost":0,"weight":429,"source":8,"target":37},{"cost":0,"weight":748,"source":16,"target":36},{"cost":0,"weight":446,"source":9,"target":20},{"cost":0,"weight":221,"source":36,"target":32},{"cost":0,"weight":310,"source":27,"target":33},{"cost":0,"weight":922,"source":13,"target":6},{"cost":0,"weight":660,"source":28,"target":4},{"cost":0,"weight":65,"source":36,"target":14},{"cost":0,"weight":300,"source":38,"target":22},{"cost":0,"weight":869,"source":35,"target":8},{"cost":0,"weight":46,"source":13,"target":24},{"cost":0,"weight":375,"source":29,"target":7},{"cost":0,"weight":808,"source":18,"target":39},{"cost":0,"weight":97,"source":17,"target":19},{"cost":0,"weight":504,"source":3,"target":29},{"cost":0,"weight":264,"source":36,"target":34},{"cost":0,"weight":758,"source":22,"target":26},{"cost":0,"weight":950,"source":10,"target":38},{"cost":0,"weight":907,"source":2,"target":7},{"cost":0,"weight":526,"source":34,"target":18},{"cost":0,"weight":342,"source":11,"target":39},{"cost":0,"weight":295,"source":13,"target":1},{"cost":0,"weight":657,"source":21,"target":33},{"cost":0,"weight":180,"source":36,"target":29},{"cost":0,"weight":655,"source":6,"target":1},{"cost":0,"weight":251,"source":36,"target":18},{"cost":0,"weight":613,"source":31,"target":3},{"cost":0,"weight":823,"source":21,"target":23},{"cost":0,"weight":587,"source":22,"target":28},{"cost":0,"weight":728,"source":39,"target":28},{"cost":0,"weight":520,"source":28,"target":11},{"cost":0,"weight":955,"source":10,"target":6},{"cost":0,"weight":182,"source":30,"target":31},{"cost":0,"weight":947,"source":8,"target":22},{"cost":0,"weight":143,"source":18,"target":34},{"cost":0,"weight":177,"source":9,"target":31},{"cost":0,"weight":431,"source":16,"target":3},{"cost":0,"weight":119,"source":35,"target":30},{"cost":0,"weight":61,"source":10,"target":26},{"cost":0,"weight":866,"source":4,"target":36},{"cost":0,"weight":357,"source":34,"target":28},{"cost":0,"weight":23,"source":30,"target":15},{"cost":0,"weight":99,"source":37,"target":23},{"cost":0,"weight":315,"source":8,"target":20},{"cost":0,"weight":904,"source":27,"target":12},{"cost":0,"weight":20,"source":33,"target":4},{"cost":0,"weight":357,"source":35,"target":24},{"cost":0,"weight":330,"source":19,"target":18},{"cost":0,"weight":163,"source":22,"target":30},{"cost":0,"weight":50,"source":39,"target":2},{"cost":0,"weight":944,"source":8,"target":12},{"cost":0,"weight":503,"source":27,"target":17},{"cost":0,"weight":179,"source":25,"target":20},{"cost":0,"weight":333,"source":0,"target":26},{"cost":0,"weight":567,"source":14,"target":20},{"cost":0,"weight":27,"source":30,"target":3},{"cost":0,"weight":231,"source":28,"target":3},{"cost":0,"weight":635,"source":30,"target":38},{"cost":0,"weight":605,"source":19,"target":30},{"cost":0,"weight":706,"source":19,"target":3},{"cost":0,"weight":74,"source":30,"target":17},{"cost":0,"weight":735,"source":38,"target":19},{"cost":0,"weight":300,"source":11,"target":21},{"cost":0,"weight":471,"source":16,"target":7},{"cost":0,"weight":279,"source":31,"target":5},{"cost":0,"weight":382,"source":16,"target":6},{"cost":0,"weight":99,"source":4,"target":11},{"cost":0,"weight":704,"source":27,"target":3},{"cost":0,"weight":208,"source":29,"target":6},{"cost":0,"weight":566,"source":32,"target":18},{"cost":0,"weight":467,"source":37,"target":38},{"cost":0,"weight":978,"source":3,"target":33},{"cost":0,"weight":150,"source":5,"target":17},{"cost":0,"weight":244,"source":14,"target":39},{"cost":0,"weight":924,"source":8,"target":36},{"cost":0,"weight":712,"source":5,"target":14},{"cost":0,"weight":446,"source":24,"target":13},{"cost":0,"weight":254,"source":20,"target":33},{"cost":0,"weight":784,"source":28,"target":21},{"cost":0,"weight":422,"source":15,"target":1},{"cost":0,"weight":528,"source":33,"target":19},{"cost":0,"weight":708,"source":5,"target":26},{"cost":0,"weight":416,"source":26,"target":20},{"cost":0,"weight":188,"source":18,"target":26},{"cost":0,"weight":775,"source":37,"target":6},{"cost":0,"weight":740,"source":32,"target":33},{"cost":0,"weight":237,"source":3,"target":35},{"cost":0,"weight":296,"source":34,"target":11},{"cost":0,"weight":48,"source":21,"target":3},{"cost":0,"weight":512,"source":34,"target":26},{"cost":0,"weight":951,"source":39,"target":18},{"cost":0,"weight":755,"source":19,"target":29},{"cost":0,"weight":213,"source":25,"target":4}],"graph":{"S":0,"T":10},"multigraph":false}