{"directed":true,"nodes":[{"id":0},{"id":1},{"id":2},{"id":3},{"id":4},{"id":5},{"id":6},{"id":7},{"id":8},{"id":9},{"id":10},{"id":11},{"id":12},{"id":13},{"id":14},{"id":15},{"id":16},{"id":17},{"id":18},{"id":19},{"id":20},{"id":21},{"id":22},{"id":23},{"id":24},{"id":25},{"id":26},{"id":27},{"id":28},{"id":29},{"id":30},{"id":31},{"id":32},{"id":33},{"id":34},{"id":35},{"id":36},{"id":37},{"id":38},{"id":39}],"links":[{"cost":0,"weight":829,"source":4,"target":1},{"cost":0,"weight":362,"source":2,"target":27},{"cost":0,"weight":953,"source":12,"target":16},{"cost":0,"weight":780,"source":28,"target":30},{"cost":0,"weight":935,"source":16,"target":13},{"cost":0,"weight":429,"source":5,"target":20},{"cost":0,"weight":300,"source":3,"target":13},{"cost":0,"weight":884,"source":31,"target":36},{"cost":0,"weight":559,"source":26,"target":9},{"cost":0,"weight":701,"source":10,"target":26},{"cost":0,"weight":886,"source":5,"target":22},{"cost":0,"weight":254,"source":29,"target":36},{"cost":0,"weight":139,"source":13,"target":29},{"cost":0,"weight":765,"source":15,"target":19},{"cost":0,"weight":459,"source":36,"target":15},{"cost":0,"weight":639,"source":20,"target":12},{"cost":0,"weight":597,"source":5,"target":9},{"cost":0,"weight":325,"source":27,"target":26},{"cost":0,"weight":189,"source":0,"target":16},{"cost":0,"weight":146,"source":28,"target":10},{"cost":0,"weight":571,"source":0,"target":34},{"cost":0,"weight":174,"source":15,"target":11},{"cost":0,"weight":979,"source":0,"target":25},{"cost":0,"weight":439,"source":39,"target":32},{"cost":0,"weight":227,"source":15,"target":4},{"cost":0,"weight":719,"source":30,"target":3},{"cost":0,"weight":414,"source":13,"target":3},{"cost":0,"weight":778,"source":10,"target":15},{"cost":0,"weight":632,"source":21,"target":7},{"cost":0,"weight":401,"source":21,"target":34},{"cost":0,"weight":441,"source":34,"target":27},{"cost":0,"weight":71,"source":34,"target":21},{"cost":0,"weight":818,"source":22,"target":27},{"cost":0,"weight":399,"source":3,"target":26},{"cost":0,"weight":104,"source":6,"target":0},{"cost":0,"weight":373,"source":8,"target":17},{"cost":0,"weight":375,"source":9,"target":5},{"cost":0,"weight":195,"source":9,"target":30},{"cost":0,"weight":437,"source":23,"target":26},{"cost":0,"weight":577,"source":37,"target":19},{"cost":0,"weight":368,"source":30,"target":18},{"cost":0,"weight":912,"source":27,"target":22},{"cost":0,"weight":459,"source":8,"target":35},{"cost":0,"weight":505,"source":21,"target":30},{"cost":0,"weight":916,"source":24,"target":17},{"cost":0,"weight":652,"source":5,"target":31},{"cost":0,"weight":815,"source":3,"target":39},{"cost":0,"weight":734,"source":16,"target":32},{"cost":0,"weight":144,"source":4,"target":19},{"cost":0,"weight":205,"source":31,"target":5},{"cost":0,"weight":389,"source":24,"target":37},{"cost":0,"weight":74,"source":28,"target":38},{"cost":0,"weight":26,"source":24,"target":4},{"cost":0,"weight":756,"source":9,"target":35},{"cost":0,"weight":784,"source":4,"target":29},{"cost":0,"weight":245,"source":4,"target":10},{"cost":0,"weight":192,"source":4,"target":25},{"cost":0,"weight":732,"source":7,"target":23},{"cost":0,"weight":864,"source":18,"target":25},{"cost":0,"weight":964,"source":19,"target":7},{"cost":0,"weight":534,"source":20,"target":1},{"cost":0,"weight":316,"source":29,"target":0},{"cost":0,"weight":449,"source":29,"target":22},{"cost":0,"weight":944,"source":17,"target":8},{"cost":0,"weight":461,"source":11,"target":5},{"cost":0,"weight":239,"source":3,"target":1},{"cost":0,"weight":482,"source":35,"target":2},{"cost":0,"weight":700,"source":36,"target":14},{"cost":0,"weight":510,"source":0,"target":33},{"cost":0,"weight":461,"source":33,"target":37},{"cost":0,"weight":27,"source":35,"target":37},{"cost":0,"weight":605,"source":16,"target":25},{"cost":0,"weight":711,"source":36,"target":11},{"cost":0,"weight":434,"source":28,"target":3},{"cost":0,"weight":243,"source":39,"target":18},{"cost":0,"weight":339,"source":31,"target":20},{"cost":0,"weight":124,"source":2,"target":17},{"cost":0,"weight":251,"source":23,"target":17},{"cost":0,"weight":707,"source":35,"target":4},{"cost":0,"weight":170,"source":9,"target":3},{"cost":0,"weight":184,"source":38,"target":21},{"cost":0,"weight":864,"source":10,"target":1},{"cost":0,"weight":251,"source":11,"target":35},{"cost":0,"weight":906,"source":13,"target":21},{"cost":0,"weight":786,"source":38,"target":18},{"cost":0,"weight":415,"source":38,"target":9},{"cost":0,"weight":234,"source":24,"target":14},{"cost":0,"weight":865,"source":29,"target":12},{"cost":0,"weight":241,"source":19,"target":21},{"cost":0,"weight":417,"source":7,"target":4},{"cost":0,"weight":854,"source":11,"target":9},{"cost":0,"weight":640,"source":6,"target":17},{"cost":0,"weight":244,"source":8,"target":6},{"cost":0,"weight":489,"source":8,"target":28},{"cost":0,"weight":910,"source":16,"target":6},{"cost":0,"weight":266,"source":13,"target":34},{"cost":0,"weight":420,"source":17,"target":14},{"cost":0,"weight":48,"source":9,"target":1},{"cost":0,"weight":847,"source":36,"target":29},{"cost":0,"weight":364,"source":26,"target":6},{"cost":0,"weight":124,"source":5,"target":1},{"cost":0,"weight":441,"source":28,"target":25},{"cost":0,"weight":985,"source":31,"target":29},{"cost":0,"weight":217,"source":13,"target":11},{"cost":0,"weight":134,"source":3,"target":0},{"cost":0,"weight":535,"source":27,"target":10},{"cost":0,"weight":463,"source":10,"target":4},{"cost":0,"weight":493,"source":20,"target":38},{"cost":0,"weight":408,"source":26,"target":7},{"cost":0,"weight":683,"source":24,"target":28},{"cost":0,"weight":674,"source":21,"target":14},{"cost":0,"weight":708,"source":31,"target":6},{"cost":0,"weight":231,"source":2,"target":19},{"cost":0,"weight":904,"source":31,"target":10},{"cost":0,"weight":944,"source":4,"target":38},{"cost":0,"weight":208,"source":12,"target":36},{"cost":0,"weight":216,"source":21,"target":17},{"cost":0,"weight":240,"source":6,"target":10},{"cost":0,"weight":754,"source":1,"target":2},{"cost":0,"weight":49,"source":26,"target":38},{"cost":0,"weight":562,"source":27,"target":15},{"cost":0,"weight":242,"source":14,"target":28},{"cost":0,"weight":494,"source":19,"target":12},{"cost":0,"weight":485,"source":38,"target":19},{"cost":0,"weight":911,"source":18,"target":23},{"cost":0,"weight":303,"source":7,"target":2},{"cost":0,"weight":770,"source":10,"target":33},{"cost":0,"weight":181,"source":17,"target":1},{"cost":0,"weight":235,"source":33,"target":12},{"cost":0,"weight":652,"source":18,"target":9},{"cost":0,"weight":844,"source":28,"target":36},{"cost":0,"weight":230,"source":5,"target":33},{"cost":0,"weight":156,"source":7,"target":19},{"cost":0,"weight":918,"source":10,"target":22},{"cost":0,"weight":615,"source":34,"target":12},{"cost":0,"weight":917,"source":7,"target":22},{"cost":0,"weight":279,"source":24,"target":35},{"cost":0,"weight":229,"source":36,"target":1},{"cost":0,"weight":186,"source":33,"target":8},{"cost":0,"weight":542,"source":39,"target":38},{"cost":0,"weight":403,"source":30,"target":11},{"cost":0,"weight":638,"source":30,"target":36},{"cost":0,"weight":806,"source":21,"target":16},{"cost":0,"weight":855,"source":3,"target":25},{"cost":0,"weight":967,"source":25,"target":35},{"cost":0,"weight":627,"source":32,"target":34},{"cost":0,"weight":894,"source":0,"target":37},{"cost":0,"weight":741,"source":4,"target":0},{"cost":0,"weight":444,"source":18,"target":13},{"cost":0,"weight":110,"source":38,"target":14},{"cost":0,"weight":342,"source":20,"target":4},{"cost":0,"weight":619,"source":0,"target":8},{"cost":0,"weight":260,"source":7,"target":15},{"cost":0,"weight":409,"source":4,"target":34},{"cost":0,"weight":453,"source":29,"target":16},{"cost":0,"weight":95,"source":4,"target":8},{"cost":0,"weight":10,"source":9,"target":38},{"cost":0,"weight":779,"source":2,"target":3},{"cost":0,"weight":152,"source":8,"target":7},{"cost":0,"weight":883,"source":36,"target":2}],"graph":{"S":0,"T":10},"multigraph":false}