{"directed":true,"nodes":[{"id":0},{"id":1},{"id":2},{"id":3},{"id":4},{"id":5},{"id":6},{"id":7},{"id":8},{"id":9},{"id":10},{"id":11},{"id":12},{"id":13},{"id":14},{"id":15},{"id":16},{"id":17},{"id":18},{"id":19},{"id":20},{"id":21},{"id":22},{"id":23},{"id":24},{"id":25},{"id":26},{"id":27},{"id":28},{"id":29},{"id":30},{"id":31},{"id":32},{"id":33},{"id":34},{"id":35},{"id":36},{"id":37},{"id":38},{"id":39}],"links":[{"cost":0,"weight":279,"source":34,"target":23},{"cost":0,"weight":213,"source":11,"target":33},{"cost":0,"weight":30,"source":4,"target":25},{"cost":0,"weight":237,"source":31,"target":23},{"cost":0,"weight":392,"source":1,"target":10},{"cost":0,"weight":852,"source":21,"target":12},{"cost":0,"weight":763,"source":39,"target":23},{"cost":0,"weight":609,"source":6,"target":7},{"cost":0,"weight":928,"source":15,"target":28},{"cost":0,"weight":500,"source":19,"target":8},{"cost":0,"weight":361,"source":14,"target":6},{"cost":0,"weight":177,"source":5,"target":34},{"cost":0,"weight":165,"source":7,"target":9},{"cost":0,"weight":77,"source":10,"target":3},{"cost":0,"weight":424,"source":23,"target":10},{"cost":0,"weight":869,"source":28,"target":17},{"cost":0,"weight":60,"source":33,"target":24},{"cost":0,"weight":595,"source":11,"target":26},{"cost":0,"weight":742,"source":31,"target":11},{"cost":0,"weight":264,"source":11,"target":16},{"cost":0,"weight":121,"source":34,"target":16},{"cost":0,"weight":542,"source":16,"target":23},{"cost":0,"weight":339,"source":32,"target":17},{"cost":0,"weight":338,"source":5,"target":29},{"cost":0,"weight":422,"source":5,"target":14},{"cost":0,"weight":581,"source":4,"target":37},{"cost":0,"weight":91,"source":5,"target":10},{"cost":0,"weight":701,"source":32,"target":7},{"cost":0,"weight":736,"source":21,"target":20},{"cost":0,"weight":797,"source":39,"target":7},{"cost":0,"weight":687,"source":1,"target":7},{"cost":0,"weight":995,"source":27,"target":9},{"cost":0,"weight":792,"source":0,"target":1},{"cost":0,"weight":588,"source":39,"target":14},{"cost":0,"weight":772,"source":28,"target":13},{"cost":0,"weight":829,"source":7,"target":6},{"cost":0,"weight":266,"source":5,"target":37},{"cost":0,"weight":486,"source":16,"target":2},{"cost":0,"weight":51,"source":29,"target":31},{"cost":0,"weight":715,"source":22,"target":12},{"cost":0,"weight":807,"source":6,"target":26},{"cost":0,"weight":836,"source":13,"target":30},{"cost":0,"weight":478,"source":8,"target":38},{"cost":0,"weight":798,"source":31,"target":27},{"cost":0,"weight":379,"source":3,"target":22},{"cost":0,"weight":347,"source":24,"target":19},{"cost":0,"weight":534,"source":39,"target":21},{"cost":0,"weight":510,"source":20,"target":30},{"cost":0,"weight":401,"source":20,"target":17},{"cost":0,"weight":711,"source":13,"target":25},{"cost":0,"weight":539,"source":24,"target":21},{"cost":0,"weight":892,"source":38,"target":10},{"cost":0,"weight":19,"source":9,"target":33},{"cost":0,"weight":374,"source":32,"target":5},{"cost":0,"weight":283,"source":21,"target":10},{"cost":0,"weight":419,"source":22,"target":13},{"cost":0,"weight":991,"source":15,"target":31},{"cost":0,"weight":325,"source":10,"target":7},{"cost":0,"weight":546,"source":20,"target":26},{"cost":0,"weight":991,"source":24,"target":4},{"cost":0,"weight":389,"source":35,"target":33},{"cost":0,"weight":174,"source":8,"target":9},{"cost":0,"weight":914,"source":2,"target":9},{"cost":0,"weight":12,"source":1,"target":12},{"cost":0,"weight":292,"source":29,"target":38},{"cost":0,"weight":37,"source":9,"target":12},{"cost":0,"weight":896,"source":18,"target":17},{"cost":0,"weight":747,"source":9,"target":13},{"cost":0,"weight":959,"source":16,"target":7},{"cost":0,"weight":754,"source":13,"target":31},{"cost":0,"weight":645,"source":38,"target":25},{"cost":0,"weight":417,"source":9,"target":11},{"cost":0,"weight":301,"source":39,"target":10},{"cost":0,"weight":669,"source":35,"target":9},{"cost":0,"weight":409,"source":30,"target":33},{"cost":0,"weight":254,"source":34,"target":39},{"cost":0,"weight":69,"source":20,"target":36},{"cost":0,"weight":552,"source":17,"target":1},{"cost":0,"weight":93,"source":27,"target":30},{"cost":0,"weight":787,"source":23,"target":34},{"cost":0,"weight":287,"source":33,"target":15},{"cost":0,"weight":410,"source":26,"target":2},{"cost":0,"weight":955,"source":32,"target":25},{"cost":0,"weight":421,"source":4,"target":39},{"cost":0,"weight":398,"source":20,"target":31},{"cost":0,"weight":546,"source":3,"target":20},{"cost":0,"weight":206,"source":12,"target":33},{"cost":0,"weight":76,"source":18,"target":34},{"cost":0,"weight":318,"source":3,"target":25},{"cost":0,"weight":928,"source":4,"target":2},{"cost":0,"weight":48,"source":0,"target":18},{"cost":0,"weight":920,"source":31,"target":32},{"cost":0,"weight":704,"source":12,"target":1},{"cost":0,"weight":243,"source":4,"target":7},{"cost":0,"weight":920,"source":32,"target":18},{"cost":0,"weight":310,"source":21,"target":19},{"cost":0,"weight":907,"source":6,"target":34},{"cost":0,"weight":858,"source":7,"target":39},{"cost":0,"weight":196,"source":13,"target":23},{"cost":0,"weight":536,"source":1,"target":29},{"cost":0,"weight":104,"source":28,"target":8},{"cost":0,"weight":347,"source":21,"target":1},{"cost":0,"weight":863,"source":13,"target":33},{"cost":0,"weight":181,"source":5,"target":15},{"cost":0,"weight":912,"source":18,"target":21},{"cost":0,"weight":331,"source":11,"target":7},{"cost":0,"weight":766,"source":39,"target":15},{"cost":0,"weight":43,"source":34,"target":38},{"cost":0,"weight":694,"source":36,"target":31},{"cost":0,"weight":960,"source":12,"target":5},{"cost":0,"weight":87,"source":23,"target":38},{"cost":0,"weight":36,"source":12,"target":39},{"cost":0,"weight":640,"source":12,"target":29},{"cost":0,"weight":509,"source":37,"target":18},{"cost":0,"weight":671,"source":39,"target":20},{"cost":0,"weight":447,"source":21,"target":13},{"cost":0,"weight":964,"source":3,"target":31},{"cost":0,"weight":628,"source":10,"target":1},{"cost":0,"weight":65,"source":20,"target":18},{"cost":0,"weight":326,"source":5,"target":27},{"cost":0,"weight":377,"source":16,"target":15},{"cost":0,"weight":285,"source":4,"target":30},{"cost":0,"weight":214,"source":22,"target":30},{"cost":0,"weight":429,"source":1,"target":30},{"cost":0,"weight":166,"source":18,"target":39},{"cost":0,"weight":830,"source":32,"target":12},{"cost":0,"weight":189,"source":28,"target":39},{"cost":0,"weight":72,"source":3,"target":30},{"cost":0,"weight":742,"source":29,"target":25},{"cost":0,"weight":98,"source":33,"target":37},{"cost":0,"weight":929,"source":1,"target":11},{"cost":0,"weight":154,"source":6,"target":2},{"cost":0,"weight":703,"source":37,"target":24},{"cost":0,"weight":496,"source":38,"target":29},{"cost":0,"weight":183,"source":2,"target":13},{"cost":0,"weight":978,"source":19,"target":28},{"cost":0,"weight":116,"source":23,"target":21},{"cost":0,"weight":329,"source":29,"target":16},{"cost":0,"weight":183,"source":19,"target":9},{"cost":0,"weight":593,"source":29,"target":4},{"cost":0,"weight":871,"source":34,"target":8},{"cost":0,"weight":739,"source":32,"target":37},{"cost":0,"weight":757,"source":27,"target":14},{"cost":0,"weight":971,"source":21,"target":6},{"cost":0,"weight":943,"source":21,"target":14},{"cost":0,"weight":692,"source":0,"target":24},{"cost":0,"weight":150,"source":2,"target":38},{"cost":0,"weight":135,"source":21,"target":31},{"cost":0,"weight":510,"source":17,"target":2},{"cost":0,"weight":873,"source":30,"target":39},{"cost":0,"weight":257,"source":22,"target":14},{"cost":0,"weight":593,"source":13,"target":32},{"cost":0,"weight":676,"source":30,"target":24},{"cost":0,"weight":745,"source":22,"target":16},{"cost":0,"weight":48,"source":32,"target":4},{"cost":0,"weight":928,"source":35,"target":22},{"cost":0,"weight":10,"source":0,"target":28},{"cost":0,"weight":343,"source":35,"target":25},{"cost":0,"weight":177,"source":28,"target":27},{"cost":0,"weight":316,"source":28,"target":11}],"graph":{"S":0,"T":10},"multigraph":false}