{"directed":true,"nodes":[{"id":0},{"id":1},{"id":2},{"id":3},{"id":4},{"id":5},{"id":6},{"id":7},{"id":8},{"id":9},{"id":10},{"id":11},{"id":12},{"id":13},{"id":14},{"id":15},{"id":16},{"id":17},{"id":18},{"id":19},{"id":20},{"id":21},{"id":22},{"id":23},{"id":24},{"id":25},{"id":26},{"id":27},{"id":28},{"id":29},{"id":30},{"id":31},{"id":32},{"id":33},{"id":34},{"id":35},{"id":36},{"id":37},{"id":38},{"id":39}],"links":[{"cost":0,"weight":611,"source":37,"target":32},{"cost":0,"weight":962,"source":10,"target":16},{"cost":0,"weight":389,"source":6,"target":8},{"cost":0,"weight":997,"source":27,"target":39},{"cost":0,"weight":776,"source":35,"target":2},{"cost":0,"weight":703,"source":37,"target":38},{"cost":0,"weight":931,"source":30,"target":11},{"cost":0,"weight":307,"source":31,"target":25},{"cost":0,"weight":586,"source":33,"target":26},{"cost":0,"weight":648,"source":28,"target":38},{"cost":0,"weight":843,"source":4,"target":36},{"cost":0,"weight":731,"source":26,"target":0},{"cost":0,"weight":12,"source":16,"target":2},{"cost":0,"weight":527,"source":23,"target":28},{"cost":0,"weight":771,"source":24,"target":32},{"cost":0,"weight":493,"source":36,"target":31},{"cost":0,"weight":790,"source":7,"target":4},{"cost":0,"weight":457,"source":19,"target":26},{"cost":0,"weight":13,"source":4,"target":33},{"cost":0,"weight":807,"source":29,"target":19},{"cost":0,"weight":766,"source":18,"target":0},{"cost":0,"weight":663,"source":20,"target":25},{"cost":0,"weight":118,"source":36,"target":26},{"cost":0,"weight":240,"source":39,"target":28},{"cost":0,"weight":646,"source":38,"target":20},{"cost":0,"weight":663,"source":12,"target":30},{"cost":0,"weight":805,"source":30,"target":16},{"cost":0,"weight":681,"source":31,"target":34},{"cost":0,"weight":902,"source":17,"target":20},{"cost":0,"weight":277,"source":17,"target":8},{"cost":0,"weight":203,"source":34,"target":17},{"cost":0,"weight":38,"source":30,"target":33},{"cost":0,"weight":797,"source":2,"target":21},{"cost":0,"weight":614,"source":35,"target":14},{"cost":0,"weight":788,"source":6,"target":7},{"cost":0,"weight":585,"source":23,"target":35},{"cost":0,"weight":383,"source":2,"target":26},{"cost":0,"weight":903,"source":4,"target":34},{"cost":0,"weight":949,"source":15,"target":27},{"cost":0,"weight":298,"source":1,"target":10},{"cost":0,"weight":857,"source":19,"target":34},{"cost":0,"weight":840,"source":20,"target":17},{"cost":0,"weight":684,"source":35,"target":38},{"cost":0,"weight":221,"source":28,"target":3},{"cost":0,"weight":288,"source":2,"target":12},{"cost":0,"weight":455,"source":21,"target":27},{"cost":0,"weight":410,"source":6,"target":20},{"cost":0,"weight":200,"source":36,"target":30},{"cost":0,"weight":182,"source":32,"target":26},{"cost":0,"weight":328,"source":33,"target":23},{"cost":0,"weight":14,"source":37,"target":33},{"cost":0,"weight":703,"source":19,"target":22},{"cost":0,"weight":927,"source":19,"target":6},{"cost":0,"weight":484,"source":11,"target":27},{"cost":0,"weight":378,"source":6,"target":30},{"cost":0,"weight":127,"source":15,"target":13},{"cost":0,"weight":156,"source":1,"target":21},{"cost":0,"weight":206,"source":31,"target":15},{"cost":0,"weight":294,"source":0,"target":12},{"cost":0,"weight":827,"source":4,"target":27},{"cost":0,"weight":495,"source":9,"target":14},{"cost":0,"weight":283,"source":4,"target":7},{"cost":0,"weight":840,"source":11,"target":39},{"cost":0,"weight":498,"source":35,"target":1},{"cost":0,"weight":218,"source":14,"target":18},{"cost":0,"weight":391,"source":35,"target":31},{"cost":0,"weight":403,"source":26,"target":5},{"cost":0,"weight":92,"source":28,"target":31},{"cost":0,"weight":76,"source":20,"target":11},{"cost":0,"weight":923,"source":22,"target":0},{"cost":0,"weight":828,"source":3,"target":14},{"cost":0,"weight":314,"source":19,"target":12},{"cost":0,"weight":81,"source":17,"target":22},{"cost":0,"weight":190,"source":37,"target":35},{"cost":0,"weight":903,"source":6,"target":4},{"cost":0,"weight":858,"source":5,"target":3},{"cost":0,"weight":839,"source":21,"target":10},{"cost":0,"weight":308,"source":4,"target":0},{"cost":0,"weight":39,"source":25,"target":1},{"cost":0,"weight":636,"source":16,"target":3},{"cost":0,"weight":808,"source":8,"target":35},{"cost":0,"weight":777,"source":39,"target":12},{"cost":0,"weight":814,"source":19,"target":4},{"cost":0,"weight":776,"source":37,"target":14},{"cost":0,"weight":905,"source":10,"target":4},{"cost":0,"weight":72,"source":34,"target":2},{"cost":0,"weight":786,"source":16,"target":17},{"cost":0,"weight":147,"source":17,"target":12},{"cost":0,"weight":141,"source":21,"target":29},{"cost":0,"weight":950,"source":28,"target":17},{"cost":0,"weight":838,"source":32,"target":38},{"cost":0,"weight":565,"source":19,"target":8},{"cost":0,"weight":737,"source":26,"target":18},{"cost":0,"weight":909,"source":27,"target":2},{"cost":0,"weight":477,"source":14,"target":28},{"cost":0,"weight":325,"source":35,"target":23},{"cost":0,"weight":799,"source":12,"target":15},{"cost":0,"weight":971,"source":25,"target":6},{"cost":0,"weight":583,"source":13,"target":14},{"cost":0,"weight":112,"source":3,"target":1},{"cost":0,"weight":482,"source":24,"target":14},{"cost":0,"weight":269,"source":18,"target":19},{"cost":0,"weight":484,"source":27,"target":9},{"cost":0,"weight":992,"source":1,"target":7},{"cost":0,"weight":345,"source":38,"target":8},{"cost":0,"weight":894,"source":11,"target":6},{"cost":0,"weight":799,"source":33,"target":36},{"cost":0,"weight":750,"source":18,"target":28},{"cost":0,"weight":578,"source":13,"target":1},{"cost":0,"weight":737,"source":36,"target":8},{"cost":0,"weight":342,"source":24,"target":31},{"cost":0,"weight":423,"source":18,"target":6},{"cost":0,"weight":887,"source":23,"target":27},{"cost":0,"weight":573,"source":13,"target":37},{"cost":0,"weight":336,"source":37,"target":5},{"cost":0,"weight":372,"source":6,"target":28},{"cost":0,"weight":42,"source":29,"target":24},{"cost":0,"weight":556,"source":10,"target":7},{"cost":0,"weight":144,"source":16,"target":32},{"cost":0,"weight":244,"source":33,"target":25},{"cost":0,"weight":461,"source":31,"target":20},{"cost":0,"weight":358,"source":13,"target":25},{"cost":0,"weight":187,"source":4,"target":32},{"cost":0,"weight":52,"source":27,"target":21},{"cost":0,"weight":545,"source":4,"target":14},{"cost":0,"weight":519,"source":30,"target":10},{"cost":0,"weight":715,"source":7,"target":37},{"cost":0,"weight":913,"source":14,"target":21},{"cost":0,"weight":989,"source":1,"target":36},{"cost":0,"weight":412,"source":18,"target":16},{"cost":0,"weight":121,"source":34,"target":19},{"cost":0,"weight":821,"source":18,"target":35},{"cost":0,"weight":482,"source":29,"target":18},{"cost":0,"weight":554,"source":22,"target":32},{"cost":0,"weight":180,"source":14,"target":3},{"cost":0,"weight":87,"source":37,"target":6},{"cost":0,"weight":137,"source":5,"target":6},{"cost":0,"weight":840,"source":27,"target":11},{"cost":0,"weight":185,"source":35,"target":26},{"cost":0,"weight":749,"source":27,"target":1},{"cost":0,"weight":193,"source":26,"target":29},{"cost":0,"weight":864,"source":31,"target":1},{"cost":0,"weight":357,"source":11,"target":23},{"cost":0,"weight":125,"source":11,"target":31},{"cost":0,"weight":864,"source":10,"target":20},{"cost":0,"weight":138,"source":23,"target":29},{"cost":0,"weight":392,"source":35,"target":36},{"cost":0,"weight":487,"source":38,"target":2},{"cost":0,"weight":108,"source":0,"target":17},{"cost":0,"weight":376,"source":27,"target":6},{"cost":0,"weight":185,"source":18,"target":4},{"cost":0,"weight":692,"source":27,"target":13},{"cost":0,"weight":392,"source":21,"target":5},{"cost":0,"weight":72,"source":32,"target":37},{"cost":0,"weight":914,"source":14,"target":38},{"cost":0,"weight":235,"source":1,"target":9},{"cost":0,"weight":478,"source":39,"target":21},{"cost":0,"weight":207,"source":9,"target":11},{"cost":0,"weight":207,"source":31,"target":28},{"cost":0,"weight":152,"source":13,"target":23}],"graph":{"S":0,"T":10},"multigraph":false}