{"directed":true,"nodes":[{"id":0},{"id":1},{"id":2},{"id":3},{"id":4},{"id":5},{"id":6},{"id":7},{"id":8},{"id":9},{"id":10},{"id":11},{"id":12},{"id":13},{"id":14},{"id":15},{"id":16},{"id":17},{"id":18},{"id":19},{"id":20},{"id":21},{"id":22},{"id":23},{"id":24},{"id":25},{"id":26},{"id":27},{"id":28},{"id":29},{"id":30},{"id":31},{"id":32},{"id":33},{"id":34},{"id":35},{"id":36},{"id":37},{"id":38},{"id":39}],"links":[{"cost":0,"weight":217,"source":16,"target":26},{"cost":0,"weight":244,"source":18,"target":34},{"cost":0,"weight":390,"source":3,"target":38},{"cost":0,"weight":321,"source":15,"target":21},{"cost":0,"weight":415,"source":35,"target":9},{"cost":0,"weight":630,"source":16,"target":29},{"cost":0,"weight":790,"source":31,"target":19},{"cost":0,"weight":951,"source":1,"target":4},{"cost":0,"weight":425,"source":5,"target":21},{"cost":0,"weight":640,"source":37,"target":6},{"cost":0,"weight":338,"source":28,"target":23},{"cost":0,"weight":385,"source":32,"target":4},{"cost":0,"weight":934,"source":12,"target":20},{"cost":0,"weight":81,"source":32,"target":22},{"cost":0,"weight":49,"source":16,"target":11},{"cost":0,"weight":641,"source":7,"target":4},{"cost":0,"weight":57,"source":32,"target":21},{"cost":0,"weight":295,"source":21,"target":3},{"cost":0,"weight":439,"source":0,"target":8},{"cost":0,"weight":384,"source":3,"target":21},{"cost":0,"weight":805,"source":4,"target":8},{"cost":0,"weight":981,"source":9,"target":26},{"cost":0,"weight":155,"source":4,"target":25},{"cost":0,"weight":896,"source":6,"target":29},{"cost":0,"weight":84,"source":5,"target":20},{"cost":0,"weight":863,"source":29,"target":12},{"cost":0,"weight":368,"source":18,"target":20},{"cost":0,"weight":593,"source":4,"target":13},{"cost":0,"weight":578,"source":17,"target":36},{"cost":0,"weight":206,"source":17,"target":34},{"cost":0,"weight":934,"source":18,"target":39},{"cost":0,"weight":871,"source":21,"target":25},{"cost":0,"weight":23,"source":26,"target":11},{"cost":0,"weight":78,"source":26,"target":35},{"cost":0,"weight":446,"source":38,"target":34},{"cost":0,"weight":820,"source":33,"target":15},{"cost":0,"weight":78,"source":27,"target":39},{"cost":0,"weight":317,"source":11,"target":18},{"cost":0,"weight":539,"source":2,"target":18},{"cost":0,"weight":139,"source":18,"target":28},{"cost":0,"weight":441,"source":24,"target":15},{"cost":0,"weight":903,"source":24,"target":10},{"cost":0,"weight":164,"source":20,"target":17},{"cost":0,"weight":613,"source":5,"target":4},{"cost":0,"weight":407,"source":10,"target":7},{"cost":0,"weight":699,"source":30,"target":3},{"cost":0,"weight":472,"source":4,"target":9},{"cost":0,"weight":649,"source":24,"target":25},{"cost":0,"weight":541,"source":24,"target":1},{"cost":0,"weight":918,"source":37,"target":20},{"cost":0,"weight":694,"source":13,"target":32},{"cost":0,"weight":185,"source":5,"target":0},{"cost":0,"weight":211,"source":23,"target":12},{"cost":0,"weight":830,"source":29,"target":16},{"cost":0,"weight":849,"source":18,"target":3},{"cost":0,"weight":900,"source":29,"target":17},{"cost":0,"weight":365,"source":19,"target":22},{"cost":0,"weight":70,"source":19,"target":12},{"cost":0,"weight":641,"source":25,"target":13},{"cost":0,"weight":302,"source":22,"target":37},{"cost":0,"weight":416,"source":35,"target":27},{"cost":0,"weight":694,"source":21,"target":36},{"cost":0,"weight":773,"source":19,"target":30},{"cost":0,"weight":540,"source":1,"target":3},{"cost":0,"weight":842,"source":9,"target":38},{"cost":0,"weight":860,"source":4,"target":38},{"cost":0,"weight":891,"source":29,"target":11},{"cost":0,"weight":356,"source":2,"target":9},{"cost":0,"weight":563,"source":24,"target":0},{"cost":0,"weight":903,"source":12,"target":23},{"cost":0,"weight":819,"source":0,"target":12},{"cost":0,"weight":121,"source":3,"target":12},{"cost":0,"weight":363,"source":38,"target":26},{"cost":0,"weight":709,"source":28,"target":4},{"cost":0,"weight":785,"source":23,"target":11},{"cost":0,"weight":530,"source":17,"target":10},{"cost":0,"weight":807,"source":18,"target":25},{"cost":0,"weight":712,"source":36,"target":26},{"cost":0,"weight":242,"source":36,"target":35},{"cost":0,"weight":620,"source":39,"target":15},{"cost":0,"weight":456,"source":33,"target":19},{"cost":0,"weight":28,"source":17,"target":0},{"cost":0,"weight":449,"source":22,"target":1},{"cost":0,"weight":600,"source":1,"target":39},{"cost":0,"weight":565,"source":20,"target":13},{"cost":0,"weight":853,"source":10,"target":8},{"cost":0,"weight":816,"source":5,"target":36},{"cost":0,"weight":764,"source":18,"target":37},{"cost":0,"weight":687,"source":28,"target":11},{"cost":0,"weight":537,"source":21,"target":8},{"cost":0,"weight":933,"source":37,"target":23},{"cost":0,"weight":162,"source":36,"target":2},{"cost":0,"weight":835,"source":17,"target":4},{"cost":0,"weight":315,"source":17,"target":32},{"cost":0,"weight":371,"source":10,"target":24},{"cost":0,"weight":485,"source":17,"target":37},{"cost":0,"weight":879,"source":7,"target":8},{"cost":0,"weight":152,"source":37,"target":10},{"cost":0,"weight":925,"source":7,"target":2},{"cost":0,"weight":366,"source":21,"target":13},{"cost":0,"weight":127,"source":19,"target":38},{"cost":0,"weight":62,"source":13,"target":36},{"cost":0,"weight":42,"source":36,"target":9},{"cost":0,"weight":786,"source":4,"target":12},{"cost":0,"weight":737,"source":12,"target":31},{"cost":0,"weight":517,"source":39,"target":10},{"cost":0,"weight":882,"source":0,"target":20},{"cost":0,"weight":256,"source":35,"target":24},{"cost":0,"weight":48,"source":14,"target":29},{"cost":0,"weight":600,"source":8,"target":6},{"cost":0,"weight":632,"source":10,"target":14},{"cost":0,"weight":118,"source":16,"target":37},{"cost":0,"weight":351,"source":15,"target":29},{"cost":0,"weight":538,"source":0,"target":33},{"cost":0,"weight":631,"source":7,"target":27},{"cost":0,"weight":174,"source":24,"target":37},{"cost":0,"weight":566,"source":20,"target":3},{"cost":0,"weight":704,"source":34,"target":21},{"cost":0,"weight":995,"source":32,"target":24},{"cost":0,"weight":625,"source":37,"target":16},{"cost":0,"weight":55,"source":32,"target":3},{"cost":0,"weight":167,"source":23,"target":25},{"cost":0,"weight":902,"source":25,"target":35},{"cost":0,"weight":908,"source":16,"target":14},{"cost":0,"weight":931,"source":19,"target":5},{"cost":0,"weight":745,"source":20,"target":38},{"cost":0,"weight":87,"source":33,"target":27},{"cost":0,"weight":384,"source":23,"target":9},{"cost":0,"weight":340,"source":8,"target":14},{"cost":0,"weight":356,"source":8,"target":3},{"cost":0,"weight":604,"source":15,"target":20},{"cost":0,"weight":804,"source":26,"target":4},{"cost":0,"weight":140,"source":0,"target":10},{"cost":0,"weight":667,"source":1,"target":37},{"cost":0,"weight":192,"source":36,"target":10},{"cost":0,"weight":457,"source":3,"target":0},{"cost":0,"weight":314,"source":18,"target":1},{"cost":0,"weight":975,"source":8,"target":0},{"cost":0,"weight":699,"source":19,"target":36},{"cost":0,"weight":309,"source":9,"target":13},{"cost":0,"weight":198,"source":0,"target":1},{"cost":0,"weight":443,"source":23,"target":35},{"cost":0,"weight":551,"source":13,"target":0},{"cost":0,"weight":87,"source":27,"target":36},{"cost":0,"weight":110,"source":19,"target":4},{"cost":0,"weight":493,"source":12,"target":3},{"cost":0,"weight":395,"source":19,"target":1},{"cost":0,"weight":173,"source":36,"target":24},{"cost":0,"weight":572,"source":24,"target":27},{"cost":0,"weight":880,"source":34,"target":25},{"cost":0,"weight":622,"source":26,"target":9},{"cost":0,"weight":818,"source":16,"target":36},{"cost":0,"weight":787,"source":38,"target":17},{"cost":0,"weight":423,"source":25,"target":36},{"cost":0,"weight":539,"source":2,"target":4},{"cost":0,"weight":890,"source":34,"target":6},{"cost":0,"weight":912,"source":34,"target":36},{"cost":0,"weight":671,"source":33,"target":26},{"cost":0,"weight":286,"source":5,"target":26},{"cost":0,"weight":520,"source":18,"target":33}],"graph":{"S":0,"T":10},"multigraph":false}