{"directed":true,"nodes":[{"id":0},{"id":1},{"id":2},{"id":3},{"id":4},{"id":5},{"id":6},{"id":7},{"id":8},{"id":9},{"id":10},{"id":11},{"id":12},{"id":13},{"id":14},{"id":15},{"id":16},{"id":17},{"id":18},{"id":19},{"id":20},{"id":21},{"id":22},{"id":23},{"id":24},{"id":25},{"id":26},{"id":27},{"id":28},{"id":29},{"id":30},{"id":31},{"id":32},{"id":33},{"id":34},{"id":35},{"id":36},{"id":37},{"id":38},{"id":39}],"links":[{"cost":0,"weight":180,"source":36,"target":16},{"cost":0,"weight":743,"source":35,"target":11},{"cost":0,"weight":595,"source":17,"target":37},{"cost":0,"weight":918,"source":37,"target":4},{"cost":0,"weight":287,"source":24,"target":27},{"cost":0,"weight":826,"source":24,"target":36},{"cost":0,"weight":275,"source":32,"target":37},{"cost":0,"weight":516,"source":35,"target":31},{"cost":0,"weight":116,"source":32,"target":34},{"cost":0,"weight":676,"source":8,"target":0},{"cost":0,"weight":749,"source":16,"target":11},{"cost":0,"weight":737,"source":33,"target":38},{"cost":0,"weight":29,"source":20,"target":28},{"cost":0,"weight":545,"source":22,"target":38},{"cost":0,"weight":823,"source":10,"target":24},{"cost":0,"weight":463,"source":5,"target":30},{"cost":0,"weight":395,"source":34,"target":13},{"cost":0,"weight":68,"source":19,"target":34},{"cost":0,"weight":753,"source":21,"target":33},{"cost":0,"weight":48,"source":30,"target":31},{"cost":0,"weight":974,"source":14,"target":0},{"cost":0,"weight":307,"source":37,"target":26},{"cost":0,"weight":531,"source":6,"target":19},{"cost":0,"weight":968,"source":31,"target":28},{"cost":0,"weight":829,"source":36,"target":39},{"cost":0,"weight":869,"source":16,"target":39},{"cost":0,"weight":409,"source":2,"target":25},{"cost":0,"weight":157,"source":8,"target":30},{"cost":0,"weight":467,"source":0,"target":11},{"cost":0,"weight":342,"source":4,"target":29},{"cost":0,"weight":480,"source":30,"target":29},{"cost":0,"weight":613,"source":36,"target":13},{"cost":0,"weight":374,"source":20,"target":25},{"cost":0,"weight":703,"source":10,"target":26},{"cost":0,"weight":901,"source":25,"target":31},{"cost":0,"weight":713,"source":34,"target":29},{"cost":0,"weight":429,"source":13,"target":28},{"cost":0,"weight":262,"source":6,"target":28},{"cost":0,"weight":166,"source":30,"target":27},{"cost":0,"weight":612,"source":5,"target":15},{"cost":0,"weight":825,"source":20,"target":19},{"cost":0,"weight":881,"source":19,"target":10},{"cost":0,"weight":245,"source":16,"target":20},{"cost":0,"weight":244,"source":28,"target":26},{"cost":0,"weight":831,"source":31,"target":14},{"cost":0,"weight":887,"source":26,"target":38},{"cost":0,"weight":156,"source":4,"target":1},{"cost":0,"weight":597,"source":7,"target":4},{"cost":0,"weight":554,"source":27,"target":3},{"cost":0,"weight":308,"source":36,"target":4},{"cost":0,"weight":488,"source":11,"target":33},{"cost":0,"weight":893,"source":39,"target":13},{"cost":0,"weight":705,"source":35,"target":21},{"cost":0,"weight":602,"source":27,"target":2},{"cost":0,"weight":640,"source":21,"target":0},{"cost":0,"weight":435,"source":1,"target":9},{"cost":0,"weight":992,"source":23,"target":5},{"cost":0,"weight":16,"source":5,"target":8},{"cost":0,"weight":995,"source":22,"target":26},{"cost":0,"weight":281,"source":4,"target":28},{"cost":0,"weight":124,"source":13,"target":27},{"cost":0,"weight":724,"source":24,"target":31},{"cost":0,"weight":405,"source":12,"target":5},{"cost":0,"weight":447,"source":14,"target":29},{"cost":0,"weight":239,"source":39,"target":4},{"cost":0,"weight":347,"source":6,"target":33},{"cost":0,"weight":517,"source":34,"target":21},{"cost":0,"weight":980,"source":11,"target":35},{"cost":0,"weight":779,"source":3,"target":19},{"cost":0,"weight":836,"source":22,"target":16},{"cost":0,"weight":10,"source":36,"target":15},{"cost":0,"weight":649,"source":14,"target":25},{"cost":0,"weight":502,"source":25,"target":21},{"cost":0,"weight":149,"source":24,"target":16},{"cost":0,"weight":437,"source":26,"target":39},{"cost":0,"weight":417,"source":17,"target":22},{"cost":0,"weight":576,"source":26,"target":13},{"cost":0,"weight":251,"source":24,"target":21},{"cost":0,"weight":474,"source":5,"target":37},{"cost":0,"weight":64,"source":10,"target":7},{"cost":0,"weight":148,"source":38,"target":36},{"cost":0,"weight":971,"source":23,"target":34},{"cost":0,"weight":538,"source":37,"target":25},{"cost":0,"weight":16,"source":18,"target":8},{"cost":0,"weight":837,"source":24,"target":18},{"cost":0,"weight":262,"source":33,"target":30},{"cost":0,"weight":991,"source":4,"target":9},{"cost":0,"weight":857,"source":29,"target":38},{"cost":0,"weight":849,"source":18,"target":25},{"cost":0,"weight":415,"source":20,"target":32},{"cost":0,"weight":50,"source":37,"target":35},{"cost":0,"weight":484,"source":4,"target":10},{"cost":0,"weight":91,"source":6,"target":38},{"cost":0,"weight":357,"source":24,"target":8},{"cost":0,"weight":76,"source":2,"target":10},{"cost":0,"weight":820,"source":22,"target":34},{"cost":0,"weight":50,"source":27,"target":24},{"cost":0,"weight":177,"source":6,"target":20},{"cost":0,"weight":142,"source":4,"target":26},{"cost":0,"weight":870,"source":23,"target":27},{"cost":0,"weight":441,"source":18,"target":15},{"cost":0,"weight":935,"source":27,"target":9},{"cost":0,"weight":808,"source":6,"target":27},{"cost":0,"weight":647,"source":35,"target":38},{"cost":0,"weight":587,"source":7,"target":1},{"cost":0,"weight":65,"source":37,"target":27},{"cost":0,"weight":297,"source":5,"target":14},{"cost":0,"weight":157,"source":9,"target":28},{"cost":0,"weight":415,"source":16,"target":4},{"cost":0,"weight":324,"source":36,"target":25},{"cost":0,"weight":863,"source":7,"target":23},{"cost":0,"weight":98,"source":1,"target":35},{"cost":0,"weight":113,"source":36,"target":35},{"cost":0,"weight":669,"source":11,"target":18},{"cost":0,"weight":581,"source":29,"target":22},{"cost":0,"weight":232,"source":25,"target":29},{"cost":0,"weight":800,"source":32,"target":25},{"cost":0,"weight":575,"source":7,"target":33},{"cost":0,"weight":373,"source":29,"target":21},{"cost":0,"weight":900,"source":26,"target":12},{"cost":0,"weight":772,"source":22,"target":37},{"cost":0,"weight":332,"source":4,"target":2},{"cost":0,"weight":258,"source":19,"target":37},{"cost":0,"weight":866,"source":29,"target":11},{"cost":0,"weight":238,"source":25,"target":20},{"cost":0,"weight":826,"source":8,"target":12},{"cost":0,"weight":769,"source":32,"target":26},{"cost":0,"weight":521,"source":31,"target":8},{"cost":0,"weight":94,"source":18,"target":3},{"cost":0,"weight":531,"source":36,"target":22},{"cost":0,"weight":567,"source":5,"target":0},{"cost":0,"weight":88,"source":31,"target":10},{"cost":0,"weight":623,"source":31,"target":16},{"cost":0,"weight":288,"source":37,"target":30},{"cost":0,"weight":697,"source":27,"target":5},{"cost":0,"weight":689,"source":39,"target":3},{"cost":0,"weight":148,"source":36,"target":28},{"cost":0,"weight":201,"source":12,"target":15},{"cost":0,"weight":578,"source":18,"target":2},{"cost":0,"weight":457,"source":25,"target":19},{"cost":0,"weight":209,"source":9,"target":29},{"cost":0,"weight":654,"source":24,"target":5},{"cost":0,"weight":726,"source":15,"target":0},{"cost":0,"weight":394,"source":10,"target":16},{"cost":0,"weight":748,"source":25,"target":12},{"cost":0,"weight":927,"source":13,"target":16},{"cost":0,"weight":25,"source":9,"target":15},{"cost":0,"weight":72,"source":12,"target":21},{"cost":0,"weight":658,"source":17,"target":26},{"cost":0,"weight":304,"source":8,"target":1},{"cost":0,"weight":244,"source":22,"target":14},{"cost":0,"weight":43,"source":15,"target":32},{"cost":0,"weight":772,"source":37,"target":39},{"cost":0,"weight":932,"source":23,"target":31},{"cost":0,"weight":208,"source":28,"target":30},{"cost":0,"weight":356,"source":36,"target":21},{"cost":0,"weight":67,"source":6,"target":2},{"cost":0,"weight":428,"source":38,"target":4},{"cost":0,"weight":341,"source":7,"target":37},{"cost":0,"weight":670,"source":11,"target":15}],"graph":{"S":0,"T":10},"multigraph":false}