{"directed":true,"nodes":[{"id":0},{"id":1},{"id":2},{"id":3},{"id":4},{"id":5},{"id":6},{"id":7},{"id":8},{"id":9},{"id":10},{"id":11},{"id":12},{"id":13},{"id":14},{"id":15},{"id":16},{"id":17},{"id":18},{"id":19},{"id":20},{"id":21},{"id":22},{"id":23},{"id":24},{"id":25},{"id":26},{"id":27},{"id":28},{"id":29},{"id":30},{"id":31},{"id":32},{"id":33},{"id":34},{"id":35},{"id":36},{"id":37},{"id":38},{"id":39}],"links":[{"cost":0,"weight":980,"source":28,"target":27},{"cost":0,"weight":256,"source":16,"target":18},{"cost":0,"weight":385,"source":17,"target":18},{"cost":0,"weight":350,"source":8,"target":12},{"cost":0,"weight":696,"source":22,"target":27},{"cost":0,"weight":479,"source":21,"target":31},{"cost":0,"weight":251,"source":9,"target":26},{"cost":0,"weight":108,"source":13,"target":10},{"cost":0,"weight":491,"source":2,"target":4},{"cost":0,"weight":625,"source":8,"target":14},{"cost":0,"weight":495,"source":35,"target":22},{"cost":0,"weight":106,"source":20,"target":23},{"cost":0,"weight":12,"source":5,"target":34},{"cost":0,"weight":461,"source":22,"target":7},{"cost":0,"weight":971,"source":14,"target":2},{"cost":0,"weight":812,"source":5,"target":33},{"cost":0,"weight":382,"source":10,"target":30},{"cost":0,"weight":19,"source":9,"target":29},{"cost":0,"weight":755,"source":22,"target":30},{"cost":0,"weight":816,"source":29,"target":35},{"cost":0,"weight":865,"source":10,"target":8},{"cost":0,"weight":551,"source":39,"target":12},{"cost":0,"weight":964,"source":20,"target":38},{"cost":0,"weight":588,"source":21,"target":22},{"cost":0,"weight":272,"source":10,"target":26},{"cost":0,"weight":968,"source":27,"target":32},{"cost":0,"weight":344,"source":21,"target":27},{"cost":0,"weight":868,"source":38,"target":31},{"cost":0,"weight":767,"source":26,"target":20},{"cost":0,"weight":917,"source":23,"target":20},{"cost":0,"weight":22,"source":34,"target":30},{"cost":0,"weight":822,"source":35,"target":21},{"cost":0,"weight":800,"source":30,"target":22},{"cost":0,"weight":273,"source":33,"target":20},{"cost":0,"weight":571,"source":9,"target":24},{"cost":0,"weight":494,"source":0,"target":14},{"cost":0,"weight":549,"source":19,"target":26},{"cost":0,"weight":625,"source":8,"target":11},{"cost":0,"weight":521,"source":25,"target":30},{"cost":0,"weight":392,"source":21,"target":38},{"cost":0,"weight":927,"source":2,"target":37},{"cost":0,"weight":952,"source":21,"target":29},{"cost":0,"weight":63,"source":25,"target":5},{"cost":0,"weight":223,"source":30,"target":23},{"cost":0,"weight":251,"source":7,"target":10},{"cost":0,"weight":376,"source":7,"target":39},{"cost":0,"weight":345,"source":39,"target":8},{"cost":0,"weight":708,"source":27,"target":9},{"cost":0,"weight":980,"source":27,"target":2},{"cost":0,"weight":178,"source":30,"target":4},{"cost":0,"weight":328,"source":17,"target":24},{"cost":0,"weight":293,"source":16,"target":38},{"cost":0,"weight":146,"source":36,"target":14},{"cost":0,"weight":589,"source":16,"target":20},{"cost":0,"weight":556,"source":5,"target":12},{"cost":0,"weight":627,"source":0,"target":34},{"cost":0,"weight":266,"source":24,"target":33},{"cost":0,"weight":220,"source":10,"target":31},{"cost":0,"weight":245,"source":37,"target":34},{"cost":0,"weight":403,"source":33,"target":30},{"cost":0,"weight":114,"source":32,"target":8},{"cost":0,"weight":176,"source":3,"target":38},{"cost":0,"weight":801,"source":37,"target":9},{"cost":0,"weight":854,"source":0,"target":37},{"cost":0,"weight":221,"source":8,"target":30},{"cost":0,"weight":646,"source":27,"target":0},{"cost":0,"weight":862,"source":34,"target":5},{"cost":0,"weight":717,"source":38,"target":25},{"cost":0,"weight":933,"source":37,"target":12},{"cost":0,"weight":545,"source":29,"target":38},{"cost":0,"weight":586,"source":39,"target":11},{"cost":0,"weight":869,"source":29,"target":10},{"cost":0,"weight":166,"source":26,"target":28},{"cost":0,"weight":330,"source":21,"target":18},{"cost":0,"weight":939,"source":12,"target":10},{"cost":0,"weight":774,"source":26,"target":14},{"cost":0,"weight":235,"source":18,"target":3},{"cost":0,"weight":418,"source":33,"target":1},{"cost":0,"weight":734,"source":39,"target":4},{"cost":0,"weight":408,"source":6,"target":39},{"cost":0,"weight":465,"source":27,"target":15},{"cost":0,"weight":284,"source":33,"target":19},{"cost":0,"weight":963,"source":22,"target":35},{"cost":0,"weight":737,"source":24,"target":18},{"cost":0,"weight":625,"source":36,"target":1},{"cost":0,"weight":536,"source":7,"target":31},{"cost":0,"weight":133,"source":11,"target":6},{"cost":0,"weight":224,"source":23,"target":26},{"cost":0,"weight":626,"source":7,"target":34},{"cost":0,"weight":505,"source":14,"target":11},{"cost":0,"weight":826,"source":14,"target":5},{"cost":0,"weight":905,"source":39,"target":6},{"cost":0,"weight":875,"source":16,"target":6},{"cost":0,"weight":859,"source":38,"target":28},{"cost":0,"weight":761,"source":31,"target":6},{"cost":0,"weight":743,"source":34,"target":37},{"cost":0,"weight":891,"source":0,"target":36},{"cost":0,"weight":904,"source":16,"target":36},{"cost":0,"weight":414,"source":15,"target":20},{"cost":0,"weight":972,"source":32,"target":7},{"cost":0,"weight":348,"source":3,"target":29},{"cost":0,"weight":583,"source":5,"target":17},{"cost":0,"weight":924,"source":8,"target":36},{"cost":0,"weight":986,"source":35,"target":13},{"cost":0,"weight":300,"source":4,"target":2},{"cost":0,"weight":98,"source":8,"target":1},{"cost":0,"weight":865,"source":17,"target":7},{"cost":0,"weight":220,"source":12,"target":21},{"cost":0,"weight":507,"source":29,"target":7},{"cost":0,"weight":360,"source":32,"target":13},{"cost":0,"weight":280,"source":27,"target":28},{"cost":0,"weight":153,"source":35,"target":0},{"cost":0,"weight":258,"source":27,"target":20},{"cost":0,"weight":723,"source":38,"target":19},{"cost":0,"weight":778,"source":23,"target":11},{"cost":0,"weight":654,"source":27,"target":25},{"cost":0,"weight":35,"source":26,"target":16},{"cost":0,"weight":521,"source":15,"target":7},{"cost":0,"weight":545,"source":34,"target":4},{"cost":0,"weight":282,"source":14,"target":31},{"cost":0,"weight":993,"source":30,"target":0},{"cost":0,"weight":706,"source":39,"target":16},{"cost":0,"weight":393,"source":2,"target":21},{"cost":0,"weight":712,"source":25,"target":7},{"cost":0,"weight":452,"source":21,"target":32},{"cost":0,"weight":443,"source":1,"target":39},{"cost":0,"weight":676,"source":30,"target":35},{"cost":0,"weight":235,"source":4,"target":7},{"cost":0,"weight":868,"source":19,"target":35},{"cost":0,"weight":640,"source":4,"target":8},{"cost":0,"weight":309,"source":21,"target":34},{"cost":0,"weight":739,"source":14,"target":30},{"cost":0,"weight":890,"source":11,"target":7},{"cost":0,"weight":641,"source":16,"target":0},{"cost":0,"weight":599,"source":3,"target":36},{"cost":0,"weight":785,"source":27,"target":4},{"cost":0,"weight":884,"source":7,"target":28},{"cost":0,"weight":193,"source":37,"target":23},{"cost":0,"weight":653,"source":14,"target":9},{"cost":0,"weight":625,"source":1,"target":19},{"cost":0,"weight":746,"source":16,"target":2},{"cost":0,"weight":626,"source":29,"target":1},{"cost":0,"weight":918,"source":14,"target":17},{"cost":0,"weight":204,"source":8,"target":9},{"cost":0,"weight":584,"source":3,"target":26},{"cost":0,"weight":84,"source":36,"target":26},{"cost":0,"weight":719,"source":20,"target":33},{"cost":0,"weight":783,"source":30,"target":7},{"cost":0,"weight":159,"source":19,"target":1},{"cost":0,"weight":163,"source":34,"target":8},{"cost":0,"weight":503,"source":17,"target":2},{"cost":0,"weight":606,"source":15,"target":33},{"cost":0,"weight":529,"source":10,"target":27},{"cost":0,"weight":533,"source":29,"target":18},{"cost":0,"weight":915,"source":29,"target":37},{"cost":0,"weight":136,"source":38,"target":22},{"cost":0,"weight":794,"source":34,"target":7},{"cost":0,"weight":296,"source":12,"target":6},{"cost":0,"weight":961,"source":1,"target":36},{"cost":0,"weight":56,"source":37,"target":27}],"graph":{"S":0,"T":10},"multigraph":false}