{"directed":true,"nodes":[{"id":0},{"id":1},{"id":2},{"id":3},{"id":4},{"id":5},{"id":6},{"id":7},{"id":8},{"id":9},{"id":10},{"id":11},{"id":12},{"id":13},{"id":14},{"id":15},{"id":16},{"id":17},{"id":18},{"id":19},{"id":20},{"id":21},{"id":22},{"id":23},{"id":24},{"id":25},{"id":26},{"id":27},{"id":28},{"id":29},{"id":30},{"id":31},{"id":32},{"id":33},{"id":34},{"id":35},{"id":36},{"id":37},{"id":38},{"id":39}],"links":[{"cost":0,"weight":894,"source":11,"target":25},{"cost":0,"weight":746,"source":36,"target":16},{"cost":0,"weight":51,"source":8,"target":4},{"cost":0,"weight":224,"source":15,"target":4},{"cost":0,"weight":399,"source":3,"target":23},{"cost":0,"weight":542,"source":35,"target":9},{"cost":0,"weight":35,"source":29,"target":34},{"cost":0,"weight":875,"source":20,"target":29},{"cost":0,"weight":432,"source":3,"target":16},{"cost":0,"weight":443,"source":25,"target":8},{"cost":0,"weight":313,"source":37,"target":22},{"cost":0,"weight":23,"source":36,"target":2},{"cost":0,"weight":54,"source":7,"target":6},{"cost":0,"weight":292,"source":30,"target":34},{"cost":0,"weight":235,"source":13,"target":35},{"cost":0,"weight":504,"source":7,"target":12},{"cost":0,"weight":879,"source":10,"target":25},{"cost":0,"weight":50,"source":34,"target":22},{"cost":0,"weight":584,"source":20,"target":28},{"cost":0,"weight":914,"source":27,"target":25},{"cost":0,"weight":154,"source":15,"target":14},{"cost":0,"weight":912,"source":22,"target":27},{"cost":0,"weight":724,"source":28,"target":23},{"cost":0,"weight":527,"source":13,"target":1},{"cost":0,"weight":973,"source":22,"target":20},{"cost":0,"weight":97,"source":38,"target":17},{"cost":0,"weight":581,"source":34,"target":26},{"cost":0,"weight":815,"source":31,"target":21},{"cost":0,"weight":188,"source":16,"target":28},{"cost":0,"weight":280,"source":31,"target":28},{"cost":0,"weight":611,"source":18,"target":25},{"cost":0,"weight":456,"source":34,"target":18},{"cost":0,"weight":608,"source":7,"target":17},{"cost":0,"weight":378,"source":32,"target":24},{"cost":0,"weight":350,"source":37,"target":29},{"cost":0,"weight":594,"source":2,"target":31},{"cost":0,"weight":636,"source":9,"target":14},{"cost":0,"weight":320,"source":26,"target":29},{"cost":0,"weight":248,"source":20,"target":13},{"cost":0,"weight":806,"source":23,"target":10},{"cost":0,"weight":412,"source":20,"target":10},{"cost":0,"weight":56,"source":18,"target":28},{"cost":0,"weight":75,"source":11,"target":9},{"cost":0,"weight":579,"source":8,"target":14},{"cost":0,"weight":530,"source":1,"target":38},{"cost":0,"weight":76,"source":35,"target":31},{"cost":0,"weight":549,"source":33,"target":1},{"cost":0,"weight":879,"source":15,"target":7},{"cost":0,"weight":76,"source":18,"target":4},{"cost":0,"weight":154,"source":39,"target":28},{"cost":0,"weight":365,"source":12,"target":34},{"cost":0,"weight":834,"source":1,"target":35},{"cost":0,"weight":148,"source":13,"target":2},{"cost":0,"weight":769,"source":21,"target":11},{"cost":0,"weight":471,"source":39,"target":24},{"cost":0,"weight":26,"source":21,"target":34},{"cost":0,"weight":756,"source":32,"target":37},{"cost":0,"weight":677,"source":25,"target":19},{"cost":0,"weight":679,"source":30,"target":37},{"cost":0,"weight":781,"source":10,"target":31},{"cost":0,"weight":284,"source":29,"target":30},{"cost":0,"weight":56,"source":14,"target":0},{"cost":0,"weight":835,"source":3,"target":21},{"cost":0,"weight":121,"source":21,"target":24},{"cost":0,"weight":809,"source":18,"target":23},{"cost":0,"weight":977,"source":39,"target":22},{"cost":0,"weight":239,"source":28,"target":35},{"cost":0,"weight":247,"source":14,"target":23},{"cost":0,"weight":29,"source":25,"target":24},{"cost":0,"weight":233,"source":3,"target":5},{"cost":0,"weight":746,"source":11,"target":8},{"cost":0,"weight":381,"source":39,"target":25},{"cost":0,"weight":288,"source":14,"target":3},{"cost":0,"weight":98,"source":1,"target":14},{"cost":0,"weight":893,"source":0,"target":32},{"cost":0,"weight":917,"source":1,"target":3},{"cost":0,"weight":606,"source":37,"target":11},{"cost":0,"weight":872,"source":25,"target":2},{"cost":0,"weight":805,"source":31,"target":5},{"cost":0,"weight":137,"source":33,"target":23},{"cost":0,"weight":866,"source":30,"target":2},{"cost":0,"weight":466,"source":33,"target":24},{"cost":0,"weight":901,"source":11,"target":1},{"cost":0,"weight":672,"source":3,"target":38},{"cost":0,"weight":621,"source":30,"target":21},{"cost":0,"weight":196,"source":13,"target":11},{"cost":0,"weight":599,"source":23,"target":32},{"cost":0,"weight":175,"source":7,"target":23},{"cost":0,"weight":777,"source":10,"target":22},{"cost":0,"weight":260,"source":0,"target":10},{"cost":0,"weight":150,"source":1,"target":4},{"cost":0,"weight":783,"source":11,"target":20},{"cost":0,"weight":613,"source":37,"target":1},{"cost":0,"weight":102,"source":29,"target":21},{"cost":0,"weight":41,"source":9,"target":2},{"cost":0,"weight":342,"source":14,"target":24},{"cost":0,"weight":393,"source":11,"target":36},{"cost":0,"weight":393,"source":39,"target":2},{"cost":0,"weight":761,"source":19,"target":25},{"cost":0,"weight":978,"source":1,"target":39},{"cost":0,"weight":175,"source":5,"target":23},{"cost":0,"weight":353,"source":31,"target":29},{"cost":0,"weight":777,"source":14,"target":22},{"cost":0,"weight":554,"source":25,"target":4},{"cost":0,"weight":223,"source":23,"target":29},{"cost":0,"weight":370,"source":14,"target":6},{"cost":0,"weight":261,"source":11,"target":16},{"cost":0,"weight":724,"source":20,"target":39},{"cost":0,"weight":481,"source":11,"target":39},{"cost":0,"weight":940,"source":27,"target":17},{"cost":0,"weight":802,"source":27,"target":29},{"cost":0,"weight":546,"source":15,"target":22},{"cost":0,"weight":294,"source":5,"target":16},{"cost":0,"weight":966,"source":32,"target":0},{"cost":0,"weight":273,"source":17,"target":9},{"cost":0,"weight":282,"source":12,"target":16},{"cost":0,"weight":723,"source":29,"target":18},{"cost":0,"weight":137,"source":9,"target":10},{"cost":0,"weight":109,"source":26,"target":39},{"cost":0,"weight":865,"source":10,"target":6},{"cost":0,"weight":726,"source":9,"target":36},{"cost":0,"weight":401,"source":25,"target":38},{"cost":0,"weight":624,"source":3,"target":8},{"cost":0,"weight":497,"source":18,"target":34},{"cost":0,"weight":820,"source":23,"target":34},{"cost":0,"weight":429,"source":13,"target":39},{"cost":0,"weight":200,"source":13,"target":36},{"cost":0,"weight":319,"source":12,"target":9},{"cost":0,"weight":511,"source":33,"target":31},{"cost":0,"weight":615,"source":14,"target":19},{"cost":0,"weight":54,"source":27,"target":19},{"cost":0,"weight":496,"source":10,"target":8},{"cost":0,"weight":437,"source":4,"target":28},{"cost":0,"weight":106,"source":19,"target":32},{"cost":0,"weight":972,"source":33,"target":26},{"cost":0,"weight":113,"source":9,"target":4},{"cost":0,"weight":898,"source":19,"target":21},{"cost":0,"weight":891,"source":35,"target":33},{"cost":0,"weight":635,"source":23,"target":31},{"cost":0,"weight":729,"source":38,"target":2},{"cost":0,"weight":35,"source":14,"target":4},{"cost":0,"weight":101,"source":29,"target":38},{"cost":0,"weight":911,"source":30,"target":11},{"cost":0,"weight":305,"source":31,"target":11},{"cost":0,"weight":191,"source":39,"target":5},{"cost":0,"weight":549,"source":12,"target":28},{"cost":0,"weight":277,"source":18,"target":39},{"cost":0,"weight":404,"source":39,"target":4},{"cost":0,"weight":940,"source":6,"target":9},{"cost":0,"weight":240,"source":25,"target":1},{"cost":0,"weight":516,"source":27,"target":35},{"cost":0,"weight":796,"source":10,"target":30},{"cost":0,"weight":538,"source":22,"target":38},{"cost":0,"weight":202,"source":2,"target":36},{"cost":0,"weight":55,"source":5,"target":37},{"cost":0,"weight":428,"source":10,"target":17},{"cost":0,"weight":162,"source":1,"target":13},{"cost":0,"weight":334,"source":18,"target":27},{"cost":0,"weight":832,"source":2,"target":3},{"cost":0,"weight":457,"source":8,"target":38}],"graph":{"S":0,"T":10},"multigraph":false}