{"directed":true,"nodes":[{"id":0},{"id":1},{"id":2},{"id":3},{"id":4},{"id":5},{"id":6},{"id":7},{"id":8},{"id":9},{"id":10},{"id":11},{"id":12},{"id":13},{"id":14},{"id":15},{"id":16},{"id":17},{"id":18},{"id":19},{"id":20},{"id":21},{"id":22},{"id":23},{"id":24},{"id":25},{"id":26},{"id":27},{"id":28},{"id":29},{"id":30},{"id":31},{"id":32},{"id":33},{"id":34},{"id":35},{"id":36},{"id":37},{"id":38},{"id":39}],"links":[{"cost":0,"weight":18,"source":31,"target":32},{"cost":0,"weight":982,"source":34,"target":33},{"cost":0,"weight":466,"source":32,"target":24},{"cost":0,"weight":695,"source":9,"target":28},{"cost":0,"weight":598,"source":16,"target":38},{"cost":0,"weight":144,"source":26,"target":14},{"cost":0,"weight":54,"source":15,"target":0},{"cost":0,"weight":573,"source":35,"target":15},{"cost":0,"weight":540,"source":27,"target":0},{"cost":0,"weight":56,"source":15,"target":23},{"cost":0,"weight":813,"source":23,"target":19},{"cost":0,"weight":571,"source":8,"target":38},{"cost":0,"weight":350,"source":23,"target":38},{"cost":0,"weight":461,"source":8,"target":19},{"cost":0,"weight":989,"source":13,"target":25},{"cost":0,"weight":788,"source":4,"target":0},{"cost":0,"weight":502,"source":22,"target":11},{"cost":0,"weight":461,"source":31,"target":22},{"cost":0,"weight":221,"source":21,"target":31},{"cost":0,"weight":156,"source":11,"target":32},{"cost":0,"weight":500,"source":34,"target":30},{"cost":0,"weight":576,"source":19,"target":30},{"cost":0,"weight":37,"source":28,"target":37},{"cost":0,"weight":383,"source":37,"target":25},{"cost":0,"weight":838,"source":25,"target":33},{"cost":0,"weight":456,"source":31,"target":19},{"cost":0,"weight":374,"source":17,"target":15},{"cost":0,"weight":728,"source":25,"target":11},{"cost":0,"weight":611,"source":39,"target":16},{"cost":0,"weight":803,"source":13,"target":29},{"cost":0,"weight":305,"source":38,"target":20},{"cost":0,"weight":121,"source":10,"target":30},{"cost":0,"weight":220,"source":25,"target":37},{"cost":0,"weight":320,"source":12,"target":22},{"cost":0,"weight":620,"source":2,"target":1},{"cost":0,"weight":943,"source":9,"target":30},{"cost":0,"weight":55,"source":38,"target":6},{"cost":0,"weight":816,"source":34,"target":9},{"cost":0,"weight":475,"source":36,"target":2},{"cost":0,"weight":194,"source":12,"target":31},{"cost":0,"weight":273,"source":8,"target":35},{"cost":0,"weight":311,"source":26,"target":28},{"cost":0,"weight":447,"source":17,"target":0},{"cost":0,"weight":993,"source":1,"target":24},{"cost":0,"weight":879,"source":23,"target":31},{"cost":0,"weight":586,"source":1,"target":14},{"cost":0,"weight":795,"source":33,"target":8},{"cost":0,"weight":135,"source":35,"target":26},{"cost":0,"weight":358,"source":24,"target":19},{"cost":0,"weight":226,"source":39,"target":7},{"cost":0,"weight":454,"source":15,"target":28},{"cost":0,"weight":58,"source":15,"target":22},{"cost":0,"weight":919,"source":4,"target":12},{"cost":0,"weight":356,"source":39,"target":26},{"cost":0,"weight":158,"source":16,"target":14},{"cost":0,"weight":612,"source":29,"target":7},{"cost":0,"weight":792,"source":32,"target":6},{"cost":0,"weight":865,"source":19,"target":23},{"cost":0,"weight":406,"source":14,"target":39},{"cost":0,"weight":116,"source":39,"target":28},{"cost":0,"weight":89,"source":18,"target":21},{"cost":0,"weight":307,"source":32,"target":29},{"cost":0,"weight":459,"source":17,"target":33},{"cost":0,"weight":441,"source":31,"target":12},{"cost":0,"weight":785,"source":6,"target":36},{"cost":0,"weight":945,"source":27,"target":21},{"cost":0,"weight":106,"source":13,"target":3},{"cost":0,"weight":902,"source":35,"target":1},{"cost":0,"weight":458,"source":7,"target":34},{"cost":0,"weight":521,"source":9,"target":26},{"cost":0,"weight":642,"source":20,"target":15},{"cost":0,"weight":780,"source":20,"target":28},{"cost":0,"weight":659,"source":36,"target":19},{"cost":0,"weight":297,"source":12,"target":0},{"cost":0,"weight":555,"source":23,"target":30},{"cost":0,"weight":128,"source":20,"target":38},{"cost":0,"weight":731,"source":27,"target":9},{"cost":0,"weight":248,"source":22,"target":38},{"cost":0,"weight":434,"source":12,"target":4},{"cost":0,"weight":739,"source":38,"target":37},{"cost":0,"weight":26,"source":16,"target":9},{"cost":0,"weight":271,"source":2,"target":18},{"cost":0,"weight":928,"source":1,"target":20},{"cost":0,"weight":501,"source":3,"target":38},{"cost":0,"weight":450,"source":3,"target":31},{"cost":0,"weight":240,"source":28,"target":23},{"cost":0,"weight":669,"source":9,"target":13},{"cost":0,"weight":781,"source":16,"target":1},{"cost":0,"weight":744,"source":25,"target":2},{"cost":0,"weight":908,"source":29,"target":35},{"cost":0,"weight":290,"source":36,"target":11},{"cost":0,"weight":916,"source":13,"target":6},{"cost":0,"weight":621,"source":32,"target":5},{"cost":0,"weight":633,"source":35,"target":22},{"cost":0,"weight":701,"source":20,"target":9},{"cost":0,"weight":86,"source":31,"target":17},{"cost":0,"weight":624,"source":16,"target":37},{"cost":0,"weight":108,"source":30,"target":13},{"cost":0,"weight":207,"source":31,"target":5},{"cost":0,"weight":369,"source":33,"target":7},{"cost":0,"weight":934,"source":34,"target":0},{"cost":0,"weight":599,"source":31,"target":37},{"cost":0,"weight":948,"source":18,"target":0},{"cost":0,"weight":863,"source":10,"target":4},{"cost":0,"weight":469,"source":11,"target":37},{"cost":0,"weight":789,"source":21,"target":26},{"cost":0,"weight":970,"source":19,"target":35},{"cost":0,"weight":509,"source":18,"target":1},{"cost":0,"weight":405,"source":8,"target":29},{"cost":0,"weight":384,"source":5,"target":39},{"cost":0,"weight":478,"source":4,"target":16},{"cost":0,"weight":331,"source":12,"target":32},{"cost":0,"weight":193,"source":3,"target":17},{"cost":0,"weight":265,"source":19,"target":28},{"cost":0,"weight":140,"source":11,"target":22},{"cost":0,"weight":721,"source":23,"target":0},{"cost":0,"weight":151,"source":7,"target":26},{"cost":0,"weight":604,"source":19,"target":7},{"cost":0,"weight":850,"source":1,"target":18},{"cost":0,"weight":69,"source":31,"target":8},{"cost":0,"weight":356,"source":39,"target":29},{"cost":0,"weight":628,"source":20,"target":7},{"cost":0,"weight":18,"source":5,"target":28},{"cost":0,"weight":132,"source":18,"target":28},{"cost":0,"weight":855,"source":34,"target":39},{"cost":0,"weight":784,"source":1,"target":7},{"cost":0,"weight":296,"source":9,"target":5},{"cost":0,"weight":406,"source":19,"target":0},{"cost":0,"weight":627,"source":0,"target":21},{"cost":0,"weight":116,"source":2,"target":19},{"cost":0,"weight":377,"source":9,"target":4},{"cost":0,"weight":93,"source":36,"target":21},{"cost":0,"weight":917,"source":19,"target":20},{"cost":0,"weight":752,"source":2,"target":31},{"cost":0,"weight":600,"source":21,"target":3},{"cost":0,"weight":96,"source":28,"target":17},{"cost":0,"weight":128,"source":36,"target":35},{"cost":0,"weight":239,"source":21,"target":8},{"cost":0,"weight":543,"source":29,"target":23},{"cost":0,"weight":154,"source":3,"target":36},{"cost":0,"weight":449,"source":27,"target":2},{"cost":0,"weight":462,"source":27,"target":4},{"cost":0,"weight":968,"source":38,"target":24},{"cost":0,"weight":101,"source":16,"target":31},{"cost":0,"weight":48,"source":14,"target":25},{"cost":0,"weight":768,"source":0,"target":31},{"cost":0,"weight":574,"source":35,"target":39},{"cost":0,"weight":375,"source":38,"target":25},{"cost":0,"weight":360,"source":12,"target":7},{"cost":0,"weight":671,"source":7,"target":29},{"cost":0,"weight":124,"source":32,"target":7},{"cost":0,"weight":81,"source":28,"target":34},{"cost":0,"weight":914,"source":0,"target":38},{"cost":0,"weight":394,"source":24,"target":30},{"cost":0,"weight":925,"source":18,"target":26},{"cost":0,"weight":162,"source":39,"target":6},{"cost":0,"weight":815,"source":25,"target":28},{"cost":0,"weight":582,"source":5,"target":9},{"cost":0,"weight":521,"source":21,"target":35},{"cost":0,"weight":874,"source":10,"target":28}],"graph":{"S":0,"T":10},"multigraph":false}