{"directed":true,"nodes":[{"id":0},{"id":1},{"id":2},{"id":3},{"id":4},{"id":5},{"id":6},{"id":7},{"id":8},{"id":9},{"id":10},{"id":11},{"id":12},{"id":13},{"id":14},{"id":15},{"id":16},{"id":17},{"id":18},{"id":19},{"id":20},{"id":21},{"id":22},{"id":23},{"id":24},{"id":25},{"id":26},{"id":27},{"id":28},{"id":29},{"id":30},{"id":31},{"id":32},{"id":33},{"id":34},{"id":35},{"id":36},{"id":37},{"id":38},{"id":39}],"links":[{"cost":0,"weight":60,"source":4,"target":17},{"cost":0,"weight":963,"source":16,"target":30},{"cost":0,"weight":344,"source":28,"target":19},{"cost":0,"weight":555,"source":8,"target":11},{"cost":0,"weight":202,"source":15,"target":18},{"cost":0,"weight":866,"source":22,"target":25},{"cost":0,"weight":177,"source":30,"target":37},{"cost":0,"weight":655,"source":24,"target":4},{"cost":0,"weight":109,"source":20,"target":31},{"cost":0,"weight":713,"source":24,"target":3},{"cost":0,"weight":638,"source":36,"target":26},{"cost":0,"weight":239,"source":1,"target":8},{"cost":0,"weight":582,"source":27,"target":17},{"cost":0,"weight":577,"source":33,"target":27},{"cost":0,"weight":304,"source":12,"target":27},{"cost":0,"weight":51,"source":34,"target":6},{"cost":0,"weight":984,"source":13,"target":19},{"cost":0,"weight":70,"source":38,"target":27},{"cost":0,"weight":236,"source":3,"target":19},{"cost":0,"weight":271,"source":39,"target":18},{"cost":0,"weight":290,"source":22,"target":33},{"cost":0,"weight":774,"source":25,"target":7},{"cost":0,"weight":665,"source":11,"target":2},{"cost":0,"weight":87,"source":29,"target":16},{"cost":0,"weight":262,"source":26,"target":3},{"cost":0,"weight":156,"source":34,"target":28},{"cost":0,"weight":127,"source":11,"target":7},{"cost":0,"weight":266,"source":26,"target":30},{"cost":0,"weight":790,"source":10,"target":3},{"cost":0,"weight":755,"source":22,"target":17},{"cost":0,"weight":877,"source":20,"target":13},{"cost":0,"weight":289,"source":39,"target":5},{"cost":0,"weight":105,"source":13,"target":2},{"cost":0,"weight":492,"source":34,"target":16},{"cost":0,"weight":924,"source":24,"target":30},{"cost":0,"weight":49,"source":15,"target":33},{"cost":0,"weight":793,"source":34,"target":38},{"cost":0,"weight":449,"source":39,"target":21},{"cost":0,"weight":655,"source":27,"target":18},{"cost":0,"weight":869,"source":39,"target":36},{"cost":0,"weight":864,"source":18,"target":15},{"cost":0,"weight":225,"source":29,"target":5},{"cost":0,"weight":615,"source":28,"target":33},{"cost":0,"weight":582,"source":38,"target":22},{"cost":0,"weight":352,"source":32,"target":13},{"cost":0,"weight":872,"source":33,"target":8},{"cost":0,"weight":909,"source":2,"target":28},{"cost":0,"weight":845,"source":12,"target":39},{"cost":0,"weight":823,"source":18,"target":35},{"cost":0,"weight":402,"source":25,"target":16},{"cost":0,"weight":350,"source":24,"target":23},{"cost":0,"weight":558,"source":36,"target":3},{"cost":0,"weight":644,"source":31,"target":7},{"cost":0,"weight":368,"source":12,"target":7},{"cost":0,"weight":428,"source":19,"target":34},{"cost":0,"weight":730,"source":11,"target":5},{"cost":0,"weight":747,"source":0,"target":15},{"cost":0,"weight":863,"source":0,"target":35},{"cost":0,"weight":599,"source":24,"target":19},{"cost":0,"weight":77,"source":17,"target":36},{"cost":0,"weight":794,"source":37,"target":6},{"cost":0,"weight":654,"source":33,"target":12},{"cost":0,"weight":969,"source":4,"target":8},{"cost":0,"weight":885,"source":6,"target":10},{"cost":0,"weight":477,"source":29,"target":23},{"cost":0,"weight":773,"source":6,"target":3},{"cost":0,"weight":100,"source":33,"target":28},{"cost":0,"weight":660,"source":16,"target":14},{"cost":0,"weight":250,"source":36,"target":9},{"cost":0,"weight":621,"source":14,"target":4},{"cost":0,"weight":90,"source":29,"target":30},{"cost":0,"weight":231,"source":8,"target":6},{"cost":0,"weight":616,"source":27,"target":4},{"cost":0,"weight":418,"source":37,"target":17},{"cost":0,"weight":190,"source":21,"target":26},{"cost":0,"weight":216,"source":8,"target":12},{"cost":0,"weight":233,"source":5,"target":2},{"cost":0,"weight":278,"source":20,"target":3},{"cost":0,"weight":148,"source":39,"target":27},{"cost":0,"weight":228,"source":20,"target":8},{"cost":0,"weight":562,"source":15,"target":37},{"cost":0,"weight":727,"source":27,"target":2},{"cost":0,"weight":795,"source":27,"target":24},{"cost":0,"weight":556,"source":19,"target":0},{"cost":0,"weight":790,"source":24,"target":6},{"cost":0,"weight":326,"source":24,"target":35},{"cost":0,"weight":430,"source":30,"target":33},{"cost":0,"weight":111,"source":38,"target":9},{"cost":0,"weight":659,"source":39,"target":23},{"cost":0,"weight":136,"source":33,"target":39},{"cost":0,"weight":88,"source":10,"target":9},{"cost":0,"weight":901,"source":17,"target":11},{"cost":0,"weight":843,"source":27,"target":25},{"cost":0,"weight":330,"source":32,"target":20},{"cost":0,"weight":862,"source":31,"target":1},{"cost":0,"weight":453,"source":16,"target":1},{"cost":0,"weight":220,"source":6,"target":33},{"cost":0,"weight":96,"source":38,"target":14},{"cost":0,"weight":718,"source":5,"target":22},{"cost":0,"weight":113,"source":22,"target":36},{"cost":0,"weight":817,"source":17,"target":18},{"cost":0,"weight":500,"source":13,"target":36},{"cost":0,"weight":787,"source":9,"target":7},{"cost":0,"weight":260,"source":33,"target":10},{"cost":0,"weight":890,"source":24,"target":13},{"cost":0,"weight":447,"source":28,"target":38},{"cost":0,"weight":291,"source":38,"target":30},{"cost":0,"weight":775,"source":35,"target":24},{"cost":0,"weight":600,"source":3,"target":18},{"cost":0,"weight":420,"source":7,"target":21},{"cost":0,"weight":304,"source":32,"target":3},{"cost":0,"weight":379,"source":13,"target":39},{"cost":0,"weight":507,"source":18,"target":28},{"cost":0,"weight":368,"source":31,"target":32},{"cost":0,"weight":554,"source":12,"target":8},{"cost":0,"weight":960,"source":36,"target":37},{"cost":0,"weight":98,"source":3,"target":35},{"cost":0,"weight":618,"source":1,"target":9},{"cost":0,"weight":696,"source":15,"target":21},{"cost":0,"weight":873,"source":32,"target":33},{"cost":0,"weight":672,"source":33,"target":9},{"cost":0,"weight":328,"source":18,"target":19},{"cost":0,"weight":601,"source":34,"target":19},{"cost":0,"weight":448,"source":15,"target":24},{"cost":0,"weight":69,"source":12,"target":32},{"cost":0,"weight":147,"source":32,"target":24},{"cost":0,"weight":391,"source":13,"target":14},{"cost":0,"weight":170,"source":39,"target":38},{"cost":0,"weight":325,"source":4,"target":10},{"cost":0,"weight":388,"source":36,"target":0},{"cost":0,"weight":508,"source":36,"target":24},{"cost":0,"weight":742,"source":10,"target":1},{"cost":0,"weight":447,"source":0,"target":29},{"cost":0,"weight":160,"source":22,"target":4},{"cost":0,"weight":165,"source":13,"target":37},{"cost":0,"weight":158,"source":11,"target":20},{"cost":0,"weight":853,"source":14,"target":25},{"cost":0,"weight":381,"source":36,"target":22},{"cost":0,"weight":125,"source":24,"target":16},{"cost":0,"weight":71,"source":39,"target":8},{"cost":0,"weight":135,"source":4,"target":14},{"cost":0,"weight":110,"source":2,"target":34},{"cost":0,"weight":481,"source":30,"target":11},{"cost":0,"weight":517,"source":8,"target":9},{"cost":0,"weight":908,"source":36,"target":7},{"cost":0,"weight":276,"source":30,"target":0},{"cost":0,"weight":656,"source":32,"target":36},{"cost":0,"weight":678,"source":20,"target":22},{"cost":0,"weight":693,"source":25,"target":12},{"cost":0,"weight":804,"source":3,"target":24},{"cost":0,"weight":291,"source":33,"target":3},{"cost":0,"weight":128,"source":5,"target":31},{"cost":0,"weight":553,"source":7,"target":27},{"cost":0,"weight":458,"source":35,"target":36},{"cost":0,"weight":133,"source":7,"target":5},{"cost":0,"weight":314,"source":1,"target":19},{"cost":0,"weight":523,"source":25,"target":14},{"cost":0,"weight":815,"source":15,"target":23},{"cost":0,"weight":685,"source":8,"target":1},{"cost":0,"weight":733,"source":21,"target":0}],"graph":{"S":0,"T":10},"multigraph":false}