{"directed":true,"nodes":[{"id":0},{"id":1},{"id":2},{"id":3},{"id":4},{"id":5},{"id":6},{"id":7},{"id":8},{"id":9},{"id":10},{"id":11},{"id":12},{"id":13},{"id":14},{"id":15},{"id":16},{"id":17},{"id":18},{"id":19},{"id":20},{"id":21},{"id":22},{"id":23},{"id":24},{"id":25},{"id":26},{"id":27},{"id":28},{"id":29},{"id":30},{"id":31},{"id":32},{"id":33},{"id":34},{"id":35},{"id":36},{"id":37},{"id":38},{"id":39}],"links":[{"cost":0,"weight":688,"source":34,"target":2},{"cost":0,"weight":145,"source":35,"target":38},{"cost":0,"weight":15,"source":36,"target":33},{"cost":0,"weight":71,"source":13,"target":6},{"cost":0,"weight":706,"source":25,"target":8},{"cost":0,"weight":132,"source":12,"target":7},{"cost":0,"weight":889,"source":10,"target":39},{"cost":0,"weight":841,"source":29,"target":2},{"cost":0,"weight":89,"source":20,"target":34},{"cost":0,"weight":304,"source":2,"target":9},{"cost":0,"weight":337,"source":32,"target":10},{"cost":0,"weight":107,"source":20,"target":1},{"cost":0,"weight":743,"source":17,"target":15},{"cost":0,"weight":176,"source":20,"target":27},{"cost":0,"weight":482,"source":10,"target":27},{"cost":0,"weight":950,"source":30,"target":21},{"cost":0,"weight":601,"source":17,"target":26},{"cost":0,"weight":493,"source":18,"target":14},{"cost":0,"weight":771,"source":36,"target":30},{"cost":0,"weight":351,"source":16,"target":30},{"cost":0,"weight":203,"source":22,"target":7},{"cost":0,"weight":481,"source":39,"target":19},{"cost":0,"weight":596,"source":14,"target":7},{"cost":0,"weight":804,"source":3,"target":8},{"cost":0,"weight":604,"source":21,"target":19},{"cost":0,"weight":168,"source":17,"target":32},{"cost":0,"weight":734,"source":26,"target":13},{"cost":0,"weight":155,"source":31,"target":8},{"cost":0,"weight":211,"source":3,"target":38},{"cost":0,"weight":72,"source":5,"target":27},{"cost":0,"weight":385,"source":18,"target":15},{"cost":0,"weight":747,"source":34,"target":12},{"cost":0,"weight":913,"source":29,"target":36},{"cost":0,"weight":237,"source":20,"target":24},{"cost":0,"weight":220,"source":9,"target":13},{"cost":0,"weight":860,"source":10,"target":23},{"cost":0,"weight":324,"source":19,"target":7},{"cost":0,"weight":815,"source":23,"target":37},{"cost":0,"weight":414,"source":11,"target":22},{"cost":0,"weight":530,"source":18,"target":6},{"cost":0,"weight":552,"source":21,"target":15},{"cost":0,"weight":927,"source":21,"target":23},{"cost":0,"weight":185,"source":3,"target":0},{"cost":0,"weight":650,"source":14,"target":18},{"cost":0,"weight":779,"source":33,"target":36},{"cost":0,"weight":71,"source":17,"target":25},{"cost":0,"weight":710,"source":12,"target":18},{"cost":0,"weight":422,"source":23,"target":27},{"cost":0,"weight":940,"source":7,"target":29},{"cost":0,"weight":864,"source":8,"target":4},{"cost":0,"weight":384,"source":20,"target":23},{"cost":0,"weight":224,"source":25,"target":38},{"cost":0,"weight":974,"source":4,"target":38},{"cost":0,"weight":300,"source":33,"target":14},{"cost":0,"weight":31,"source":3,"target":24},{"cost":0,"weight":533,"source":30,"target":9},{"cost":0,"weight":778,"source":19,"target":27},{"cost":0,"weight":349,"source":7,"target":30},{"cost":0,"weight":508,"source":19,"target":37},{"cost":0,"weight":207,"source":29,"target":13},{"cost":0,"weight":539,"source":35,"target":2},{"cost":0,"weight":761,"source":27,"target":20},{"cost":0,"weight":796,"source":31,"target":28},{"cost":0,"weight":52,"source":31,"target":35},{"cost":0,"weight":973,"source":6,"target":13},{"cost":0,"weight":86,"source":12,"target":29},{"cost":0,"weight":88,"source":14,"target":0},{"cost":0,"weight":910,"source":29,"target":23},{"cost":0,"weight":574,"source":29,"target":21},{"cost":0,"weight":525,"source":24,"target":21},{"cost":0,"weight":501,"source":38,"target":19},{"cost":0,"weight":871,"source":13,"target":8},{"cost":0,"weight":590,"source":6,"target":15},{"cost":0,"weight":225,"source":18,"target":36},{"cost":0,"weight":987,"source":24,"target":34},{"cost":0,"weight":450,"source":12,"target":9},{"cost":0,"weight":897,"source":31,"target":0},{"cost":0,"weight":311,"source":4,"target":24},{"cost":0,"weight":77,"source":20,"target":39},{"cost":0,"weight":883,"source":4,"target":25},{"cost":0,"weight":11,"source":33,"target":12},{"cost":0,"weight":930,"source":13,"target":23},{"cost":0,"weight":601,"source":27,"target":39},{"cost":0,"weight":509,"source":32,"target":0},{"cost":0,"weight":667,"source":24,"target":17},{"cost":0,"weight":959,"source":4,"target":5},{"cost":0,"weight":573,"source":12,"target":16},{"cost":0,"weight":156,"source":7,"target":6},{"cost":0,"weight":762,"source":16,"target":29},{"cost":0,"weight":202,"source":28,"target":16},{"cost":0,"weight":264,"source":0,"target":26},{"cost":0,"weight":770,"source":18,"target":39},{"cost":0,"weight":861,"source":5,"target":24},{"cost":0,"weight":527,"source":3,"target":18},{"cost":0,"weight":877,"source":11,"target":15},{"cost":0,"weight":105,"source":18,"target":0},{"cost":0,"weight":907,"source":10,"target":33},{"cost":0,"weight":457,"source":37,"target":1},{"cost":0,"weight":394,"source":38,"target":24},{"cost":0,"weight":449,"source":6,"target":22},{"cost":0,"weight":696,"source":7,"target":26},{"cost":0,"weight":764,"source":38,"target":23},{"cost":0,"weight":854,"source":27,"target":34},{"cost":0,"weight":423,"source":21,"target":9},{"cost":0,"weight":321,"source":3,"target":23},{"cost":0,"weight":827,"source":11,"target":37},{"cost":0,"weight":798,"source":7,"target":22},{"cost":0,"weight":575,"source":21,"target":35},{"cost":0,"weight":787,"source":14,"target":11},{"cost":0,"weight":497,"source":23,"target":29},{"cost":0,"weight":859,"source":15,"target":29},{"cost":0,"weight":827,"source":34,"target":32},{"cost":0,"weight":736,"source":29,"target":7},{"cost":0,"weight":164,"source":3,"target":29},{"cost":0,"weight":407,"source":26,"target":18},{"cost":0,"weight":549,"source":24,"target":7},{"cost":0,"weight":454,"source":35,"target":0},{"cost":0,"weight":218,"source":28,"target":35},{"cost":0,"weight":899,"source":37,"target":14},{"cost":0,"weight":870,"source":24,"target":36},{"cost":0,"weight":861,"source":16,"target":28},{"cost":0,"weight":429,"source":6,"target":0},{"cost":0,"weight":169,"source":34,"target":1},{"cost":0,"weight":604,"source":35,"target":13},{"cost":0,"weight":128,"source":2,"target":14},{"cost":0,"weight":647,"source":25,"target":10},{"cost":0,"weight":567,"source":1,"target":27},{"cost":0,"weight":812,"source":25,"target":28},{"cost":0,"weight":701,"source":37,"target":8},{"cost":0,"weight":891,"source":34,"target":36},{"cost":0,"weight":513,"source":5,"target":34},{"cost":0,"weight":585,"source":37,"target":30},{"cost":0,"weight":265,"source":34,"target":10},{"cost":0,"weight":304,"source":12,"target":13},{"cost":0,"weight":558,"source":14,"target":15},{"cost":0,"weight":100,"source":15,"target":10},{"cost":0,"weight":574,"source":13,"target":11},{"cost":0,"weight":762,"source":3,"target":12},{"cost":0,"weight":144,"source":12,"target":27},{"cost":0,"weight":365,"source":32,"target":33},{"cost":0,"weight":485,"source":26,"target":32},{"cost":0,"weight":501,"source":33,"target":27},{"cost":0,"weight":873,"source":33,"target":20},{"cost":0,"weight":912,"source":9,"target":38},{"cost":0,"weight":35,"source":10,"target":5},{"cost":0,"weight":598,"source":25,"target":1},{"cost":0,"weight":330,"source":1,"target":36},{"cost":0,"weight":514,"source":28,"target":32},{"cost":0,"weight":359,"source":14,"target":22},{"cost":0,"weight":765,"source":12,"target":32},{"cost":0,"weight":511,"source":17,"target":38},{"cost":0,"weight":98,"source":0,"target":7},{"cost":0,"weight":794,"source":32,"target":28},{"cost":0,"weight":997,"source":33,"target":9},{"cost":0,"weight":612,"source":39,"target":1},{"cost":0,"weight":803,"source":17,"target":6},{"cost":0,"weight":26,"source":35,"target":4},{"cost":0,"weight":990,"source":17,"target":10},{"cost":0,"weight":612,"source":3,"target":9},{"cost":0,"weight":13,"source":34,"target":27}],"graph":{"S":0,"T":10},"multigraph":false}