{"directed":true,"nodes":[{"id":0},{"id":1},{"id":2},{"id":3},{"id":4},{"id":5},{"id":6},{"id":7},{"id":8},{"id":9},{"id":10},{"id":11},{"id":12},{"id":13},{"id":14},{"id":15},{"id":16},{"id":17},{"id":18},{"id":19},{"id":20},{"id":21},{"id":22},{"id":23},{"id":24},{"id":25},{"id":26},{"id":27},{"id":28},{"id":29},{"id":30},{"id":31},{"id":32},{"id":33},{"id":34},{"id":35},{"id":36},{"id":37},{"id":38},{"id":39}],"links":[{"cost":0,"weight":310,"source":33,"target":4},{"cost":0,"weight":271,"source":8,"target":20},{"cost":0,"weight":379,"source":19,"target":31},{"cost":0,"weight":395,"source":4,"target":1},{"cost":0,"weight":789,"source":28,"target":25},{"cost":0,"weight":573,"source":16,"target":27},{"cost":0,"weight":135,"source":34,"target":21},{"cost":0,"weight":391,"source":35,"target":13},{"cost":0,"weight":776,"source":15,"target":37},{"cost":0,"weight":449,"source":9,"target":30},{"cost":0,"weight":679,"source":33,"target":9},{"cost":0,"weight":507,"source":9,"target":12},{"cost":0,"weight":785,"source":38,"target":22},{"cost":0,"weight":377,"source":36,"target":37},{"cost":0,"weight":922,"source":9,"target":26},{"cost":0,"weight":868,"source":2,"target":0},{"cost":0,"weight":334,"source":19,"target":22},{"cost":0,"weight":28,"source":13,"target":29},{"cost":0,"weight":753,"source":30,"target":39},{"cost":0,"weight":785,"source":14,"target":17},{"cost":0,"weight":176,"source":26,"target":14},{"cost":0,"weight":774,"source":10,"target":5},{"cost":0,"weight":343,"source":30,"target":38},{"cost":0,"weight":940,"source":34,"target":28},{"cost":0,"weight":451,"source":39,"target":14},{"cost":0,"weight":448,"source":31,"target":8},{"cost":0,"weight":28,"source":14,"target":23},{"cost":0,"weight":747,"source":37,"target":23},{"cost":0,"weight":237,"source":3,"target":39},{"cost":0,"weight":544,"source":12,"target":8},{"cost":0,"weight":142,"source":34,"target":38},{"cost":0,"weight":619,"source":28,"target":27},{"cost":0,"weight":255,"source":16,"target":22},{"cost":0,"weight":823,"source":4,"target":15},{"cost":0,"weight":875,"source":10,"target":32},{"cost":0,"weight":227,"source":31,"target":5},{"cost":0,"weight":191,"source":18,"target":8},{"cost":0,"weight":25,"source":37,"target":25},{"cost":0,"weight":297,"source":8,"target":10},{"cost":0,"weight":58,"source":1,"target":33},{"cost":0,"weight":486,"source":17,"target":22},{"cost":0,"weight":724,"source":12,"target":13},{"cost":0,"weight":566,"source":38,"target":31},{"cost":0,"weight":900,"source":5,"target":30},{"cost":0,"weight":605,"source":3,"target":34},{"cost":0,"weight":44,"source":18,"target":4},{"cost":0,"weight":781,"source":3,"target":16},{"cost":0,"weight":110,"source":4,"target":0},{"cost":0,"weight":388,"source":19,"target":15},{"cost":0,"weight":715,"source":20,"target":9},{"cost":0,"weight":584,"source":23,"target":14},{"cost":0,"weight":166,"source":28,"target":30},{"cost":0,"weight":467,"source":3,"target":30},{"cost":0,"weight":979,"source":0,"target":30},{"cost":0,"weight":210,"source":35,"target":11},{"cost":0,"weight":354,"source":35,"target":20},{"cost":0,"weight":188,"source":20,"target":8},{"cost":0,"weight":770,"source":10,"target":0},{"cost":0,"weight":13,"source":24,"target":3},{"cost":0,"weight":648,"source":33,"target":27},{"cost":0,"weight":842,"source":5,"target":39},{"cost":0,"weight":299,"source":7,"target":39},{"cost":0,"weight":675,"source":25,"target":0},{"cost":0,"weight":134,"source":0,"target":13},{"cost":0,"weight":55,"source":28,"target":2},{"cost":0,"weight":427,"source":7,"target":32},{"cost":0,"weight":651,"source":18,"target":10},{"cost":0,"weight":665,"source":12,"target":14},{"cost":0,"weight":464,"source":4,"target":32},{"cost":0,"weight":751,"source":1,"target":32},{"cost":0,"weight":793,"source":33,"target":16},{"cost":0,"weight":106,"source":14,"target":37},{"cost":0,"weight":425,"source":33,"target":23},{"cost":0,"weight":816,"source":7,"target":36},{"cost":0,"weight":246,"source":18,"target":24},{"cost":0,"weight":700,"source":8,"target":34},{"cost":0,"weight":924,"source":20,"target":14},{"cost":0,"weight":603,"source":22,"target":3},{"cost":0,"weight":421,"source":5,"target":1},{"cost":0,"weight":210,"source":35,"target":3},{"cost":0,"weight":634,"source":6,"target":24},{"cost":0,"weight":116,"source":33,"target":26},{"cost":0,"weight":622,"source":6,"target":37},{"cost":0,"weight":526,"source":7,"target":28},{"cost":0,"weight":703,"source":32,"target":17},{"cost":0,"weight":994,"source":18,"target":5},{"cost":0,"weight":421,"source":14,"target":35},{"cost":0,"weight":46,"source":36,"target":15},{"cost":0,"weight":798,"source":16,"target":7},{"cost":0,"weight":954,"source":19,"target":7},{"cost":0,"weight":319,"source":28,"target":12},{"cost":0,"weight":688,"source":30,"target":17},{"cost":0,"weight":297,"source":26,"target":7},{"cost":0,"weight":263,"source":27,"target":4},{"cost":0,"weight":246,"source":32,"target":25},{"cost":0,"weight":791,"source":6,"target":7},{"cost":0,"weight":676,"source":39,"target":25},{"cost":0,"weight":788,"source":23,"target":4},{"cost":0,"weight":844,"source":36,"target":19},{"cost":0,"weight":883,"source":1,"target":9},{"cost":0,"weight":340,"source":26,"target":6},{"cost":0,"weight":457,"source":17,"target":24},{"cost":0,"weight":926,"source":1,"target":28},{"cost":0,"weight":28,"source":1,"target":38},{"cost":0,"weight":671,"source":23,"target":26},{"cost":0,"weight":886,"source":32,"target":8},{"cost":0,"weight":529,"source":17,"target":39},{"cost":0,"weight":634,"source":16,"target":17},{"cost":0,"weight":930,"source":31,"target":26},{"cost":0,"weight":46,"source":12,"target":0},{"cost":0,"weight":891,"source":1,"target":36},{"cost":0,"weight":158,"source":28,"target":22},{"cost":0,"weight":104,"source":26,"target":28},{"cost":0,"weight":802,"source":22,"target":6},{"cost":0,"weight":449,"source":8,"target":33},{"cost":0,"weight":344,"source":35,"target":29},{"cost":0,"weight":424,"source":20,"target":10},{"cost":0,"weight":370,"source":19,"target":1},{"cost":0,"weight":784,"source":36,"target":9},{"cost":0,"weight":53,"source":21,"target":38},{"cost":0,"weight":353,"source":18,"target":31},{"cost":0,"weight":708,"source":8,"target":35},{"cost":0,"weight":838,"source":23,"target":36},{"cost":0,"weight":903,"source":28,"target":15},{"cost":0,"weight":381,"source":28,"target":32},{"cost":0,"weight":555,"source":35,"target":21},{"cost":0,"weight":270,"source":36,"target":18},{"cost":0,"weight":917,"source":18,"target":11},{"cost":0,"weight":279,"source":18,"target":29},{"cost":0,"weight":988,"source":16,"target":23},{"cost":0,"weight":126,"source":3,"target":8},{"cost":0,"weight":277,"source":1,"target":2},{"cost":0,"weight":587,"source":14,"target":33},{"cost":0,"weight":211,"source":0,"target":24},{"cost":0,"weight":337,"source":30,"target":21},{"cost":0,"weight":939,"source":21,"target":9},{"cost":0,"weight":725,"source":21,"target":6},{"cost":0,"weight":984,"source":39,"target":36},{"cost":0,"weight":867,"source":22,"target":30},{"cost":0,"weight":345,"source":38,"target":12},{"cost":0,"weight":666,"source":23,"target":16},{"cost":0,"weight":897,"source":39,"target":2},{"cost":0,"weight":578,"source":18,"target":22},{"cost":0,"weight":802,"source":5,"target":25},{"cost":0,"weight":231,"source":22,"target":4},{"cost":0,"weight":20,"source":32,"target":33},{"cost":0,"weight":374,"source":31,"target":27},{"cost":0,"weight":669,"source":37,"target":4},{"cost":0,"weight":204,"source":6,"target":26},{"cost":0,"weight":381,"source":18,"target":20},{"cost":0,"weight":296,"source":22,"target":39},{"cost":0,"weight":591,"source":4,"target":29},{"cost":0,"weight":419,"source":13,"target":36},{"cost":0,"weight":481,"source":31,"target":39},{"cost":0,"weight":560,"source":2,"target":12},{"cost":0,"weight":155,"source":1,"target":11},{"cost":0,"weight":447,"source":9,"target":28},{"cost":0,"weight":887,"source":3,"target":22},{"cost":0,"weight":262,"source":37,"target":36},{"cost":0,"weight":41,"source":39,"target":1}],"graph":{"S":0,"T":10},"multigraph":false}