{"directed":true,"nodes":[{"id":0},{"id":1},{"id":2},{"id":3},{"id":4},{"id":5},{"id":6},{"id":7},{"id":8},{"id":9},{"id":10},{"id":11},{"id":12},{"id":13},{"id":14},{"id":15},{"id":16},{"id":17},{"id":18},{"id":19},{"id":20},{"id":21},{"id":22},{"id":23},{"id":24},{"id":25},{"id":26},{"id":27},{"id":28},{"id":29},{"id":30},{"id":31},{"id":32},{"id":33},{"id":34},{"id":35},{"id":36},{"id":37},{"id":38},{"id":39}],"links":[{"cost":0,"weight":53,"source":32,"target":33},{"cost":0,"weight":857,"source":33,"target":32},{"cost":0,"weight":833,"source":32,"target":4},{"cost":0,"weight":902,"source":34,"target":27},{"cost":0,"weight":827,"source":20,"target":31},{"cost":0,"weight":493,"source":38,"target":12},{"cost":0,"weight":243,"source":8,"target":29},{"cost":0,"weight":674,"source":19,"target":20},{"cost":0,"weight":286,"source":5,"target":6},{"cost":0,"weight":150,"source":29,"target":20},{"cost":0,"weight":904,"source":10,"target":31},{"cost":0,"weight":426,"source":0,"target":38},{"cost":0,"weight":999,"source":18,"target":33},{"cost":0,"weight":689,"source":11,"target":23},{"cost":0,"weight":535,"source":6,"target":33},{"cost":0,"weight":223,"source":23,"target":19},{"cost":0,"weight":266,"source":14,"target":21},{"cost":0,"weight":933,"source":30,"target":19},{"cost":0,"weight":895,"source":1,"target":2},{"cost":0,"weight":888,"source":12,"target":2},{"cost":0,"weight":400,"source":34,"target":1},{"cost":0,"weight":244,"source":14,"target":34},{"cost":0,"weight":282,"source":8,"target":1},{"cost":0,"weight":335,"source":18,"target":15},{"cost":0,"weight":488,"source":17,"target":30},{"cost":0,"weight":168,"source":29,"target":25},{"cost":0,"weight":295,"source":34,"target":18},{"cost":0,"weight":701,"source":36,"target":2},{"cost":0,"weight":802,"source":1,"target":28},{"cost":0,"weight":871,"source":17,"target":0},{"cost":0,"weight":768,"source":20,"target":16},{"cost":0,"weight":428,"source":18,"target":7},{"cost":0,"weight":666,"source":18,"target":19},{"cost":0,"weight":92,"source":6,"target":22},{"cost":0,"weight":422,"source":38,"target":17},{"cost":0,"weight":940,"source":25,"target":13},{"cost":0,"weight":751,"source":13,"target":12},{"cost":0,"weight":358,"source":7,"target":0},{"cost":0,"weight":400,"source":21,"target":11},{"cost":0,"weight":70,"source":5,"target":10},{"cost":0,"weight":685,"source":11,"target":26},{"cost":0,"weight":954,"source":12,"target":16},{"cost":0,"weight":526,"source":37,"target":34},{"cost":0,"weight":449,"source":17,"target":3},{"cost":0,"weight":150,"source":1,"target":18},{"cost":0,"weight":477,"source":1,"target":4},{"cost":0,"weight":461,"source":3,"target":16},{"cost":0,"weight":982,"source":24,"target":30},{"cost":0,"weight":188,"source":27,"target":17},{"cost":0,"weight":858,"source":6,"target":3},{"cost":0,"weight":165,"source":1,"target":17},{"cost":0,"weight":673,"source":19,"target":26},{"cost":0,"weight":244,"source":39,"target":19},{"cost":0,"weight":225,"source":37,"target":29},{"cost":0,"weight":976,"source":4,"target":21},{"cost":0,"weight":626,"source":0,"target":36},{"cost":0,"weight":223,"source":11,"target":4},{"cost":0,"weight":286,"source":3,"target":15},{"cost":0,"weight":773,"source":30,"target":5},{"cost":0,"weight":767,"source":25,"target":26},{"cost":0,"weight":818,"source":5,"target":2},{"cost":0,"weight":952,"source":16,"target":18},{"cost":0,"weight":966,"source":2,"target":39},{"cost":0,"weight":133,"source":37,"target":38},{"cost":0,"weight":650,"source":5,"target":3},{"cost":0,"weight":697,"source":15,"target":31},{"cost":0,"weight":273,"source":8,"target":38},{"cost":0,"weight":317,"source":29,"target":5},{"cost":0,"weight":599,"source":17,"target":11},{"cost":0,"weight":699,"source":14,"target":35},{"cost":0,"weight":264,"source":1,"target":19},{"cost":0,"weight":841,"source":26,"target":10},{"cost":0,"weight":735,"source":8,"target":20},{"cost":0,"weight":621,"source":12,"target":24},{"cost":0,"weight":508,"source":37,"target":21},{"cost":0,"weight":580,"source":2,"target":16},{"cost":0,"weight":581,"source":14,"target":1},{"cost":0,"weight":697,"source":9,"target":38},{"cost":0,"weight":939,"source":14,"target":5},{"cost":0,"weight":994,"source":30,"target":20},{"cost":0,"weight":43,"source":12,"target":0},{"cost":0,"weight":768,"source":7,"target":13},{"cost":0,"weight":791,"source":32,"target":6},{"cost":0,"weight":451,"source":32,"target":29},{"cost":0,"weight":717,"source":16,"target":25},{"cost":0,"weight":836,"source":2,"target":12},{"cost":0,"weight":21,"source":9,"target":20},{"cost":0,"weight":103,"source":21,"target":6},{"cost":0,"weight":770,"source":18,"target":29},{"cost":0,"weight":475,"source":30,"target":24},{"cost":0,"weight":913,"source":33,"target":39},{"cost":0,"weight":732,"source":36,"target":24},{"cost":0,"weight":400,"source":33,"target":1},{"cost":0,"weight":686,"source":29,"target":1},{"cost":0,"weight":244,"source":27,"target":15},{"cost":0,"weight":290,"source":13,"target":10},{"cost":0,"weight":816,"source":33,"target":27},{"cost":0,"weight":219,"source":22,"target":2},{"cost":0,"weight":724,"source":35,"target":27},{"cost":0,"weight":315,"source":15,"target":33},{"cost":0,"weight":749,"source":6,"target":32},{"cost":0,"weight":516,"source":12,"target":3},{"cost":0,"weight":203,"source":2,"target":4},{"cost":0,"weight":138,"source":2,"target":23},{"cost":0,"weight":496,"source":34,"target":16},{"cost":0,"weight":912,"source":2,"target":28},{"cost":0,"weight":46,"source":32,"target":24},{"cost":0,"weight":961,"source":4,"target":39},{"cost":0,"weight":39,"source":21,"target":24},{"cost":0,"weight":151,"source":7,"target":4},{"cost":0,"weight":21,"source":7,"target":39},{"cost":0,"weight":681,"source":0,"target":26},{"cost":0,"weight":13,"source":18,"target":4},{"cost":0,"weight":117,"source":8,"target":25},{"cost":0,"weight":251,"source":22,"target":27},{"cost":0,"weight":29,"source":7,"target":20},{"cost":0,"weight":830,"source":27,"target":23},{"cost":0,"weight":519,"source":7,"target":36},{"cost":0,"weight":88,"source":35,"target":36},{"cost":0,"weight":810,"source":35,"target":31},{"cost":0,"weight":103,"source":2,"target":34},{"cost":0,"weight":188,"source":28,"target":37},{"cost":0,"weight":368,"source":6,"target":5},{"cost":0,"weight":454,"source":25,"target":5},{"cost":0,"weight":999,"source":8,"target":14},{"cost":0,"weight":862,"source":11,"target":3},{"cost":0,"weight":817,"source":17,"target":32},{"cost":0,"weight":509,"source":29,"target":10},{"cost":0,"weight":80,"source":7,"target":28},{"cost":0,"weight":797,"source":17,"target":35},{"cost":0,"weight":286,"source":7,"target":2},{"cost":0,"weight":447,"source":29,"target":34},{"cost":0,"weight":966,"source":36,"target":5},{"cost":0,"weight":939,"source":28,"target":18},{"cost":0,"weight":94,"source":13,"target":1},{"cost":0,"weight":501,"source":0,"target":5},{"cost":0,"weight":310,"source":29,"target":11},{"cost":0,"weight":951,"source":21,"target":9},{"cost":0,"weight":353,"source":20,"target":5},{"cost":0,"weight":290,"source":26,"target":2},{"cost":0,"weight":920,"source":19,"target":12},{"cost":0,"weight":339,"source":17,"target":16},{"cost":0,"weight":211,"source":21,"target":32},{"cost":0,"weight":901,"source":30,"target":13},{"cost":0,"weight":103,"source":32,"target":0},{"cost":0,"weight":36,"source":28,"target":29},{"cost":0,"weight":983,"source":3,"target":8},{"cost":0,"weight":349,"source":10,"target":34},{"cost":0,"weight":856,"source":2,"target":24},{"cost":0,"weight":346,"source":28,"target":35},{"cost":0,"weight":735,"source":20,"target":18},{"cost":0,"weight":950,"source":30,"target":33},{"cost":0,"weight":568,"source":6,"target":31},{"cost":0,"weight":812,"source":27,"target":14},{"cost":0,"weight":10,"source":0,"target":30},{"cost":0,"weight":754,"source":20,"target":34},{"cost":0,"weight":412,"source":5,"target":26},{"cost":0,"weight":949,"source":37,"target":35},{"cost":0,"weight":262,"source":8,"target":23},{"cost":0,"weight":450,"source":17,"target":24}],"graph":{"S":0,"T":10},"multigraph":false}