{"directed":true,"nodes":[{"id":0},{"id":1},{"id":2},{"id":3},{"id":4},{"id":5},{"id":6},{"id":7},{"id":8},{"id":9},{"id":10},{"id":11},{"id":12},{"id":13},{"id":14},{"id":15},{"id":16},{"id":17},{"id":18},{"id":19},{"id":20},{"id":21},{"id":22},{"id":23},{"id":24},{"id":25},{"id":26},{"id":27},{"id":28},{"id":29},{"id":30},{"id":31},{"id":32},{"id":33},{"id":34},{"id":35},{"id":36},{"id":37},{"id":38},{"id":39}],"links":[{"cost":0,"weight":471,"source":3,"target":14},{"cost":0,"weight":947,"source":34,"target":36},{"cost":0,"weight":875,"source":14,"target":36},{"cost":0,"weight":651,"source":36,"target":31},{"cost":0,"weight":21,"source":7,"target":2},{"cost":0,"weight":793,"source":24,"target":18},{"cost":0,"weight":47,"source":34,"target":39},{"cost":0,"weight":401,"source":25,"target":11},{"cost":0,"weight":11,"source":10,"target":34},{"cost":0,"weight":581,"source":6,"target":10},{"cost":0,"weight":711,"source":24,"target":32},{"cost":0,"weight":912,"source":31,"target":14},{"cost":0,"weight":495,"source":15,"target":34},{"cost":0,"weight":238,"source":12,"target":36},{"cost":0,"weight":872,"source":10,"target":6},{"cost":0,"weight":343,"source":13,"target":20},{"cost":0,"weight":890,"source":22,"target":23},{"cost":0,"weight":505,"source":4,"target":26},{"cost":0,"weight":255,"source":12,"target":28},{"cost":0,"weight":349,"source":31,"target":6},{"cost":0,"weight":430,"source":22,"target":35},{"cost":0,"weight":244,"source":17,"target":33},{"cost":0,"weight":214,"source":19,"target":24},{"cost":0,"weight":712,"source":8,"target":29},{"cost":0,"weight":156,"source":30,"target":22},{"cost":0,"weight":777,"source":9,"target":39},{"cost":0,"weight":251,"source":17,"target":0},{"cost":0,"weight":240,"source":39,"target":27},{"cost":0,"weight":230,"source":31,"target":20},{"cost":0,"weight":247,"source":19,"target":20},{"cost":0,"weight":918,"source":6,"target":28},{"cost":0,"weight":730,"source":37,"target":39},{"cost":0,"weight":531,"source":35,"target":27},{"cost":0,"weight":596,"source":1,"target":34},{"cost":0,"weight":91,"source":0,"target":1},{"cost":0,"weight":327,"source":29,"target":23},{"cost":0,"weight":705,"source":17,"target":3},{"cost":0,"weight":676,"source":39,"target":7},{"cost":0,"weight":901,"source":36,"target":2},{"cost":0,"weight":839,"source":35,"target":5},{"cost":0,"weight":401,"source":14,"target":30},{"cost":0,"weight":975,"source":9,"target":8},{"cost":0,"weight":488,"source":34,"target":6},{"cost":0,"weight":939,"source":37,"target":3},{"cost":0,"weight":398,"source":28,"target":15},{"cost":0,"weight":35,"source":32,"target":5},{"cost":0,"weight":155,"source":20,"target":15},{"cost":0,"weight":328,"source":36,"target":1},{"cost":0,"weight":897,"source":22,"target":36},{"cost":0,"weight":744,"source":5,"target":1},{"cost":0,"weight":86,"source":38,"target":14},{"cost":0,"weight":481,"source":19,"target":36},{"cost":0,"weight":38,"source":25,"target":6},{"cost":0,"weight":702,"source":20,"target":1},{"cost":0,"weight":416,"source":39,"target":2},{"cost":0,"weight":923,"source":14,"target":22},{"cost":0,"weight":320,"source":5,"target":14},{"cost":0,"weight":265,"source":26,"target":18},{"cost":0,"weight":260,"source":7,"target":8},{"cost":0,"weight":708,"source":12,"target":3},{"cost":0,"weight":495,"source":10,"target":39},{"cost":0,"weight":763,"source":39,"target":20},{"cost":0,"weight":47,"source":39,"target":33},{"cost":0,"weight":542,"source":14,"target":15},{"cost":0,"weight":181,"source":27,"target":24},{"cost":0,"weight":126,"source":21,"target":35},{"cost":0,"weight":534,"source":35,"target":33},{"cost":0,"weight":765,"source":5,"target":2},{"cost":0,"weight":737,"source":21,"target":9},{"cost":0,"weight":63,"source":14,"target":18},{"cost":0,"weight":920,"source":2,"target":19},{"cost":0,"weight":715,"source":23,"target":30},{"cost":0,"weight":608,"source":0,"target":2},{"cost":0,"weight":443,"source":17,"target":16},{"cost":0,"weight":271,"source":28,"target":32},{"cost":0,"weight":926,"source":17,"target":29},{"cost":0,"weight":603,"source":36,"target":25},{"cost":0,"weight":45,"source":12,"target":37},{"cost":0,"weight":243,"source":3,"target":23},{"cost":0,"weight":662,"source":14,"target":13},{"cost":0,"weight":189,"source":13,"target":34},{"cost":0,"weight":137,"source":19,"target":11},{"cost":0,"weight":142,"source":22,"target":5},{"cost":0,"weight":449,"source":16,"target":30},{"cost":0,"weight":911,"source":24,"target":15},{"cost":0,"weight":343,"source":16,"target":2},{"cost":0,"weight":185,"source":31,"target":15},{"cost":0,"weight":525,"source":27,"target":39},{"cost":0,"weight":416,"source":32,"target":38},{"cost":0,"weight":534,"source":38,"target":34},{"cost":0,"weight":611,"source":32,"target":30},{"cost":0,"weight":60,"source":32,"target":31},{"cost":0,"weight":815,"source":36,"target":18},{"cost":0,"weight":534,"source":12,"target":20},{"cost":0,"weight":152,"source":8,"target":7},{"cost":0,"weight":847,"source":10,"target":30},{"cost":0,"weight":977,"source":28,"target":37},{"cost":0,"weight":690,"source":31,"target":35},{"cost":0,"weight":490,"source":27,"target":25},{"cost":0,"weight":245,"source":5,"target":11},{"cost":0,"weight":907,"source":13,"target":19},{"cost":0,"weight":353,"source":38,"target":19},{"cost":0,"weight":360,"source":21,"target":38},{"cost":0,"weight":955,"source":34,"target":15},{"cost":0,"weight":806,"source":36,"target":9},{"cost":0,"weight":695,"source":24,"target":4},{"cost":0,"weight":335,"source":8,"target":31},{"cost":0,"weight":486,"source":1,"target":18},{"cost":0,"weight":518,"source":15,"target":5},{"cost":0,"weight":949,"source":33,"target":32},{"cost":0,"weight":422,"source":36,"target":24},{"cost":0,"weight":434,"source":37,"target":38},{"cost":0,"weight":397,"source":7,"target":27},{"cost":0,"weight":267,"source":15,"target":10},{"cost":0,"weight":153,"source":25,"target":3},{"cost":0,"weight":516,"source":35,"target":26},{"cost":0,"weight":82,"source":31,"target":2},{"cost":0,"weight":421,"source":10,"target":16},{"cost":0,"weight":294,"source":16,"target":0},{"cost":0,"weight":350,"source":2,"target":5},{"cost":0,"weight":99,"source":38,"target":32},{"cost":0,"weight":841,"source":17,"target":4},{"cost":0,"weight":758,"source":17,"target":12},{"cost":0,"weight":665,"source":32,"target":6},{"cost":0,"weight":252,"source":5,"target":38},{"cost":0,"weight":486,"source":7,"target":5},{"cost":0,"weight":312,"source":32,"target":25},{"cost":0,"weight":317,"source":13,"target":32},{"cost":0,"weight":662,"source":15,"target":36},{"cost":0,"weight":502,"source":31,"target":10},{"cost":0,"weight":362,"source":5,"target":23},{"cost":0,"weight":122,"source":18,"target":5},{"cost":0,"weight":889,"source":20,"target":28},{"cost":0,"weight":982,"source":4,"target":10},{"cost":0,"weight":667,"source":12,"target":10},{"cost":0,"weight":347,"source":37,"target":36},{"cost":0,"weight":206,"source":16,"target":11},{"cost":0,"weight":685,"source":23,"target":4},{"cost":0,"weight":112,"source":1,"target":7},{"cost":0,"weight":898,"source":18,"target":26},{"cost":0,"weight":233,"source":21,"target":37},{"cost":0,"weight":367,"source":38,"target":10},{"cost":0,"weight":928,"source":38,"target":20},{"cost":0,"weight":764,"source":38,"target":35},{"cost":0,"weight":207,"source":34,"target":7},{"cost":0,"weight":266,"source":31,"target":32},{"cost":0,"weight":590,"source":20,"target":26},{"cost":0,"weight":471,"source":31,"target":37},{"cost":0,"weight":947,"source":39,"target":24},{"cost":0,"weight":712,"source":9,"target":31},{"cost":0,"weight":317,"source":13,"target":14},{"cost":0,"weight":968,"source":21,"target":15},{"cost":0,"weight":773,"source":22,"target":7},{"cost":0,"weight":123,"source":11,"target":5},{"cost":0,"weight":139,"source":20,"target":12},{"cost":0,"weight":462,"source":27,"target":16},{"cost":0,"weight":122,"source":22,"target":21},{"cost":0,"weight":372,"source":36,"target":20},{"cost":0,"weight":511,"source":28,"target":7},{"cost":0,"weight":514,"source":15,"target":39}],"graph":{"S":0,"T":10},"multigraph":false}