{"directed":true,"nodes":[{"id":0},{"id":1},{"id":2},{"id":3},{"id":4},{"id":5},{"id":6},{"id":7},{"id":8},{"id":9},{"id":10},{"id":11},{"id":12},{"id":13},{"id":14},{"id":15},{"id":16},{"id":17},{"id":18},{"id":19},{"id":20},{"id":21},{"id":22},{"id":23},{"id":24},{"id":25},{"id":26},{"id":27},{"id":28},{"id":29},{"id":30},{"id":31},{"id":32},{"id":33},{"id":34},{"id":35},{"id":36},{"id":37},{"id":38},{"id":39}],"links":[{"cost":0,"weight":212,"source":24,"target":36},{"cost":0,"weight":737,"source":18,"target":19},{"cost":0,"weight":613,"source":13,"target":11},{"cost":0,"weight":881,"source":38,"target":15},{"cost":0,"weight":62,"source":13,"target":12},{"cost":0,"weight":543,"source":25,"target":31},{"cost":0,"weight":693,"source":23,"target":16},{"cost":0,"weight":690,"source":24,"target":18},{"cost":0,"weight":175,"source":37,"target":3},{"cost":0,"weight":593,"source":22,"target":39},{"cost":0,"weight":905,"source":22,"target":24},{"cost":0,"weight":487,"source":36,"target":30},{"cost":0,"weight":869,"source":14,"target":8},{"cost":0,"weight":993,"source":5,"target":18},{"cost":0,"weight":548,"source":23,"target":25},{"cost":0,"weight":606,"source":8,"target":38},{"cost":0,"weight":961,"source":9,"target":35},{"cost":0,"weight":855,"source":34,"target":37},{"cost":0,"weight":814,"source":37,"target":30},{"cost":0,"weight":788,"source":31,"target":38},{"cost":0,"weight":698,"source":10,"target":7},{"cost":0,"weight":960,"source":21,"target":28},{"cost":0,"weight":240,"source":18,"target":1},{"cost":0,"weight":843,"source":5,"target":27},{"cost":0,"weight":955,"source":5,"target":24},{"cost":0,"weight":772,"source":31,"target":22},{"cost":0,"weight":358,"source":0,"target":17},{"cost":0,"weight":196,"source":34,"target":22},{"cost":0,"weight":725,"source":17,"target":22},{"cost":0,"weight":383,"source":13,"target":29},{"cost":0,"weight":911,"source":33,"target":22},{"cost":0,"weight":412,"source":12,"target":9},{"cost":0,"weight":798,"source":38,"target":16},{"cost":0,"weight":115,"source":2,"target":3},{"cost":0,"weight":263,"source":36,"target":31},{"cost":0,"weight":33,"source":39,"target":31},{"cost":0,"weight":895,"source":24,"target":17},{"cost":0,"weight":919,"source":6,"target":22},{"cost":0,"weight":180,"source":9,"target":34},{"cost":0,"weight":873,"source":38,"target":0},{"cost":0,"weight":797,"source":27,"target":22},{"cost":0,"weight":47,"source":27,"target":13},{"cost":0,"weight":224,"source":9,"target":36},{"cost":0,"weight":915,"source":0,"target":18},{"cost":0,"weight":224,"source":30,"target":6},{"cost":0,"weight":522,"source":27,"target":17},{"cost":0,"weight":218,"source":16,"target":12},{"cost":0,"weight":949,"source":30,"target":8},{"cost":0,"weight":195,"source":2,"target":16},{"cost":0,"weight":867,"source":37,"target":28},{"cost":0,"weight":788,"source":21,"target":12},{"cost":0,"weight":81,"source":17,"target":15},{"cost":0,"weight":569,"source":34,"target":32},{"cost":0,"weight":298,"source":24,"target":20},{"cost":0,"weight":683,"source":6,"target":23},{"cost":0,"weight":789,"source":14,"target":11},{"cost":0,"weight":933,"source":19,"target":17},{"cost":0,"weight":141,"source":4,"target":0},{"cost":0,"weight":134,"source":39,"target":12},{"cost":0,"weight":791,"source":27,"target":30},{"cost":0,"weight":703,"source":34,"target":3},{"cost":0,"weight":59,"source":21,"target":9},{"cost":0,"weight":104,"source":25,"target":1},{"cost":0,"weight":255,"source":10,"target":14},{"cost":0,"weight":512,"source":9,"target":26},{"cost":0,"weight":77,"source":12,"target":16},{"cost":0,"weight":372,"source":6,"target":9},{"cost":0,"weight":42,"source":7,"target":29},{"cost":0,"weight":942,"source":33,"target":18},{"cost":0,"weight":13,"source":0,"target":12},{"cost":0,"weight":692,"source":15,"target":27},{"cost":0,"weight":269,"source":12,"target":13},{"cost":0,"weight":251,"source":14,"target":23},{"cost":0,"weight":455,"source":33,"target":26},{"cost":0,"weight":780,"source":30,"target":19},{"cost":0,"weight":857,"source":31,"target":15},{"cost":0,"weight":476,"source":9,"target":15},{"cost":0,"weight":645,"source":34,"target":7},{"cost":0,"weight":364,"source":17,"target":11},{"cost":0,"weight":292,"source":5,"target":7},{"cost":0,"weight":752,"source":12,"target":1},{"cost":0,"weight":202,"source":37,"target":38},{"cost":0,"weight":410,"source":22,"target":8},{"cost":0,"weight":404,"source":23,"target":38},{"cost":0,"weight":247,"source":36,"target":17},{"cost":0,"weight":861,"source":7,"target":20},{"cost":0,"weight":603,"source":24,"target":10},{"cost":0,"weight":767,"source":22,"target":34},{"cost":0,"weight":526,"source":14,"target":0},{"cost":0,"weight":566,"source":34,"target":25},{"cost":0,"weight":318,"source":30,"target":28},{"cost":0,"weight":30,"source":3,"target":23},{"cost":0,"weight":817,"source":5,"target":31},{"cost":0,"weight":438,"source":32,"target":25},{"cost":0,"weight":119,"source":29,"target":12},{"cost":0,"weight":962,"source":38,"target":27},{"cost":0,"weight":780,"source":29,"target":23},{"cost":0,"weight":829,"source":10,"target":31},{"cost":0,"weight":937,"source":26,"target":11},{"cost":0,"weight":473,"source":36,"target":4},{"cost":0,"weight":612,"source":3,"target":24},{"cost":0,"weight":660,"source":24,"target":33},{"cost":0,"weight":953,"source":30,"target":13},{"cost":0,"weight":389,"source":23,"target":28},{"cost":0,"weight":222,"source":28,"target":32},{"cost":0,"weight":59,"source":10,"target":12},{"cost":0,"weight":818,"source":32,"target":9},{"cost":0,"weight":836,"source":27,"target":16},{"cost":0,"weight":61,"source":22,"target":29},{"cost":0,"weight":944,"source":33,"target":20},{"cost":0,"weight":431,"source":34,"target":11},{"cost":0,"weight":396,"source":32,"target":31},{"cost":0,"weight":208,"source":28,"target":12},{"cost":0,"weight":604,"source":26,"target":1},{"cost":0,"weight":594,"source":4,"target":10},{"cost":0,"weight":441,"source":38,"target":21},{"cost":0,"weight":249,"source":22,"target":0},{"cost":0,"weight":673,"source":33,"target":36},{"cost":0,"weight":601,"source":31,"target":39},{"cost":0,"weight":522,"source":19,"target":2},{"cost":0,"weight":976,"source":15,"target":1},{"cost":0,"weight":798,"source":7,"target":14},{"cost":0,"weight":795,"source":19,"target":39},{"cost":0,"weight":284,"source":0,"target":15},{"cost":0,"weight":80,"source":34,"target":14},{"cost":0,"weight":435,"source":34,"target":17},{"cost":0,"weight":70,"source":8,"target":24},{"cost":0,"weight":59,"source":14,"target":38},{"cost":0,"weight":651,"source":22,"target":28},{"cost":0,"weight":229,"source":5,"target":34},{"cost":0,"weight":333,"source":31,"target":36},{"cost":0,"weight":660,"source":15,"target":37},{"cost":0,"weight":114,"source":6,"target":16},{"cost":0,"weight":855,"source":17,"target":13},{"cost":0,"weight":821,"source":37,"target":12},{"cost":0,"weight":322,"source":0,"target":16},{"cost":0,"weight":233,"source":24,"target":8},{"cost":0,"weight":720,"source":34,"target":30},{"cost":0,"weight":173,"source":14,"target":17},{"cost":0,"weight":738,"source":30,"target":18},{"cost":0,"weight":451,"source":16,"target":27},{"cost":0,"weight":980,"source":19,"target":16},{"cost":0,"weight":298,"source":23,"target":10},{"cost":0,"weight":619,"source":32,"target":14},{"cost":0,"weight":660,"source":15,"target":31},{"cost":0,"weight":686,"source":21,"target":17},{"cost":0,"weight":52,"source":6,"target":35},{"cost":0,"weight":420,"source":33,"target":34},{"cost":0,"weight":630,"source":13,"target":10},{"cost":0,"weight":568,"source":3,"target":36},{"cost":0,"weight":667,"source":6,"target":2},{"cost":0,"weight":716,"source":22,"target":12},{"cost":0,"weight":540,"source":4,"target":26},{"cost":0,"weight":213,"source":7,"target":26},{"cost":0,"weight":336,"source":10,"target":20},{"cost":0,"weight":844,"source":10,"target":36},{"cost":0,"weight":282,"source":3,"target":19},{"cost":0,"weight":270,"source":30,"target":34},{"cost":0,"weight":739,"source":37,"target":20},{"cost":0,"weight":429,"source":25,"target":34}],"graph":{"S":0,"T":10},"multigraph":false}