{"directed":true,"nodes":[{"id":0},{"id":1},{"id":2},{"id":3},{"id":4},{"id":5},{"id":6},{"id":7},{"id":8},{"id":9},{"id":10},{"id":11},{"id":12},{"id":13},{"id":14},{"id":15},{"id":16},{"id":17},{"id":18},{"id":19},{"id":20},{"id":21},{"id":22},{"id":23},{"id":24},{"id":25},{"id":26},{"id":27},{"id":28},{"id":29},{"id":30},{"id":31},{"id":32},{"id":33},{"id":34},{"id":35},{"id":36},{"id":37},{"id":38},{"id":39}],"links":[{"cost":0,"weight":878,"source":37,"target":27},{"cost":0,"weight":249,"source":5,"target":6},{"cost":0,"weight":432,"source":9,"target":15},{"cost":0,"weight":728,"source":28,"target":29},{"cost":0,"weight":917,"source":10,"target":11},{"cost":0,"weight":837,"source":16,"target":10},{"cost":0,"weight":591,"source":19,"target":25},{"cost":0,"weight":25,"source":35,"target":16},{"cost":0,"weight":888,"source":1,"target":28},{"cost":0,"weight":364,"source":1,"target":13},{"cost":0,"weight":745,"source":4,"target":34},{"cost":0,"weight":545,"source":1,"target":20},{"cost":0,"weight":808,"source":23,"target":10},{"cost":0,"weight":238,"source":34,"target":33},{"cost":0,"weight":168,"source":31,"target":27},{"cost":0,"weight":993,"source":25,"target":8},{"cost":0,"weight":898,"source":32,"target":7},{"cost":0,"weight":785,"source":38,"target":26},{"cost":0,"weight":967,"source":2,"target":27},{"cost":0,"weight":475,"source":39,"target":13},{"cost":0,"weight":674,"source":35,"target":20},{"cost":0,"weight":856,"source":4,"target":6},{"cost":0,"weight":222,"source":6,"target":23},{"cost":0,"weight":352,"source":2,"target":38},{"cost":0,"weight":912,"source":33,"target":12},{"cost":0,"weight":399,"source":3,"target":22},{"cost":0,"weight":565,"source":12,"target":16},{"cost":0,"weight":306,"source":2,"target":32},{"cost":0,"weight":49,"source":13,"target":30},{"cost":0,"weight":729,"source":12,"target":28},{"cost":0,"weight":495,"source":25,"target":26},{"cost":0,"weight":610,"source":26,"target":12},{"cost":0,"weight":926,"source":5,"target":18},{"cost":0,"weight":92,"source":11,"target":5},{"cost":0,"weight":345,"source":26,"target":33},{"cost":0,"weight":975,"source":15,"target":10},{"cost":0,"weight":771,"source":39,"target":16},{"cost":0,"weight":947,"source":22,"target":38},{"cost":0,"weight":398,"source":16,"target":3},{"cost":0,"weight":614,"source":4,"target":30},{"cost":0,"weight":325,"source":29,"target":10},{"cost":0,"weight":864,"source":30,"target":39},{"cost":0,"weight":167,"source":21,"target":25},{"cost":0,"weight":322,"source":3,"target":5},{"cost":0,"weight":772,"source":8,"target":39},{"cost":0,"weight":677,"source":32,"target":4},{"cost":0,"weight":906,"source":37,"target":28},{"cost":0,"weight":582,"source":31,"target":26},{"cost":0,"weight":729,"source":35,"target":29},{"cost":0,"weight":318,"source":32,"target":23},{"cost":0,"weight":437,"source":39,"target":34},{"cost":0,"weight":222,"source":20,"target":29},{"cost":0,"weight":677,"source":25,"target":21},{"cost":0,"weight":79,"source":22,"target":1},{"cost":0,"weight":116,"source":36,"target":4},{"cost":0,"weight":756,"source":19,"target":13},{"cost":0,"weight":242,"source":38,"target":5},{"cost":0,"weight":91,"source":34,"target":19},{"cost":0,"weight":361,"source":39,"target":5},{"cost":0,"weight":230,"source":7,"target":0},{"cost":0,"weight":856,"source":31,"target":36},{"cost":0,"weight":944,"source":9,"target":2},{"cost":0,"weight":511,"source":24,"target":17},{"cost":0,"weight":843,"source":11,"target":31},{"cost":0,"weight":181,"source":27,"target":38},{"cost":0,"weight":622,"source":0,"target":4},{"cost":0,"weight":971,"source":22,"target":24},{"cost":0,"weight":657,"source":35,"target":21},{"cost":0,"weight":700,"source":6,"target":26},{"cost":0,"weight":718,"source":36,"target":25},{"cost":0,"weight":157,"source":27,"target":29},{"cost":0,"weight":166,"source":17,"target":31},{"cost":0,"weight":196,"source":12,"target":9},{"cost":0,"weight":939,"source":34,"target":31},{"cost":0,"weight":824,"source":28,"target":5},{"cost":0,"weight":158,"source":26,"target":36},{"cost":0,"weight":852,"source":14,"target":12},{"cost":0,"weight":664,"source":8,"target":23},{"cost":0,"weight":738,"source":27,"target":23},{"cost":0,"weight":135,"source":16,"target":18},{"cost":0,"weight":50,"source":36,"target":16},{"cost":0,"weight":82,"source":25,"target":33},{"cost":0,"weight":328,"source":9,"target":22},{"cost":0,"weight":164,"source":14,"target":9},{"cost":0,"weight":218,"source":7,"target":20},{"cost":0,"weight":731,"source":36,"target":11},{"cost":0,"weight":11,"source":15,"target":26},{"cost":0,"weight":459,"source":17,"target":15},{"cost":0,"weight":854,"source":5,"target":12},{"cost":0,"weight":276,"source":23,"target":5},{"cost":0,"weight":617,"source":27,"target":16},{"cost":0,"weight":734,"source":2,"target":12},{"cost":0,"weight":861,"source":38,"target":36},{"cost":0,"weight":24,"source":21,"target":31},{"cost":0,"weight":167,"source":14,"target":36},{"cost":0,"weight":945,"source":20,"target":24},{"cost":0,"weight":269,"source":33,"target":25},{"cost":0,"weight":384,"source":23,"target":39},{"cost":0,"weight":788,"source":33,"target":7},{"cost":0,"weight":683,"source":2,"target":23},{"cost":0,"weight":859,"source":13,"target":12},{"cost":0,"weight":666,"source":0,"target":36},{"cost":0,"weight":546,"source":35,"target":6},{"cost":0,"weight":828,"source":36,"target":9},{"cost":0,"weight":198,"source":28,"target":18},{"cost":0,"weight":605,"source":36,"target":20},{"cost":0,"weight":533,"source":9,"target":34},{"cost":0,"weight":701,"source":29,"target":6},{"cost":0,"weight":725,"source":29,"target":8},{"cost":0,"weight":201,"source":34,"target":39},{"cost":0,"weight":873,"source":36,"target":39},{"cost":0,"weight":81,"source":27,"target":31},{"cost":0,"weight":78,"source":19,"target":36},{"cost":0,"weight":486,"source":14,"target":28},{"cost":0,"weight":377,"source":11,"target":37},{"cost":0,"weight":163,"source":0,"target":26},{"cost":0,"weight":804,"source":34,"target":18},{"cost":0,"weight":387,"source":29,"target":16},{"cost":0,"weight":907,"source":12,"target":30},{"cost":0,"weight":888,"source":34,"target":25},{"cost":0,"weight":95,"source":16,"target":27},{"cost":0,"weight":605,"source":17,"target":5},{"cost":0,"weight":642,"source":38,"target":8},{"cost":0,"weight":52,"source":35,"target":37},{"cost":0,"weight":298,"source":0,"target":17},{"cost":0,"weight":197,"source":36,"target":22},{"cost":0,"weight":76,"source":8,"target":19},{"cost":0,"weight":899,"source":6,"target":12},{"cost":0,"weight":430,"source":16,"target":15},{"cost":0,"weight":395,"source":34,"target":2},{"cost":0,"weight":665,"source":38,"target":17},{"cost":0,"weight":179,"source":3,"target":12},{"cost":0,"weight":313,"source":14,"target":5},{"cost":0,"weight":475,"source":6,"target":36},{"cost":0,"weight":523,"source":33,"target":0},{"cost":0,"weight":679,"source":7,"target":5},{"cost":0,"weight":249,"source":13,"target":37},{"cost":0,"weight":380,"source":34,"target":3},{"cost":0,"weight":348,"source":6,"target":2},{"cost":0,"weight":645,"source":38,"target":35},{"cost":0,"weight":451,"source":15,"target":19},{"cost":0,"weight":86,"source":10,"target":23},{"cost":0,"weight":434,"source":34,"target":15},{"cost":0,"weight":195,"source":29,"target":20},{"cost":0,"weight":624,"source":37,"target":33},{"cost":0,"weight":831,"source":26,"target":37},{"cost":0,"weight":321,"source":25,"target":0},{"cost":0,"weight":147,"source":33,"target":17},{"cost":0,"weight":183,"source":27,"target":35},{"cost":0,"weight":889,"source":9,"target":10},{"cost":0,"weight":510,"source":21,"target":5},{"cost":0,"weight":180,"source":26,"target":3},{"cost":0,"weight":332,"source":15,"target":16},{"cost":0,"weight":690,"source":31,"target":21},{"cost":0,"weight":949,"source":39,"target":25},{"cost":0,"weight":214,"source":24,"target":22},{"cost":0,"weight":673,"source":32,"target":24},{"cost":0,"weight":196,"source":37,"target":30},{"cost":0,"weight":173,"source":7,"target":15},{"cost":0,"weight":662,"source":23,"target":14}],"graph":{"S":0,"T":10},"multigraph":false}