{"directed":true,"nodes":[{"id":0},{"id":1},{"id":2},{"id":3},{"id":4},{"id":5},{"id":6},{"id":7},{"id":8},{"id":9},{"id":10},{"id":11},{"id":12},{"id":13},{"id":14},{"id":15},{"id":16},{"id":17},{"id":18},{"id":19},{"id":20},{"id":21},{"id":22},{"id":23},{"id":24},{"id":25},{"id":26},{"id":27},{"id":28},{"id":29},{"id":30},{"id":31},{"id":32},{"id":33},{"id":34},{"id":35},{"id":36},{"id":37},{"id":38},{"id":39}],"links":[{"cost":0,"weight":122,"source":0,"target":25},{"cost":0,"weight":261,"source":3,"target":32},{"cost":0,"weight":832,"source":15,"target":28},{"cost":0,"weight":775,"source":35,"target":22},{"cost":0,"weight":912,"source":26,"target":10},{"cost":0,"weight":792,"source":22,"target":21},{"cost":0,"weight":53,"source":2,"target":21},{"cost":0,"weight":850,"source":32,"target":38},{"cost":0,"weight":406,"source":2,"target":35},{"cost":0,"weight":959,"source":8,"target":13},{"cost":0,"weight":224,"source":21,"target":3},{"cost":0,"weight":239,"source":10,"target":27},{"cost":0,"weight":976,"source":16,"target":29},{"cost":0,"weight":68,"source":27,"target":25},{"cost":0,"weight":59,"source":3,"target":16},{"cost":0,"weight":202,"source":0,"target":26},{"cost":0,"weight":665,"source":17,"target":21},{"cost":0,"weight":986,"source":4,"target":34},{"cost":0,"weight":474,"source":1,"target":16},{"cost":0,"weight":704,"source":12,"target":11},{"cost":0,"weight":279,"source":1,"target":38},{"cost":0,"weight":885,"source":8,"target":6},{"cost":0,"weight":994,"source":38,"target":10},{"cost":0,"weight":865,"source":32,"target":14},{"cost":0,"weight":99,"source":3,"target":26},{"cost":0,"weight":296,"source":24,"target":16},{"cost":0,"weight":193,"source":27,"target":31},{"cost":0,"weight":128,"source":34,"target":14},{"cost":0,"weight":936,"source":4,"target":26},{"cost":0,"weight":289,"source":31,"target":35},{"cost":0,"weight":54,"source":34,"target":1},{"cost":0,"weight":265,"source":17,"target":10},{"cost":0,"weight":190,"source":21,"target":8},{"cost":0,"weight":920,"source":0,"target":31},{"cost":0,"weight":606,"source":25,"target":21},{"cost":0,"weight":789,"source":0,"target":28},{"cost":0,"weight":624,"source":34,"target":11},{"cost":0,"weight":942,"source":38,"target":9},{"cost":0,"weight":191,"source":38,"target":6},{"cost":0,"weight":105,"source":24,"target":36},{"cost":0,"weight":602,"source":5,"target":24},{"cost":0,"weight":741,"source":9,"target":13},{"cost":0,"weight":95,"source":37,"target":4},{"cost":0,"weight":952,"source":11,"target":33},{"cost":0,"weight":554,"source":4,"target":36},{"cost":0,"weight":857,"source":39,"target":6},{"cost":0,"weight":422,"source":27,"target":28},{"cost":0,"weight":829,"source":17,"target":24},{"cost":0,"weight":677,"source":19,"target":20},{"cost":0,"weight":811,"source":10,"target":30},{"cost":0,"weight":75,"source":3,"target":30},{"cost":0,"weight":326,"source":25,"target":8},{"cost":0,"weight":954,"source":12,"target":29},{"cost":0,"weight":561,"source":16,"target":20},{"cost":0,"weight":676,"source":6,"target":3},{"cost":0,"weight":811,"source":20,"target":26},{"cost":0,"weight":28,"source":33,"target":31},{"cost":0,"weight":168,"source":0,"target":8},{"cost":0,"weight":957,"source":1,"target":14},{"cost":0,"weight":174,"source":3,"target":2},{"cost":0,"weight":115,"source":33,"target":29},{"cost":0,"weight":776,"source":7,"target":8},{"cost":0,"weight":915,"source":25,"target":0},{"cost":0,"weight":515,"source":27,"target":38},{"cost":0,"weight":997,"source":31,"target":2},{"cost":0,"weight":689,"source":16,"target":33},{"cost":0,"weight":577,"source":20,"target":10},{"cost":0,"weight":548,"source":24,"target":34},{"cost":0,"weight":582,"source":26,"target":36},{"cost":0,"weight":425,"source":32,"target":1},{"cost":0,"weight":550,"source":4,"target":2},{"cost":0,"weight":525,"source":7,"target":33},{"cost":0,"weight":393,"source":37,"target":2},{"cost":0,"weight":892,"source":25,"target":33},{"cost":0,"weight":187,"source":5,"target":4},{"cost":0,"weight":185,"source":1,"target":27},{"cost":0,"weight":574,"source":26,"target":14},{"cost":0,"weight":865,"source":11,"target":9},{"cost":0,"weight":325,"source":22,"target":26},{"cost":0,"weight":906,"source":27,"target":2},{"cost":0,"weight":871,"source":3,"target":6},{"cost":0,"weight":733,"source":4,"target":13},{"cost":0,"weight":912,"source":31,"target":4},{"cost":0,"weight":481,"source":22,"target":25},{"cost":0,"weight":678,"source":31,"target":23},{"cost":0,"weight":378,"source":12,"target":2},{"cost":0,"weight":365,"source":28,"target":3},{"cost":0,"weight":999,"source":7,"target":9},{"cost":0,"weight":265,"source":5,"target":28},{"cost":0,"weight":644,"source":14,"target":16},{"cost":0,"weight":281,"source":3,"target":13},{"cost":0,"weight":408,"source":25,"target":13},{"cost":0,"weight":477,"source":22,"target":12},{"cost":0,"weight":997,"source":7,"target":0},{"cost":0,"weight":82,"source":37,"target":18},{"cost":0,"weight":477,"source":30,"target":32},{"cost":0,"weight":54,"source":17,"target":13},{"cost":0,"weight":594,"source":1,"target":7},{"cost":0,"weight":120,"source":6,"target":17},{"cost":0,"weight":603,"source":10,"target":35},{"cost":0,"weight":619,"source":11,"target":5},{"cost":0,"weight":257,"source":28,"target":20},{"cost":0,"weight":638,"source":38,"target":20},{"cost":0,"weight":680,"source":26,"target":18},{"cost":0,"weight":353,"source":30,"target":0},{"cost":0,"weight":447,"source":36,"target":31},{"cost":0,"weight":293,"source":1,"target":9},{"cost":0,"weight":699,"source":23,"target":35},{"cost":0,"weight":74,"source":18,"target":26},{"cost":0,"weight":169,"source":31,"target":22},{"cost":0,"weight":291,"source":38,"target":37},{"cost":0,"weight":90,"source":19,"target":33},{"cost":0,"weight":498,"source":12,"target":21},{"cost":0,"weight":614,"source":13,"target":14},{"cost":0,"weight":302,"source":7,"target":16},{"cost":0,"weight":603,"source":37,"target":29},{"cost":0,"weight":950,"source":1,"target":8},{"cost":0,"weight":338,"source":26,"target":16},{"cost":0,"weight":161,"source":5,"target":31},{"cost":0,"weight":305,"source":12,"target":30},{"cost":0,"weight":579,"source":32,"target":36},{"cost":0,"weight":12,"source":30,"target":37},{"cost":0,"weight":76,"source":17,"target":26},{"cost":0,"weight":648,"source":14,"target":18},{"cost":0,"weight":280,"source":16,"target":25},{"cost":0,"weight":519,"source":33,"target":0},{"cost":0,"weight":284,"source":31,"target":34},{"cost":0,"weight":509,"source":12,"target":38},{"cost":0,"weight":859,"source":23,"target":10},{"cost":0,"weight":157,"source":15,"target":18},{"cost":0,"weight":495,"source":4,"target":25},{"cost":0,"weight":892,"source":0,"target":37},{"cost":0,"weight":931,"source":10,"target":26},{"cost":0,"weight":877,"source":33,"target":37},{"cost":0,"weight":579,"source":7,"target":29},{"cost":0,"weight":341,"source":35,"target":20},{"cost":0,"weight":708,"source":37,"target":0},{"cost":0,"weight":246,"source":22,"target":29},{"cost":0,"weight":951,"source":17,"target":28},{"cost":0,"weight":42,"source":22,"target":15},{"cost":0,"weight":944,"source":21,"target":36},{"cost":0,"weight":630,"source":30,"target":16},{"cost":0,"weight":664,"source":13,"target":38},{"cost":0,"weight":200,"source":27,"target":39},{"cost":0,"weight":891,"source":2,"target":34},{"cost":0,"weight":373,"source":27,"target":19},{"cost":0,"weight":196,"source":30,"target":2},{"cost":0,"weight":831,"source":9,"target":14},{"cost":0,"weight":236,"source":38,"target":3},{"cost":0,"weight":457,"source":23,"target":27},{"cost":0,"weight":273,"source":25,"target":24},{"cost":0,"weight":320,"source":28,"target":23},{"cost":0,"weight":26,"source":3,"target":38},{"cost":0,"weight":604,"source":28,"target":39},{"cost":0,"weight":321,"source":39,"target":4},{"cost":0,"weight":654,"source":34,"target":3},{"cost":0,"weight":70,"source":20,"target":39},{"cost":0,"weight":930,"source":12,"target":15},{"cost":0,"weight":632,"source":38,"target":23},{"cost":0,"weight":498,"source":6,"target":34}],"graph":{"S":0,"T":10},"multigraph":false}