{"directed":true,"nodes":[{"id":0},{"id":1},{"id":2},{"id":3},{"id":4},{"id":5},{"id":6},{"id":7},{"id":8},{"id":9},{"id":10},{"id":11},{"id":12},{"id":13},{"id":14},{"id":15},{"id":16},{"id":17},{"id":18},{"id":19},{"id":20},{"id":21},{"id":22},{"id":23},{"id":24},{"id":25},{"id":26},{"id":27},{"id":28},{"id":29},{"id":30},{"id":31},{"id":32},{"id":33},{"id":34},{"id":35},{"id":36},{"id":37},{"id":38},{"id":39}],"links":[{"cost":0,"weight":815,"source":10,"target":0},{"cost":0,"weight":885,"source":5,"target":23},{"cost":0,"weight":903,"source":24,"target":29},{"cost":0,"weight":379,"source":0,"target":10},{"cost":0,"weight":837,"source":5,"target":22},{"cost":0,"weight":182,"source":3,"target":18},{"cost":0,"weight":196,"source":14,"target":8},{"cost":0,"weight":885,"source":21,"target":5},{"cost":0,"weight":804,"source":24,"target":13},{"cost":0,"weight":55,"source":32,"target":9},{"cost":0,"weight":849,"source":16,"target":36},{"cost":0,"weight":95,"source":14,"target":2},{"cost":0,"weight":452,"source":28,"target":18},{"cost":0,"weight":301,"source":11,"target":9},{"cost":0,"weight":81,"source":1,"target":32},{"cost":0,"weight":760,"source":8,"target":25},{"cost":0,"weight":670,"source":27,"target":20},{"cost":0,"weight":330,"source":34,"target":5},{"cost":0,"weight":31,"source":10,"target":28},{"cost":0,"weight":743,"source":27,"target":0},{"cost":0,"weight":937,"source":10,"target":4},{"cost":0,"weight":589,"source":11,"target":13},{"cost":0,"weight":89,"source":9,"target":13},{"cost":0,"weight":478,"source":38,"target":11},{"cost":0,"weight":62,"source":14,"target":17},{"cost":0,"weight":682,"source":13,"target":16},{"cost":0,"weight":627,"source":25,"target":11},{"cost":0,"weight":264,"source":15,"target":9},{"cost":0,"weight":532,"source":30,"target":25},{"cost":0,"weight":954,"source":9,"target":33},{"cost":0,"weight":87,"source":21,"target":17},{"cost":0,"weight":841,"source":6,"target":16},{"cost":0,"weight":707,"source":22,"target":15},{"cost":0,"weight":171,"source":18,"target":34},{"cost":0,"weight":935,"source":22,"target":12},{"cost":0,"weight":173,"source":37,"target":27},{"cost":0,"weight":534,"source":35,"target":29},{"cost":0,"weight":402,"source":3,"target":9},{"cost":0,"weight":125,"source":5,"target":0},{"cost":0,"weight":314,"source":26,"target":25},{"cost":0,"weight":201,"source":18,"target":21},{"cost":0,"weight":907,"source":29,"target":18},{"cost":0,"weight":228,"source":36,"target":6},{"cost":0,"weight":90,"source":31,"target":33},{"cost":0,"weight":541,"source":5,"target":13},{"cost":0,"weight":468,"source":28,"target":2},{"cost":0,"weight":737,"source":1,"target":16},{"cost":0,"weight":591,"source":14,"target":35},{"cost":0,"weight":826,"source":4,"target":18},{"cost":0,"weight":519,"source":5,"target":35},{"cost":0,"weight":194,"source":14,"target":3},{"cost":0,"weight":90,"source":25,"target":34},{"cost":0,"weight":564,"source":4,"target":11},{"cost":0,"weight":204,"source":34,"target":36},{"cost":0,"weight":976,"source":29,"target":13},{"cost":0,"weight":297,"source":6,"target":1},{"cost":0,"weight":659,"source":39,"target":29},{"cost":0,"weight":218,"source":25,"target":5},{"cost":0,"weight":917,"source":27,"target":9},{"cost":0,"weight":764,"source":12,"target":26},{"cost":0,"weight":141,"source":39,"target":14},{"cost":0,"weight":842,"source":22,"target":17},{"cost":0,"weight":781,"source":13,"target":20},{"cost":0,"weight":948,"source":20,"target":38},{"cost":0,"weight":94,"source":5,"target":30},{"cost":0,"weight":910,"source":18,"target":0},{"cost":0,"weight":879,"source":13,"target":30},{"cost":0,"weight":853,"source":23,"target":1},{"cost":0,"weight":815,"source":4,"target":15},{"cost":0,"weight":941,"source":1,"target":12},{"cost":0,"weight":792,"source":7,"target":14},{"cost":0,"weight":355,"source":4,"target":24},{"cost":0,"weight":799,"source":32,"target":25},{"cost":0,"weight":903,"source":11,"target":0},{"cost":0,"weight":430,"source":15,"target":20},{"cost":0,"weight":179,"source":14,"target":6},{"cost":0,"weight":633,"source":9,"target":39},{"cost":0,"weight":267,"source":24,"target":6},{"cost":0,"weight":921,"source":24,"target":9},{"cost":0,"weight":125,"source":1,"target":15},{"cost":0,"weight":23,"source":27,"target":23},{"cost":0,"weight":384,"source":10,"target":36},{"cost":0,"weight":434,"source":25,"target":18},{"cost":0,"weight":518,"source":4,"target":23},{"cost":0,"weight":540,"source":11,"target":14},{"cost":0,"weight":960,"source":22,"target":4},{"cost":0,"weight":921,"source":15,"target":6},{"cost":0,"weight":844,"source":33,"target":16},{"cost":0,"weight":923,"source":34,"target":24},{"cost":0,"weight":375,"source":39,"target":13},{"cost":0,"weight":175,"source":36,"target":37},{"cost":0,"weight":641,"source":15,"target":13},{"cost":0,"weight":611,"source":18,"target":5},{"cost":0,"weight":565,"source":2,"target":38},{"cost":0,"weight":533,"source":4,"target":13},{"cost":0,"weight":739,"source":20,"target":3},{"cost":0,"weight":18,"source":22,"target":38},{"cost":0,"weight":681,"source":22,"target":35},{"cost":0,"weight":629,"source":1,"target":9},{"cost":0,"weight":569,"source":31,"target":15},{"cost":0,"weight":901,"source":5,"target":7},{"cost":0,"weight":433,"source":4,"target":32},{"cost":0,"weight":156,"source":7,"target":15},{"cost":0,"weight":334,"source":28,"target":20},{"cost":0,"weight":379,"source":32,"target":15},{"cost":0,"weight":619,"source":30,"target":38},{"cost":0,"weight":237,"source":24,"target":5},{"cost":0,"weight":837,"source":39,"target":3},{"cost":0,"weight":265,"source":12,"target":18},{"cost":0,"weight":123,"source":10,"target":1},{"cost":0,"weight":660,"source":7,"target":19},{"cost":0,"weight":499,"source":37,"target":9},{"cost":0,"weight":39,"source":13,"target":9},{"cost":0,"weight":361,"source":0,"target":26},{"cost":0,"weight":297,"source":16,"target":11},{"cost":0,"weight":363,"source":32,"target":20},{"cost":0,"weight":517,"source":14,"target":33},{"cost":0,"weight":17,"source":28,"target":15},{"cost":0,"weight":228,"source":8,"target":31},{"cost":0,"weight":434,"source":38,"target":30},{"cost":0,"weight":122,"source":9,"target":27},{"cost":0,"weight":704,"source":37,"target":2},{"cost":0,"weight":764,"source":10,"target":20},{"cost":0,"weight":28,"source":12,"target":34},{"cost":0,"weight":787,"source":27,"target":21},{"cost":0,"weight":460,"source":32,"target":10},{"cost":0,"weight":566,"source":6,"target":17},{"cost":0,"weight":753,"source":38,"target":15},{"cost":0,"weight":16,"source":30,"target":28},{"cost":0,"weight":697,"source":37,"target":12},{"cost":0,"weight":698,"source":26,"target":3},{"cost":0,"weight":871,"source":30,"target":15},{"cost":0,"weight":17,"source":1,"target":10},{"cost":0,"weight":464,"source":18,"target":32},{"cost":0,"weight":334,"source":13,"target":3},{"cost":0,"weight":188,"source":14,"target":23},{"cost":0,"weight":481,"source":33,"target":11},{"cost":0,"weight":479,"source":12,"target":10},{"cost":0,"weight":792,"source":13,"target":15},{"cost":0,"weight":544,"source":5,"target":34},{"cost":0,"weight":234,"source":23,"target":6},{"cost":0,"weight":183,"source":19,"target":11},{"cost":0,"weight":99,"source":30,"target":7},{"cost":0,"weight":915,"source":0,"target":17},{"cost":0,"weight":35,"source":16,"target":14},{"cost":0,"weight":968,"source":1,"target":3},{"cost":0,"weight":389,"source":4,"target":0},{"cost":0,"weight":523,"source":20,"target":12},{"cost":0,"weight":978,"source":14,"target":26},{"cost":0,"weight":954,"source":30,"target":22},{"cost":0,"weight":938,"source":0,"target":21},{"cost":0,"weight":201,"source":3,"target":14},{"cost":0,"weight":152,"source":30,"target":16},{"cost":0,"weight":477,"source":12,"target":5},{"cost":0,"weight":288,"source":28,"target":11},{"cost":0,"weight":41,"source":4,"target":7},{"cost":0,"weight":705,"source":0,"target":22},{"cost":0,"weight":606,"source":22,"target":8},{"cost":0,"weight":623,"source":11,"target":6},{"cost":0,"weight":263,"source":11,"target":10}],"graph":{"S":0,"T":10},"multigraph":false}