{"directed":true,"nodes":[{"id":0},{"id":1},{"id":2},{"id":3},{"id":4},{"id":5},{"id":6},{"id":7},{"id":8},{"id":9},{"id":10},{"id":11},{"id":12},{"id":13},{"id":14},{"id":15},{"id":16},{"id":17},{"id":18},{"id":19},{"id":20},{"id":21},{"id":22},{"id":23},{"id":24},{"id":25},{"id":26},{"id":27},{"id":28},{"id":29},{"id":30},{"id":31},{"id":32},{"id":33},{"id":34},{"id":35},{"id":36},{"id":37},{"id":38},{"id":39}],"links":[{"cost":0,"weight":425,"source":3,"target":4},{"cost":0,"weight":847,"source":16,"target":33},{"cost":0,"weight":292,"source":14,"target":27},{"cost":0,"weight":827,"source":23,"target":27},{"cost":0,"weight":699,"source":38,"target":18},{"cost":0,"weight":335,"source":34,"target":8},{"cost":0,"weight":358,"source":31,"target":19},{"cost":0,"weight":912,"source":3,"target":35},{"cost":0,"weight":993,"source":16,"target":5},{"cost":0,"weight":724,"source":26,"target":36},{"cost":0,"weight":889,"source":0,"target":11},{"cost":0,"weight":284,"source":31,"target":39},{"cost":0,"weight":35,"source":39,"target":35},{"cost":0,"weight":117,"source":2,"target":13},{"cost":0,"weight":464,"source":22,"target":18},{"cost":0,"weight":512,"source":18,"target":16},{"cost":0,"weight":925,"source":4,"target":36},{"cost":0,"weight":833,"source":25,"target":31},{"cost":0,"weight":463,"source":38,"target":26},{"cost":0,"weight":108,"source":9,"target":2},{"cost":0,"weight":125,"source":25,"target":20},{"cost":0,"weight":423,"source":5,"target":31},{"cost":0,"weight":655,"source":7,"target":14},{"cost":0,"weight":162,"source":6,"target":2},{"cost":0,"weight":498,"source":4,"target":0},{"cost":0,"weight":505,"source":17,"target":10},{"cost":0,"weight":998,"source":28,"target":36},{"cost":0,"weight":587,"source":6,"target":23},{"cost":0,"weight":429,"source":17,"target":20},{"cost":0,"weight":684,"source":32,"target":35},{"cost":0,"weight":774,"source":10,"target":27},{"cost":0,"weight":202,"source":3,"target":7},{"cost":0,"weight":688,"source":9,"target":3},{"cost":0,"weight":363,"source":21,"target":6},{"cost":0,"weight":711,"source":14,"target":21},{"cost":0,"weight":391,"source":11,"target":25},{"cost":0,"weight":73,"source":21,"target":13},{"cost":0,"weight":196,"source":30,"target":35},{"cost":0,"weight":314,"source":1,"target":28},{"cost":0,"weight":852,"source":25,"target":15},{"cost":0,"weight":523,"source":36,"target":10},{"cost":0,"weight":262,"source":11,"target":31},{"cost":0,"weight":203,"source":32,"target":9},{"cost":0,"weight":189,"source":10,"target":9},{"cost":0,"weight":632,"source":21,"target":5},{"cost":0,"weight":537,"source":13,"target":4},{"cost":0,"weight":723,"source":24,"target":8},{"cost":0,"weight":804,"source":3,"target":8},{"cost":0,"weight":314,"source":28,"target":2},{"cost":0,"weight":878,"source":5,"target":36},{"cost":0,"weight":273,"source":7,"target":13},{"cost":0,"weight":418,"source":5,"target":25},{"cost":0,"weight":379,"source":36,"target":38},{"cost":0,"weight":99,"source":34,"target":19},{"cost":0,"weight":737,"source":32,"target":7},{"cost":0,"weight":614,"source":9,"target":39},{"cost":0,"weight":504,"source":19,"target":18},{"cost":0,"weight":807,"source":1,"target":0},{"cost":0,"weight":111,"source":37,"target":16},{"cost":0,"weight":135,"source":27,"target":20},{"cost":0,"weight":334,"source":27,"target":32},{"cost":0,"weight":899,"source":21,"target":3},{"cost":0,"weight":702,"source":13,"target":27},{"cost":0,"weight":78,"source":17,"target":24},{"cost":0,"weight":804,"source":29,"target":27},{"cost":0,"weight":860,"source":6,"target":16},{"cost":0,"weight":224,"source":35,"target":24},{"cost":0,"weight":382,"source":19,"target":35},{"cost":0,"weight":901,"source":0,"target":27},{"cost":0,"weight":53,"source":18,"target":0},{"cost":0,"weight":583,"source":35,"target":30},{"cost":0,"weight":488,"source":10,"target":18},{"cost":0,"weight":432,"source":17,"target":33},{"cost":0,"weight":801,"source":10,"target":33},{"cost":0,"weight":123,"source":22,"target":16},{"cost":0,"weight":542,"source":36,"target":6},{"cost":0,"weight":514,"source":6,"target":0},{"cost":0,"weight":989,"source":25,"target":3},{"cost":0,"weight":305,"source":16,"target":35},{"cost":0,"weight":412,"source":28,"target":1},{"cost":0,"weight":474,"source":12,"target":22},{"cost":0,"weight":267,"source":8,"target":19},{"cost":0,"weight":695,"source":22,"target":31},{"cost":0,"weight":502,"source":22,"target":0},{"cost":0,"weight":140,"source":7,"target":2},{"cost":0,"weight":654,"source":39,"target":14},{"cost":0,"weight":106,"source":7,"target":19},{"cost":0,"weight":485,"source":2,"target":25},{"cost":0,"weight":493,"source":17,"target":29},{"cost":0,"weight":102,"source":18,"target":20},{"cost":0,"weight":728,"source":26,"target":1},{"cost":0,"weight":519,"source":23,"target":14},{"cost":0,"weight":341,"source":39,"target":19},{"cost":0,"weight":615,"source":24,"target":5},{"cost":0,"weight":241,"source":26,"target":14},{"cost":0,"weight":511,"source":8,"target":39},{"cost":0,"weight":435,"source":0,"target":6},{"cost":0,"weight":136,"source":35,"target":38},{"cost":0,"weight":254,"source":31,"target":37},{"cost":0,"weight":399,"source":7,"target":33},{"cost":0,"weight":601,"source":12,"target":5},{"cost":0,"weight":521,"source":3,"target":20},{"cost":0,"weight":811,"source":4,"target":19},{"cost":0,"weight":160,"source":6,"target":27},{"cost":0,"weight":577,"source":7,"target":32},{"cost":0,"weight":312,"source":12,"target":32},{"cost":0,"weight":53,"source":10,"target":17},{"cost":0,"weight":304,"source":19,"target":7},{"cost":0,"weight":169,"source":32,"target":26},{"cost":0,"weight":141,"source":14,"target":22},{"cost":0,"weight":928,"source":29,"target":20},{"cost":0,"weight":935,"source":5,"target":34},{"cost":0,"weight":464,"source":15,"target":6},{"cost":0,"weight":542,"source":15,"target":21},{"cost":0,"weight":909,"source":17,"target":23},{"cost":0,"weight":25,"source":13,"target":12},{"cost":0,"weight":979,"source":5,"target":17},{"cost":0,"weight":284,"source":4,"target":21},{"cost":0,"weight":864,"source":5,"target":33},{"cost":0,"weight":766,"source":39,"target":21},{"cost":0,"weight":100,"source":29,"target":11},{"cost":0,"weight":547,"source":39,"target":31},{"cost":0,"weight":147,"source":17,"target":11},{"cost":0,"weight":952,"source":32,"target":17},{"cost":0,"weight":463,"source":1,"target":31},{"cost":0,"weight":687,"source":15,"target":37},{"cost":0,"weight":789,"source":17,"target":21},{"cost":0,"weight":351,"source":38,"target":23},{"cost":0,"weight":183,"source":33,"target":10},{"cost":0,"weight":186,"source":30,"target":31},{"cost":0,"weight":386,"source":22,"target":38},{"cost":0,"weight":295,"source":6,"target":18},{"cost":0,"weight":761,"source":23,"target":33},{"cost":0,"weight":168,"source":33,"target":16},{"cost":0,"weight":825,"source":31,"target":28},{"cost":0,"weight":356,"source":15,"target":7},{"cost":0,"weight":11,"source":33,"target":13},{"cost":0,"weight":464,"source":16,"target":37},{"cost":0,"weight":400,"source":25,"target":13},{"cost":0,"weight":854,"source":26,"target":2},{"cost":0,"weight":472,"source":27,"target":33},{"cost":0,"weight":961,"source":21,"target":24},{"cost":0,"weight":555,"source":18,"target":33},{"cost":0,"weight":967,"source":4,"target":13},{"cost":0,"weight":498,"source":3,"target":24},{"cost":0,"weight":444,"source":3,"target":32},{"cost":0,"weight":168,"source":18,"target":7},{"cost":0,"weight":147,"source":26,"target":17},{"cost":0,"weight":590,"source":13,"target":11},{"cost":0,"weight":203,"source":25,"target":10},{"cost":0,"weight":466,"source":9,"target":23},{"cost":0,"weight":728,"source":39,"target":27},{"cost":0,"weight":600,"source":1,"target":13},{"cost":0,"weight":363,"source":26,"target":19},{"cost":0,"weight":592,"source":33,"target":6},{"cost":0,"weight":569,"source":7,"target":28},{"cost":0,"weight":20,"source":31,"target":21},{"cost":0,"weight":660,"source":17,"target":19},{"cost":0,"weight":74,"source":1,"target":34},{"cost":0,"weight":901,"source":15,"target":38}],"graph":{"S":0,"T":10},"multigraph":false}