{"directed":true,"nodes":[{"id":0},{"id":1},{"id":2},{"id":3},{"id":4},{"id":5},{"id":6},{"id":7},{"id":8},{"id":9},{"id":10},{"id":11},{"id":12},{"id":13},{"id":14},{"id":15},{"id":16},{"id":17},{"id":18},{"id":19},{"id":20},{"id":21},{"id":22},{"id":23},{"id":24},{"id":25},{"id":26},{"id":27},{"id":28},{"id":29},{"id":30},{"id":31},{"id":32},{"id":33},{"id":34},{"id":35},{"id":36},{"id":37},{"id":38},{"id":39}],"links":[{"cost":0,"weight":704,"source":26,"target":12},{"cost":0,"weight":632,"source":28,"target":26},{"cost":0,"weight":168,"source":36,"target":18},{"cost":0,"weight":624,"source":35,"target":12},{"cost":0,"weight":639,"source":26,"target":16},{"cost":0,"weight":953,"source":4,"target":21},{"cost":0,"weight":204,"source":11,"target":23},{"cost":0,"weight":509,"source":16,"target":13},{"cost":0,"weight":793,"source":18,"target":19},{"cost":0,"weight":571,"source":25,"target":9},{"cost":0,"weight":386,"source":8,"target":1},{"cost":0,"weight":610,"source":10,"target":30},{"cost":0,"weight":839,"source":36,"target":21},{"cost":0,"weight":150,"source":10,"target":33},{"cost":0,"weight":621,"source":30,"target":13},{"cost":0,"weight":853,"source":23,"target":5},{"cost":0,"weight":180,"source":25,"target":38},{"cost":0,"weight":384,"source":39,"target":2},{"cost":0,"weight":543,"source":38,"target":25},{"cost":0,"weight":903,"source":9,"target":23},{"cost":0,"weight":971,"source":5,"target":9},{"cost":0,"weight":570,"source":10,"target":21},{"cost":0,"weight":273,"source":39,"target":27},{"cost":0,"weight":512,"source":4,"target":31},{"cost":0,"weight":833,"source":33,"target":9},{"cost":0,"weight":656,"source":22,"target":15},{"cost":0,"weight":528,"source":37,"target":36},{"cost":0,"weight":672,"source":14,"target":34},{"cost":0,"weight":185,"source":33,"target":27},{"cost":0,"weight":787,"source":14,"target":31},{"cost":0,"weight":976,"source":4,"target":5},{"cost":0,"weight":254,"source":12,"target":23},{"cost":0,"weight":950,"source":36,"target":15},{"cost":0,"weight":53,"source":26,"target":18},{"cost":0,"weight":556,"source":23,"target":14},{"cost":0,"weight":935,"source":27,"target":21},{"cost":0,"weight":903,"source":29,"target":7},{"cost":0,"weight":780,"source":19,"target":1},{"cost":0,"weight":446,"source":34,"target":27},{"cost":0,"weight":983,"source":37,"target":7},{"cost":0,"weight":433,"source":32,"target":24},{"cost":0,"weight":184,"source":29,"target":6},{"cost":0,"weight":429,"source":8,"target":29},{"cost":0,"weight":869,"source":38,"target":7},{"cost":0,"weight":527,"source":20,"target":18},{"cost":0,"weight":312,"source":39,"target":14},{"cost":0,"weight":572,"source":17,"target":12},{"cost":0,"weight":521,"source":0,"target":3},{"cost":0,"weight":313,"source":27,"target":1},{"cost":0,"weight":457,"source":26,"target":1},{"cost":0,"weight":901,"source":10,"target":4},{"cost":0,"weight":161,"source":37,"target":3},{"cost":0,"weight":13,"source":11,"target":30},{"cost":0,"weight":758,"source":3,"target":22},{"cost":0,"weight":300,"source":2,"target":18},{"cost":0,"weight":302,"source":33,"target":31},{"cost":0,"weight":112,"source":26,"target":10},{"cost":0,"weight":148,"source":6,"target":25},{"cost":0,"weight":739,"source":39,"target":3},{"cost":0,"weight":605,"source":36,"target":10},{"cost":0,"weight":368,"source":12,"target":20},{"cost":0,"weight":74,"source":28,"target":1},{"cost":0,"weight":218,"source":14,"target":35},{"cost":0,"weight":740,"source":6,"target":27},{"cost":0,"weight":865,"source":13,"target":24},{"cost":0,"weight":335,"source":5,"target":23},{"cost":0,"weight":870,"source":1,"target":17},{"cost":0,"weight":357,"source":3,"target":28},{"cost":0,"weight":456,"source":38,"target":34},{"cost":0,"weight":103,"source":32,"target":34},{"cost":0,"weight":705,"source":26,"target":20},{"cost":0,"weight":885,"source":8,"target":24},{"cost":0,"weight":887,"source":20,"target":8},{"cost":0,"weight":652,"source":29,"target":16},{"cost":0,"weight":932,"source":32,"target":33},{"cost":0,"weight":788,"source":29,"target":3},{"cost":0,"weight":497,"source":23,"target":11},{"cost":0,"weight":893,"source":23,"target":34},{"cost":0,"weight":505,"source":27,"target":4},{"cost":0,"weight":729,"source":15,"target":18},{"cost":0,"weight":755,"source":0,"target":37},{"cost":0,"weight":670,"source":9,"target":35},{"cost":0,"weight":889,"source":29,"target":28},{"cost":0,"weight":701,"source":34,"target":29},{"cost":0,"weight":133,"source":25,"target":24},{"cost":0,"weight":105,"source":28,"target":4},{"cost":0,"weight":184,"source":37,"target":30},{"cost":0,"weight":310,"source":12,"target":24},{"cost":0,"weight":867,"source":32,"target":39},{"cost":0,"weight":127,"source":37,"target":38},{"cost":0,"weight":749,"source":17,"target":9},{"cost":0,"weight":933,"source":28,"target":24},{"cost":0,"weight":652,"source":32,"target":2},{"cost":0,"weight":466,"source":2,"target":16},{"cost":0,"weight":566,"source":18,"target":20},{"cost":0,"weight":58,"source":36,"target":3},{"cost":0,"weight":82,"source":5,"target":32},{"cost":0,"weight":292,"source":28,"target":6},{"cost":0,"weight":359,"source":26,"target":25},{"cost":0,"weight":724,"source":10,"target":31},{"cost":0,"weight":924,"source":18,"target":9},{"cost":0,"weight":337,"source":38,"target":17},{"cost":0,"weight":715,"source":32,"target":36},{"cost":0,"weight":286,"source":28,"target":37},{"cost":0,"weight":872,"source":8,"target":30},{"cost":0,"weight":525,"source":10,"target":22},{"cost":0,"weight":31,"source":26,"target":36},{"cost":0,"weight":611,"source":9,"target":10},{"cost":0,"weight":695,"source":17,"target":20},{"cost":0,"weight":623,"source":20,"target":33},{"cost":0,"weight":741,"source":4,"target":17},{"cost":0,"weight":209,"source":7,"target":4},{"cost":0,"weight":593,"source":17,"target":25},{"cost":0,"weight":328,"source":7,"target":35},{"cost":0,"weight":785,"source":37,"target":1},{"cost":0,"weight":307,"source":35,"target":6},{"cost":0,"weight":107,"source":35,"target":22},{"cost":0,"weight":320,"source":4,"target":10},{"cost":0,"weight":192,"source":25,"target":33},{"cost":0,"weight":64,"source":33,"target":3},{"cost":0,"weight":921,"source":16,"target":35},{"cost":0,"weight":718,"source":12,"target":33},{"cost":0,"weight":301,"source":7,"target":36},{"cost":0,"weight":454,"source":10,"target":27},{"cost":0,"weight":857,"source":20,"target":38},{"cost":0,"weight":757,"source":35,"target":10},{"cost":0,"weight":479,"source":11,"target":13},{"cost":0,"weight":757,"source":1,"target":27},{"cost":0,"weight":92,"source":8,"target":16},{"cost":0,"weight":636,"source":18,"target":32},{"cost":0,"weight":549,"source":8,"target":27},{"cost":0,"weight":87,"source":28,"target":14},{"cost":0,"weight":995,"source":15,"target":9},{"cost":0,"weight":928,"source":33,"target":24},{"cost":0,"weight":989,"source":1,"target":2},{"cost":0,"weight":939,"source":34,"target":18},{"cost":0,"weight":217,"source":9,"target":8},{"cost":0,"weight":216,"source":32,"target":37},{"cost":0,"weight":946,"source":32,"target":17},{"cost":0,"weight":869,"source":35,"target":19},{"cost":0,"weight":984,"source":8,"target":6},{"cost":0,"weight":784,"source":21,"target":34},{"cost":0,"weight":511,"source":0,"target":7},{"cost":0,"weight":885,"source":1,"target":31},{"cost":0,"weight":14,"source":14,"target":33},{"cost":0,"weight":189,"source":0,"target":26},{"cost":0,"weight":927,"source":13,"target":2},{"cost":0,"weight":807,"source":15,"target":2},{"cost":0,"weight":101,"source":38,"target":39},{"cost":0,"weight":524,"source":32,"target":16},{"cost":0,"weight":486,"source":31,"target":14},{"cost":0,"weight":994,"source":0,"target":34},{"cost":0,"weight":374,"source":16,"target":12},{"cost":0,"weight":448,"source":11,"target":17},{"cost":0,"weight":356,"source":12,"target":0},{"cost":0,"weight":265,"source":32,"target":22},{"cost":0,"weight":558,"source":23,"target":18},{"cost":0,"weight":979,"source":33,"target":26},{"cost":0,"weight":545,"source":6,"target":1},{"cost":0,"weight":380,"source":25,"target":18}],"graph":{"S":0,"T":10},"multigraph":false}