{"directed":true,"nodes":[{"id":0},{"id":1},{"id":2},{"id":3},{"id":4},{"id":5},{"id":6},{"id":7},{"id":8},{"id":9},{"id":10},{"id":11},{"id":12},{"id":13},{"id":14},{"id":15},{"id":16},{"id":17},{"id":18},{"id":19},{"id":20},{"id":21},{"id":22},{"id":23},{"id":24},{"id":25},{"id":26},{"id":27},{"id":28},{"id":29},{"id":30},{"id":31},{"id":32},{"id":33},{"id":34},{"id":35},{"id":36},{"id":37},{"id":38},{"id":39}],"links":[{"cost":0,"weight":430,"source":28,"target":37},{"cost":0,"weight":771,"source":9,"target":15},{"cost":0,"weight":733,"source":14,"target":26},{"cost":0,"weight":924,"source":19,"target":12},{"cost":0,"weight":308,"source":23,"target":22},{"cost":0,"weight":611,"source":2,"target":16},{"cost":0,"weight":714,"source":4,"target":6},{"cost":0,"weight":762,"source":1,"target":34},{"cost":0,"weight":499,"source":11,"target":3},{"cost":0,"weight":123,"source":37,"target":1},{"cost":0,"weight":267,"source":19,"target":31},{"cost":0,"weight":675,"source":35,"target":24},{"cost":0,"weight":164,"source":2,"target":17},{"cost":0,"weight":325,"source":4,"target":31},{"cost":0,"weight":853,"source":18,"target":16},{"cost":0,"weight":167,"source":17,"target":8},{"cost":0,"weight":993,"source":23,"target":14},{"cost":0,"weight":143,"source":4,"target":15},{"cost":0,"weight":385,"source":37,"target":36},{"cost":0,"weight":149,"source":33,"target":30},{"cost":0,"weight":666,"source":32,"target":31},{"cost":0,"weight":212,"source":32,"target":29},{"cost":0,"weight":431,"source":18,"target":35},{"cost":0,"weight":744,"source":12,"target":32},{"cost":0,"weight":42,"source":18,"target":20},{"cost":0,"weight":315,"source":38,"target":32},{"cost":0,"weight":17,"source":21,"target":27},{"cost":0,"weight":160,"source":5,"target":37},{"cost":0,"weight":478,"source":16,"target":8},{"cost":0,"weight":152,"source":1,"target":29},{"cost":0,"weight":163,"source":39,"target":30},{"cost":0,"weight":288,"source":21,"target":1},{"cost":0,"weight":270,"source":29,"target":2},{"cost":0,"weight":336,"source":30,"target":15},{"cost":0,"weight":872,"source":32,"target":21},{"cost":0,"weight":174,"source":28,"target":18},{"cost":0,"weight":21,"source":32,"target":9},{"cost":0,"weight":158,"source":13,"target":5},{"cost":0,"weight":61,"source":4,"target":32},{"cost":0,"weight":391,"source":0,"target":15},{"cost":0,"weight":912,"source":32,"target":8},{"cost":0,"weight":235,"source":12,"target":7},{"cost":0,"weight":589,"source":7,"target":27},{"cost":0,"weight":30,"source":14,"target":9},{"cost":0,"weight":869,"source":17,"target":11},{"cost":0,"weight":656,"source":25,"target":9},{"cost":0,"weight":998,"source":2,"target":27},{"cost":0,"weight":698,"source":37,"target":28},{"cost":0,"weight":62,"source":31,"target":32},{"cost":0,"weight":451,"source":30,"target":23},{"cost":0,"weight":397,"source":13,"target":30},{"cost":0,"weight":48,"source":16,"target":39},{"cost":0,"weight":981,"source":24,"target":15},{"cost":0,"weight":176,"source":28,"target":7},{"cost":0,"weight":668,"source":37,"target":30},{"cost":0,"weight":854,"source":18,"target":7},{"cost":0,"weight":107,"source":12,"target":18},{"cost":0,"weight":93,"source":11,"target":1},{"cost":0,"weight":700,"source":5,"target":6},{"cost":0,"weight":162,"source":17,"target":32},{"cost":0,"weight":652,"source":30,"target":13},{"cost":0,"weight":905,"source":21,"target":17},{"cost":0,"weight":463,"source":38,"target":19},{"cost":0,"weight":881,"source":29,"target":36},{"cost":0,"weight":593,"source":9,"target":22},{"cost":0,"weight":916,"source":0,"target":3},{"cost":0,"weight":715,"source":25,"target":27},{"cost":0,"weight":119,"source":23,"target":8},{"cost":0,"weight":686,"source":10,"target":22},{"cost":0,"weight":496,"source":0,"target":25},{"cost":0,"weight":531,"source":12,"target":14},{"cost":0,"weight":682,"source":25,"target":13},{"cost":0,"weight":634,"source":5,"target":2},{"cost":0,"weight":167,"source":11,"target":22},{"cost":0,"weight":411,"source":18,"target":21},{"cost":0,"weight":138,"source":8,"target":9},{"cost":0,"weight":574,"source":2,"target":33},{"cost":0,"weight":666,"source":39,"target":17},{"cost":0,"weight":333,"source":39,"target":19},{"cost":0,"weight":550,"source":14,"target":31},{"cost":0,"weight":453,"source":31,"target":9},{"cost":0,"weight":798,"source":22,"target":8},{"cost":0,"weight":812,"source":15,"target":35},{"cost":0,"weight":142,"source":26,"target":24},{"cost":0,"weight":985,"source":11,"target":4},{"cost":0,"weight":941,"source":20,"target":14},{"cost":0,"weight":678,"source":36,"target":21},{"cost":0,"weight":581,"source":30,"target":5},{"cost":0,"weight":687,"source":20,"target":9},{"cost":0,"weight":177,"source":21,"target":22},{"cost":0,"weight":488,"source":21,"target":19},{"cost":0,"weight":297,"source":0,"target":2},{"cost":0,"weight":970,"source":27,"target":32},{"cost":0,"weight":676,"source":24,"target":26},{"cost":0,"weight":74,"source":1,"target":33},{"cost":0,"weight":331,"source":27,"target":19},{"cost":0,"weight":872,"source":36,"target":19},{"cost":0,"weight":49,"source":27,"target":21},{"cost":0,"weight":458,"source":1,"target":4},{"cost":0,"weight":270,"source":5,"target":13},{"cost":0,"weight":92,"source":39,"target":7},{"cost":0,"weight":801,"source":6,"target":1},{"cost":0,"weight":253,"source":16,"target":24},{"cost":0,"weight":333,"source":38,"target":23},{"cost":0,"weight":283,"source":31,"target":34},{"cost":0,"weight":915,"source":30,"target":25},{"cost":0,"weight":143,"source":3,"target":27},{"cost":0,"weight":893,"source":7,"target":20},{"cost":0,"weight":317,"source":13,"target":1},{"cost":0,"weight":807,"source":15,"target":20},{"cost":0,"weight":416,"source":30,"target":18},{"cost":0,"weight":622,"source":13,"target":37},{"cost":0,"weight":201,"source":1,"target":38},{"cost":0,"weight":937,"source":17,"target":34},{"cost":0,"weight":214,"source":35,"target":2},{"cost":0,"weight":202,"source":10,"target":33},{"cost":0,"weight":406,"source":6,"target":18},{"cost":0,"weight":199,"source":37,"target":29},{"cost":0,"weight":614,"source":14,"target":13},{"cost":0,"weight":232,"source":11,"target":32},{"cost":0,"weight":676,"source":35,"target":22},{"cost":0,"weight":424,"source":7,"target":19},{"cost":0,"weight":900,"source":8,"target":5},{"cost":0,"weight":235,"source":23,"target":18},{"cost":0,"weight":843,"source":30,"target":35},{"cost":0,"weight":865,"source":21,"target":35},{"cost":0,"weight":236,"source":19,"target":37},{"cost":0,"weight":74,"source":11,"target":14},{"cost":0,"weight":884,"source":25,"target":28},{"cost":0,"weight":247,"source":8,"target":2},{"cost":0,"weight":81,"source":20,"target":35},{"cost":0,"weight":661,"source":34,"target":7},{"cost":0,"weight":170,"source":29,"target":19},{"cost":0,"weight":360,"source":11,"target":15},{"cost":0,"weight":463,"source":2,"target":39},{"cost":0,"weight":503,"source":21,"target":28},{"cost":0,"weight":755,"source":21,"target":10},{"cost":0,"weight":517,"source":37,"target":25},{"cost":0,"weight":66,"source":39,"target":0},{"cost":0,"weight":558,"source":19,"target":13},{"cost":0,"weight":934,"source":9,"target":34},{"cost":0,"weight":447,"source":19,"target":18},{"cost":0,"weight":70,"source":7,"target":5},{"cost":0,"weight":294,"source":35,"target":27},{"cost":0,"weight":54,"source":18,"target":26},{"cost":0,"weight":645,"source":9,"target":3},{"cost":0,"weight":734,"source":0,"target":31},{"cost":0,"weight":835,"source":17,"target":28},{"cost":0,"weight":170,"source":8,"target":3},{"cost":0,"weight":667,"source":33,"target":35},{"cost":0,"weight":188,"source":32,"target":26},{"cost":0,"weight":884,"source":5,"target":14},{"cost":0,"weight":245,"source":16,"target":9},{"cost":0,"weight":173,"source":27,"target":6},{"cost":0,"weight":251,"source":28,"target":5},{"cost":0,"weight":984,"source":21,"target":20},{"cost":0,"weight":452,"source":13,"target":26},{"cost":0,"weight":530,"source":38,"target":37},{"cost":0,"weight":666,"source":10,"target":18},{"cost":0,"weight":736,"source":18,"target":27}],"graph":{"S":0,"T":10},"multigraph":false}