{"directed":true,"nodes":[{"id":0},{"id":1},{"id":2},{"id":3},{"id":4},{"id":5},{"id":6},{"id":7},{"id":8},{"id":9},{"id":10},{"id":11},{"id":12},{"id":13},{"id":14},{"id":15},{"id":16},{"id":17},{"id":18},{"id":19},{"id":20},{"id":21},{"id":22},{"id":23},{"id":24},{"id":25},{"id":26},{"id":27},{"id":28},{"id":29},{"id":30},{"id":31},{"id":32},{"id":33},{"id":34},{"id":35},{"id":36},{"id":37},{"id":38},{"id":39}],"links":[{"cost":0,"weight":449,"source":34,"target":0},{"cost":0,"weight":841,"source":29,"target":27},{"cost":0,"weight":587,"source":38,"target":23},{"cost":0,"weight":177,"source":9,"target":16},{"cost":0,"weight":834,"source":5,"target":29},{"cost":0,"weight":446,"source":6,"target":19},{"cost":0,"weight":118,"source":26,"target":6},{"cost":0,"weight":834,"source":10,"target":30},{"cost":0,"weight":519,"source":9,"target":15},{"cost":0,"weight":230,"source":32,"target":19},{"cost":0,"weight":273,"source":29,"target":4},{"cost":0,"weight":828,"source":27,"target":14},{"cost":0,"weight":107,"source":12,"target":14},{"cost":0,"weight":843,"source":38,"target":20},{"cost":0,"weight":927,"source":0,"target":13},{"cost":0,"weight":95,"source":16,"target":26},{"cost":0,"weight":534,"source":17,"target":15},{"cost":0,"weight":200,"source":33,"target":14},{"cost":0,"weight":10,"source":23,"target":0},{"cost":0,"weight":263,"source":17,"target":19},{"cost":0,"weight":654,"source":3,"target":10},{"cost":0,"weight":538,"source":2,"target":9},{"cost":0,"weight":26,"source":35,"target":5},{"cost":0,"weight":721,"source":30,"target":19},{"cost":0,"weight":215,"source":26,"target":12},{"cost":0,"weight":598,"source":22,"target":39},{"cost":0,"weight":787,"source":16,"target":0},{"cost":0,"weight":815,"source":1,"target":18},{"cost":0,"weight":747,"source":23,"target":36},{"cost":0,"weight":515,"source":19,"target":12},{"cost":0,"weight":664,"source":14,"target":36},{"cost":0,"weight":406,"source":21,"target":6},{"cost":0,"weight":215,"source":7,"target":10},{"cost":0,"weight":847,"source":29,"target":11},{"cost":0,"weight":406,"source":7,"target":22},{"cost":0,"weight":799,"source":9,"target":23},{"cost":0,"weight":909,"source":28,"target":19},{"cost":0,"weight":280,"source":14,"target":11},{"cost":0,"weight":759,"source":12,"target":8},{"cost":0,"weight":512,"source":1,"target":4},{"cost":0,"weight":627,"source":22,"target":24},{"cost":0,"weight":443,"source":3,"target":20},{"cost":0,"weight":438,"source":29,"target":20},{"cost":0,"weight":938,"source":23,"target":15},{"cost":0,"weight":978,"source":1,"target":27},{"cost":0,"weight":345,"source":1,"target":0},{"cost":0,"weight":510,"source":3,"target":24},{"cost":0,"weight":801,"source":13,"target":17},{"cost":0,"weight":633,"source":37,"target":33},{"cost":0,"weight":296,"source":17,"target":34},{"cost":0,"weight":303,"source":12,"target":0},{"cost":0,"weight":582,"source":1,"target":32},{"cost":0,"weight":522,"source":20,"target":34},{"cost":0,"weight":302,"source":21,"target":23},{"cost":0,"weight":172,"source":30,"target":36},{"cost":0,"weight":965,"source":16,"target":34},{"cost":0,"weight":773,"source":24,"target":14},{"cost":0,"weight":277,"source":23,"target":7},{"cost":0,"weight":998,"source":17,"target":0},{"cost":0,"weight":739,"source":19,"target":24},{"cost":0,"weight":10,"source":31,"target":25},{"cost":0,"weight":591,"source":30,"target":28},{"cost":0,"weight":504,"source":15,"target":22},{"cost":0,"weight":618,"source":38,"target":12},{"cost":0,"weight":593,"source":9,"target":7},{"cost":0,"weight":527,"source":1,"target":17},{"cost":0,"weight":30,"source":21,"target":5},{"cost":0,"weight":985,"source":6,"target":10},{"cost":0,"weight":979,"source":38,"target":32},{"cost":0,"weight":156,"source":33,"target":13},{"cost":0,"weight":391,"source":25,"target":10},{"cost":0,"weight":158,"source":17,"target":28},{"cost":0,"weight":165,"source":0,"target":27},{"cost":0,"weight":35,"source":19,"target":8},{"cost":0,"weight":948,"source":39,"target":20},{"cost":0,"weight":957,"source":33,"target":0},{"cost":0,"weight":199,"source":12,"target":34},{"cost":0,"weight":945,"source":22,"target":2},{"cost":0,"weight":869,"source":4,"target":26},{"cost":0,"weight":993,"source":5,"target":39},{"cost":0,"weight":963,"source":24,"target":36},{"cost":0,"weight":633,"source":6,"target":2},{"cost":0,"weight":70,"source":13,"target":25},{"cost":0,"weight":747,"source":21,"target":18},{"cost":0,"weight":348,"source":22,"target":21},{"cost":0,"weight":321,"source":16,"target":6},{"cost":0,"weight":849,"source":16,"target":15},{"cost":0,"weight":912,"source":38,"target":8},{"cost":0,"weight":670,"source":10,"target":14},{"cost":0,"weight":611,"source":23,"target":18},{"cost":0,"weight":974,"source":22,"target":38},{"cost":0,"weight":717,"source":27,"target":13},{"cost":0,"weight":744,"source":19,"target":33},{"cost":0,"weight":725,"source":3,"target":31},{"cost":0,"weight":993,"source":6,"target":7},{"cost":0,"weight":992,"source":18,"target":38},{"cost":0,"weight":267,"source":1,"target":34},{"cost":0,"weight":540,"source":18,"target":16},{"cost":0,"weight":707,"source":23,"target":3},{"cost":0,"weight":518,"source":1,"target":15},{"cost":0,"weight":106,"source":16,"target":20},{"cost":0,"weight":529,"source":18,"target":14},{"cost":0,"weight":590,"source":1,"target":28},{"cost":0,"weight":618,"source":1,"target":2},{"cost":0,"weight":36,"source":31,"target":17},{"cost":0,"weight":175,"source":5,"target":3},{"cost":0,"weight":595,"source":33,"target":36},{"cost":0,"weight":882,"source":10,"target":38},{"cost":0,"weight":203,"source":32,"target":17},{"cost":0,"weight":385,"source":20,"target":37},{"cost":0,"weight":927,"source":4,"target":9},{"cost":0,"weight":598,"source":8,"target":19},{"cost":0,"weight":95,"source":38,"target":33},{"cost":0,"weight":739,"source":8,"target":15},{"cost":0,"weight":379,"source":36,"target":33},{"cost":0,"weight":283,"source":27,"target":26},{"cost":0,"weight":521,"source":31,"target":29},{"cost":0,"weight":300,"source":9,"target":21},{"cost":0,"weight":346,"source":10,"target":18},{"cost":0,"weight":914,"source":15,"target":33},{"cost":0,"weight":707,"source":24,"target":30},{"cost":0,"weight":828,"source":25,"target":33},{"cost":0,"weight":499,"source":39,"target":34},{"cost":0,"weight":410,"source":0,"target":21},{"cost":0,"weight":730,"source":19,"target":28},{"cost":0,"weight":680,"source":20,"target":7},{"cost":0,"weight":289,"source":31,"target":6},{"cost":0,"weight":492,"source":24,"target":27},{"cost":0,"weight":51,"source":7,"target":8},{"cost":0,"weight":670,"source":35,"target":15},{"cost":0,"weight":225,"source":39,"target":1},{"cost":0,"weight":666,"source":33,"target":39},{"cost":0,"weight":400,"source":34,"target":4},{"cost":0,"weight":873,"source":35,"target":3},{"cost":0,"weight":513,"source":8,"target":27},{"cost":0,"weight":218,"source":2,"target":13},{"cost":0,"weight":370,"source":23,"target":13},{"cost":0,"weight":57,"source":28,"target":0},{"cost":0,"weight":569,"source":0,"target":5},{"cost":0,"weight":571,"source":26,"target":32},{"cost":0,"weight":632,"source":38,"target":7},{"cost":0,"weight":916,"source":11,"target":13},{"cost":0,"weight":975,"source":25,"target":22},{"cost":0,"weight":885,"source":33,"target":12},{"cost":0,"weight":164,"source":3,"target":38},{"cost":0,"weight":426,"source":5,"target":36},{"cost":0,"weight":852,"source":26,"target":22},{"cost":0,"weight":582,"source":2,"target":4},{"cost":0,"weight":574,"source":16,"target":12},{"cost":0,"weight":624,"source":15,"target":11},{"cost":0,"weight":635,"source":19,"target":1},{"cost":0,"weight":514,"source":11,"target":8},{"cost":0,"weight":870,"source":27,"target":19},{"cost":0,"weight":872,"source":18,"target":3},{"cost":0,"weight":348,"source":29,"target":25},{"cost":0,"weight":571,"source":15,"target":28},{"cost":0,"weight":153,"source":10,"target":36},{"cost":0,"weight":854,"source":22,"target":32},{"cost":0,"weight":580,"source":26,"target":37},{"cost":0,"weight":717,"source":1,"target":9}],"graph":{"S":0,"T":10},"multigraph":false}