{"directed":true,"nodes":[{"id":0},{"id":1},{"id":2},{"id":3},{"id":4},{"id":5},{"id":6},{"id":7},{"id":8},{"id":9},{"id":10},{"id":11},{"id":12},{"id":13},{"id":14},{"id":15},{"id":16},{"id":17},{"id":18},{"id":19},{"id":20},{"id":21},{"id":22},{"id":23},{"id":24},{"id":25},{"id":26},{"id":27},{"id":28},{"id":29},{"id":30},{"id":31},{"id":32},{"id":33},{"id":34},{"id":35},{"id":36},{"id":37},{"id":38},{"id":39}],"links":[{"cost":0,"weight":226,"source":6,"target":27},{"cost":0,"weight":616,"source":12,"target":27},{"cost":0,"weight":70,"source":27,"target":35},{"cost":0,"weight":923,"source":19,"target":12},{"cost":0,"weight":782,"source":9,"target":29},{"cost":0,"weight":911,"source":35,"target":14},{"cost":0,"weight":373,"source":35,"target":20},{"cost":0,"weight":457,"source":36,"target":31},{"cost":0,"weight":573,"source":9,"target":38},{"cost":0,"weight":237,"source":33,"target":2},{"cost":0,"weight":463,"source":0,"target":26},{"cost":0,"weight":106,"source":5,"target":35},{"cost":0,"weight":233,"source":4,"target":8},{"cost":0,"weight":203,"source":24,"target":38},{"cost":0,"weight":884,"source":9,"target":15},{"cost":0,"weight":957,"source":2,"target":36},{"cost":0,"weight":565,"source":14,"target":27},{"cost":0,"weight":238,"source":15,"target":8},{"cost":0,"weight":678,"source":19,"target":3},{"cost":0,"weight":584,"source":17,"target":4},{"cost":0,"weight":886,"source":2,"target":20},{"cost":0,"weight":70,"source":38,"target":0},{"cost":0,"weight":667,"source":17,"target":20},{"cost":0,"weight":909,"source":7,"target":15},{"cost":0,"weight":988,"source":14,"target":30},{"cost":0,"weight":490,"source":25,"target":10},{"cost":0,"weight":540,"source":38,"target":2},{"cost":0,"weight":244,"source":38,"target":31},{"cost":0,"weight":651,"source":15,"target":37},{"cost":0,"weight":597,"source":38,"target":9},{"cost":0,"weight":576,"source":0,"target":33},{"cost":0,"weight":516,"source":17,"target":25},{"cost":0,"weight":322,"source":21,"target":39},{"cost":0,"weight":288,"source":29,"target":36},{"cost":0,"weight":554,"source":31,"target":19},{"cost":0,"weight":267,"source":10,"target":7},{"cost":0,"weight":30,"source":9,"target":19},{"cost":0,"weight":130,"source":18,"target":1},{"cost":0,"weight":788,"source":25,"target":17},{"cost":0,"weight":753,"source":34,"target":37},{"cost":0,"weight":389,"source":34,"target":12},{"cost":0,"weight":370,"source":10,"target":0},{"cost":0,"weight":397,"source":11,"target":38},{"cost":0,"weight":599,"source":35,"target":24},{"cost":0,"weight":30,"source":30,"target":16},{"cost":0,"weight":594,"source":4,"target":13},{"cost":0,"weight":822,"source":12,"target":17},{"cost":0,"weight":514,"source":12,"target":6},{"cost":0,"weight":272,"source":27,"target":19},{"cost":0,"weight":934,"source":2,"target":29},{"cost":0,"weight":896,"source":25,"target":3},{"cost":0,"weight":888,"source":1,"target":24},{"cost":0,"weight":69,"source":26,"target":27},{"cost":0,"weight":467,"source":23,"target":37},{"cost":0,"weight":701,"source":37,"target":29},{"cost":0,"weight":424,"source":37,"target":25},{"cost":0,"weight":849,"source":6,"target":38},{"cost":0,"weight":496,"source":16,"target":29},{"cost":0,"weight":175,"source":28,"target":12},{"cost":0,"weight":10,"source":37,"target":5},{"cost":0,"weight":228,"source":18,"target":6},{"cost":0,"weight":736,"source":36,"target":22},{"cost":0,"weight":542,"source":35,"target":23},{"cost":0,"weight":774,"source":27,"target":4},{"cost":0,"weight":594,"source":30,"target":14},{"cost":0,"weight":335,"source":28,"target":5},{"cost":0,"weight":510,"source":10,"target":5},{"cost":0,"weight":101,"source":33,"target":6},{"cost":0,"weight":924,"source":26,"target":3},{"cost":0,"weight":645,"source":27,"target":39},{"cost":0,"weight":739,"source":33,"target":16},{"cost":0,"weight":666,"source":25,"target":21},{"cost":0,"weight":730,"source":33,"target":13},{"cost":0,"weight":634,"source":30,"target":37},{"cost":0,"weight":219,"source":21,"target":30},{"cost":0,"weight":572,"source":3,"target":16},{"cost":0,"weight":236,"source":23,"target":29},{"cost":0,"weight":114,"source":12,"target":31},{"cost":0,"weight":879,"source":39,"target":20},{"cost":0,"weight":255,"source":19,"target":7},{"cost":0,"weight":574,"source":30,"target":18},{"cost":0,"weight":237,"source":20,"target":27},{"cost":0,"weight":662,"source":13,"target":7},{"cost":0,"weight":267,"source":32,"target":28},{"cost":0,"weight":632,"source":32,"target":14},{"cost":0,"weight":11,"source":4,"target":22},{"cost":0,"weight":154,"source":32,"target":29},{"cost":0,"weight":28,"source":30,"target":28},{"cost":0,"weight":63,"source":26,"target":39},{"cost":0,"weight":294,"source":33,"target":12},{"cost":0,"weight":980,"source":25,"target":27},{"cost":0,"weight":95,"source":7,"target":28},{"cost":0,"weight":302,"source":33,"target":14},{"cost":0,"weight":307,"source":27,"target":3},{"cost":0,"weight":355,"source":37,"target":19},{"cost":0,"weight":11,"source":5,"target":17},{"cost":0,"weight":704,"source":21,"target":4},{"cost":0,"weight":823,"source":12,"target":35},{"cost":0,"weight":295,"source":15,"target":27},{"cost":0,"weight":353,"source":13,"target":9},{"cost":0,"weight":117,"source":34,"target":8},{"cost":0,"weight":293,"source":7,"target":10},{"cost":0,"weight":268,"source":5,"target":7},{"cost":0,"weight":39,"source":7,"target":35},{"cost":0,"weight":928,"source":9,"target":6},{"cost":0,"weight":493,"source":19,"target":18},{"cost":0,"weight":414,"source":26,"target":10},{"cost":0,"weight":795,"source":24,"target":25},{"cost":0,"weight":43,"source":3,"target":21},{"cost":0,"weight":458,"source":9,"target":22},{"cost":0,"weight":285,"source":13,"target":36},{"cost":0,"weight":499,"source":7,"target":33},{"cost":0,"weight":523,"source":0,"target":12},{"cost":0,"weight":439,"source":23,"target":28},{"cost":0,"weight":533,"source":29,"target":31},{"cost":0,"weight":940,"source":25,"target":24},{"cost":0,"weight":530,"source":30,"target":8},{"cost":0,"weight":306,"source":0,"target":7},{"cost":0,"weight":182,"source":25,"target":2},{"cost":0,"weight":858,"source":2,"target":31},{"cost":0,"weight":912,"source":20,"target":32},{"cost":0,"weight":181,"source":27,"target":13},{"cost":0,"weight":241,"source":26,"target":17},{"cost":0,"weight":253,"source":0,"target":32},{"cost":0,"weight":352,"source":5,"target":24},{"cost":0,"weight":779,"source":13,"target":18},{"cost":0,"weight":561,"source":18,"target":15},{"cost":0,"weight":740,"source":14,"target":20},{"cost":0,"weight":675,"source":19,"target":30},{"cost":0,"weight":467,"source":3,"target":11},{"cost":0,"weight":607,"source":31,"target":29},{"cost":0,"weight":706,"source":9,"target":39},{"cost":0,"weight":87,"source":12,"target":19},{"cost":0,"weight":846,"source":9,"target":30},{"cost":0,"weight":389,"source":8,"target":37},{"cost":0,"weight":315,"source":8,"target":23},{"cost":0,"weight":668,"source":39,"target":24},{"cost":0,"weight":469,"source":5,"target":8},{"cost":0,"weight":64,"source":7,"target":19},{"cost":0,"weight":280,"source":2,"target":5},{"cost":0,"weight":95,"source":23,"target":27},{"cost":0,"weight":892,"source":34,"target":30},{"cost":0,"weight":525,"source":30,"target":4},{"cost":0,"weight":219,"source":0,"target":27},{"cost":0,"weight":194,"source":24,"target":33},{"cost":0,"weight":375,"source":16,"target":30},{"cost":0,"weight":971,"source":39,"target":13},{"cost":0,"weight":765,"source":39,"target":30},{"cost":0,"weight":161,"source":36,"target":19},{"cost":0,"weight":294,"source":4,"target":9},{"cost":0,"weight":773,"source":6,"target":32},{"cost":0,"weight":583,"source":19,"target":35},{"cost":0,"weight":521,"source":5,"target":1},{"cost":0,"weight":742,"source":10,"target":24},{"cost":0,"weight":515,"source":30,"target":6},{"cost":0,"weight":986,"source":28,"target":7},{"cost":0,"weight":216,"source":28,"target":24},{"cost":0,"weight":306,"source":4,"target":7},{"cost":0,"weight":51,"source":20,"target":7},{"cost":0,"weight":468,"source":17,"target":34}],"graph":{"S":0,"T":10},"multigraph":false}