{"directed":true,"nodes":[{"id":0},{"id":1},{"id":2},{"id":3},{"id":4},{"id":5},{"id":6},{"id":7},{"id":8},{"id":9},{"id":10},{"id":11},{"id":12},{"id":13},{"id":14},{"id":15},{"id":16},{"id":17},{"id":18},{"id":19},{"id":20},{"id":21},{"id":22},{"id":23},{"id":24},{"id":25},{"id":26},{"id":27},{"id":28},{"id":29},{"id":30},{"id":31},{"id":32},{"id":33},{"id":34},{"id":35},{"id":36},{"id":37},{"id":38},{"id":39}],"links":[{"cost":0,"weight":275,"source":34,"target":26},{"cost":0,"weight":424,"source":1,"target":30},{"cost":0,"weight":156,"source":0,"target":25},{"cost":0,"weight":862,"source":37,"target":25},{"cost":0,"weight":189,"source":16,"target":37},{"cost":0,"weight":419,"source":4,"target":21},{"cost":0,"weight":414,"source":30,"target":29},{"cost":0,"weight":786,"source":19,"target":11},{"cost":0,"weight":375,"source":28,"target":35},{"cost":0,"weight":729,"source":6,"target":16},{"cost":0,"weight":345,"source":14,"target":37},{"cost":0,"weight":153,"source":16,"target":27},{"cost":0,"weight":907,"source":1,"target":9},{"cost":0,"weight":582,"source":22,"target":6},{"cost":0,"weight":636,"source":14,"target":11},{"cost":0,"weight":949,"source":22,"target":29},{"cost":0,"weight":373,"source":13,"target":31},{"cost":0,"weight":82,"source":11,"target":12},{"cost":0,"weight":773,"source":24,"target":28},{"cost":0,"weight":110,"source":6,"target":13},{"cost":0,"weight":765,"source":12,"target":32},{"cost":0,"weight":144,"source":25,"target":34},{"cost":0,"weight":213,"source":34,"target":2},{"cost":0,"weight":254,"source":22,"target":28},{"cost":0,"weight":170,"source":5,"target":8},{"cost":0,"weight":525,"source":12,"target":25},{"cost":0,"weight":650,"source":27,"target":29},{"cost":0,"weight":449,"source":33,"target":4},{"cost":0,"weight":432,"source":14,"target":30},{"cost":0,"weight":69,"source":35,"target":36},{"cost":0,"weight":44,"source":13,"target":34},{"cost":0,"weight":562,"source":32,"target":34},{"cost":0,"weight":872,"source":3,"target":36},{"cost":0,"weight":649,"source":21,"target":32},{"cost":0,"weight":125,"source":33,"target":14},{"cost":0,"weight":384,"source":31,"target":20},{"cost":0,"weight":876,"source":22,"target":21},{"cost":0,"weight":337,"source":37,"target":10},{"cost":0,"weight":777,"source":24,"target":10},{"cost":0,"weight":937,"source":8,"target":2},{"cost":0,"weight":814,"source":27,"target":20},{"cost":0,"weight":500,"source":1,"target":14},{"cost":0,"weight":460,"source":3,"target":29},{"cost":0,"weight":142,"source":7,"target":30},{"cost":0,"weight":484,"source":17,"target":32},{"cost":0,"weight":189,"source":36,"target":23},{"cost":0,"weight":997,"source":37,"target":17},{"cost":0,"weight":44,"source":25,"target":7},{"cost":0,"weight":783,"source":3,"target":10},{"cost":0,"weight":478,"source":12,"target":36},{"cost":0,"weight":473,"source":7,"target":4},{"cost":0,"weight":437,"source":7,"target":8},{"cost":0,"weight":454,"source":19,"target":0},{"cost":0,"weight":593,"source":15,"target":38},{"cost":0,"weight":76,"source":27,"target":30},{"cost":0,"weight":175,"source":18,"target":11},{"cost":0,"weight":784,"source":32,"target":29},{"cost":0,"weight":574,"source":37,"target":0},{"cost":0,"weight":404,"source":1,"target":13},{"cost":0,"weight":64,"source":30,"target":32},{"cost":0,"weight":558,"source":4,"target":23},{"cost":0,"weight":970,"source":12,"target":21},{"cost":0,"weight":547,"source":35,"target":19},{"cost":0,"weight":429,"source":26,"target":37},{"cost":0,"weight":350,"source":31,"target":33},{"cost":0,"weight":653,"source":23,"target":34},{"cost":0,"weight":413,"source":5,"target":14},{"cost":0,"weight":502,"source":17,"target":15},{"cost":0,"weight":561,"source":9,"target":31},{"cost":0,"weight":354,"source":26,"target":31},{"cost":0,"weight":476,"source":26,"target":24},{"cost":0,"weight":923,"source":6,"target":30},{"cost":0,"weight":158,"source":10,"target":38},{"cost":0,"weight":450,"source":30,"target":0},{"cost":0,"weight":758,"source":2,"target":18},{"cost":0,"weight":633,"source":10,"target":1},{"cost":0,"weight":740,"source":14,"target":33},{"cost":0,"weight":352,"source":37,"target":29},{"cost":0,"weight":42,"source":19,"target":3},{"cost":0,"weight":775,"source":27,"target":18},{"cost":0,"weight":741,"source":38,"target":12},{"cost":0,"weight":654,"source":32,"target":5},{"cost":0,"weight":643,"source":30,"target":3},{"cost":0,"weight":75,"source":23,"target":1},{"cost":0,"weight":678,"source":31,"target":35},{"cost":0,"weight":949,"source":19,"target":5},{"cost":0,"weight":942,"source":29,"target":31},{"cost":0,"weight":227,"source":0,"target":20},{"cost":0,"weight":571,"source":4,"target":20},{"cost":0,"weight":568,"source":37,"target":4},{"cost":0,"weight":750,"source":29,"target":13},{"cost":0,"weight":880,"source":30,"target":20},{"cost":0,"weight":769,"source":30,"target":21},{"cost":0,"weight":147,"source":7,"target":18},{"cost":0,"weight":347,"source":22,"target":0},{"cost":0,"weight":825,"source":36,"target":32},{"cost":0,"weight":499,"source":26,"target":0},{"cost":0,"weight":650,"source":34,"target":11},{"cost":0,"weight":978,"source":3,"target":18},{"cost":0,"weight":369,"source":14,"target":5},{"cost":0,"weight":810,"source":22,"target":8},{"cost":0,"weight":143,"source":17,"target":39},{"cost":0,"weight":252,"source":0,"target":4},{"cost":0,"weight":54,"source":5,"target":7},{"cost":0,"weight":530,"source":4,"target":28},{"cost":0,"weight":915,"source":39,"target":9},{"cost":0,"weight":127,"source":34,"target":23},{"cost":0,"weight":904,"source":8,"target":5},{"cost":0,"weight":418,"source":12,"target":15},{"cost":0,"weight":992,"source":13,"target":35},{"cost":0,"weight":365,"source":25,"target":26},{"cost":0,"weight":340,"source":39,"target":6},{"cost":0,"weight":820,"source":35,"target":7},{"cost":0,"weight":544,"source":17,"target":4},{"cost":0,"weight":76,"source":16,"target":17},{"cost":0,"weight":267,"source":35,"target":27},{"cost":0,"weight":417,"source":3,"target":8},{"cost":0,"weight":647,"source":34,"target":22},{"cost":0,"weight":655,"source":30,"target":14},{"cost":0,"weight":83,"source":17,"target":3},{"cost":0,"weight":373,"source":23,"target":28},{"cost":0,"weight":527,"source":38,"target":8},{"cost":0,"weight":963,"source":12,"target":9},{"cost":0,"weight":602,"source":18,"target":19},{"cost":0,"weight":522,"source":29,"target":18},{"cost":0,"weight":903,"source":24,"target":32},{"cost":0,"weight":795,"source":34,"target":6},{"cost":0,"weight":53,"source":21,"target":22},{"cost":0,"weight":908,"source":5,"target":36},{"cost":0,"weight":688,"source":6,"target":20},{"cost":0,"weight":773,"source":15,"target":13},{"cost":0,"weight":918,"source":27,"target":16},{"cost":0,"weight":844,"source":6,"target":36},{"cost":0,"weight":563,"source":36,"target":37},{"cost":0,"weight":539,"source":0,"target":22},{"cost":0,"weight":305,"source":8,"target":33},{"cost":0,"weight":124,"source":4,"target":35},{"cost":0,"weight":427,"source":39,"target":33},{"cost":0,"weight":233,"source":36,"target":8},{"cost":0,"weight":860,"source":31,"target":24},{"cost":0,"weight":884,"source":18,"target":13},{"cost":0,"weight":815,"source":20,"target":0},{"cost":0,"weight":143,"source":23,"target":30},{"cost":0,"weight":224,"source":15,"target":14},{"cost":0,"weight":750,"source":5,"target":15},{"cost":0,"weight":196,"source":32,"target":33},{"cost":0,"weight":932,"source":32,"target":24},{"cost":0,"weight":143,"source":12,"target":23},{"cost":0,"weight":811,"source":6,"target":9},{"cost":0,"weight":945,"source":31,"target":36},{"cost":0,"weight":243,"source":33,"target":5},{"cost":0,"weight":448,"source":5,"target":18},{"cost":0,"weight":297,"source":18,"target":7},{"cost":0,"weight":77,"source":18,"target":32},{"cost":0,"weight":908,"source":18,"target":24},{"cost":0,"weight":794,"source":33,"target":12},{"cost":0,"weight":872,"source":25,"target":28},{"cost":0,"weight":898,"source":34,"target":29},{"cost":0,"weight":215,"source":38,"target":14},{"cost":0,"weight":508,"source":31,"target":23}],"graph":{"S":0,"T":10},"multigraph":false}