{"directed":true,"nodes":[{"id":0},{"id":1},{"id":2},{"id":3},{"id":4},{"id":5},{"id":6},{"id":7},{"id":8},{"id":9},{"id":10},{"id":11},{"id":12},{"id":13},{"id":14},{"id":15},{"id":16},{"id":17},{"id":18},{"id":19},{"id":20},{"id":21},{"id":22},{"id":23},{"id":24},{"id":25},{"id":26},{"id":27},{"id":28},{"id":29},{"id":30},{"id":31},{"id":32},{"id":33},{"id":34},{"id":35},{"id":36},{"id":37},{"id":38},{"id":39}],"links":[{"cost":0,"weight":980,"source":8,"target":26},{"cost":0,"weight":805,"source":4,"target":7},{"cost":0,"weight":336,"source":9,"target":23},{"cost":0,"weight":864,"source":18,"target":36},{"cost":0,"weight":378,"source":7,"target":24},{"cost":0,"weight":505,"source":19,"target":0},{"cost":0,"weight":645,"source":38,"target":21},{"cost":0,"weight":782,"source":38,"target":16},{"cost":0,"weight":251,"source":15,"target":34},{"cost":0,"weight":105,"source":18,"target":16},{"cost":0,"weight":706,"source":2,"target":17},{"cost":0,"weight":946,"source":21,"target":5},{"cost":0,"weight":734,"source":15,"target":12},{"cost":0,"weight":277,"source":25,"target":7},{"cost":0,"weight":74,"source":17,"target":30},{"cost":0,"weight":84,"source":16,"target":28},{"cost":0,"weight":51,"source":2,"target":37},{"cost":0,"weight":594,"source":21,"target":39},{"cost":0,"weight":76,"source":38,"target":30},{"cost":0,"weight":173,"source":22,"target":30},{"cost":0,"weight":339,"source":38,"target":36},{"cost":0,"weight":766,"source":1,"target":12},{"cost":0,"weight":215,"source":3,"target":7},{"cost":0,"weight":991,"source":37,"target":19},{"cost":0,"weight":671,"source":39,"target":17},{"cost":0,"weight":247,"source":17,"target":2},{"cost":0,"weight":209,"source":37,"target":5},{"cost":0,"weight":608,"source":5,"target":26},{"cost":0,"weight":699,"source":23,"target":37},{"cost":0,"weight":787,"source":23,"target":26},{"cost":0,"weight":625,"source":15,"target":7},{"cost":0,"weight":197,"source":37,"target":23},{"cost":0,"weight":852,"source":34,"target":32},{"cost":0,"weight":944,"source":12,"target":28},{"cost":0,"weight":840,"source":6,"target":14},{"cost":0,"weight":227,"source":35,"target":10},{"cost":0,"weight":363,"source":10,"target":8},{"cost":0,"weight":445,"source":36,"target":23},{"cost":0,"weight":577,"source":31,"target":28},{"cost":0,"weight":975,"source":6,"target":1},{"cost":0,"weight":327,"source":11,"target":5},{"cost":0,"weight":462,"source":32,"target":2},{"cost":0,"weight":347,"source":37,"target":9},{"cost":0,"weight":219,"source":20,"target":2},{"cost":0,"weight":841,"source":23,"target":18},{"cost":0,"weight":802,"source":27,"target":10},{"cost":0,"weight":589,"source":6,"target":34},{"cost":0,"weight":552,"source":8,"target":37},{"cost":0,"weight":85,"source":1,"target":17},{"cost":0,"weight":738,"source":4,"target":13},{"cost":0,"weight":57,"source":23,"target":7},{"cost":0,"weight":928,"source":30,"target":20},{"cost":0,"weight":406,"source":20,"target":36},{"cost":0,"weight":871,"source":31,"target":16},{"cost":0,"weight":206,"source":11,"target":36},{"cost":0,"weight":822,"source":26,"target":3},{"cost":0,"weight":672,"source":28,"target":35},{"cost":0,"weight":238,"source":26,"target":14},{"cost":0,"weight":718,"source":30,"target":8},{"cost":0,"weight":204,"source":15,"target":2},{"cost":0,"weight":732,"source":0,"target":33},{"cost":0,"weight":421,"source":16,"target":11},{"cost":0,"weight":250,"source":2,"target":27},{"cost":0,"weight":109,"source":12,"target":10},{"cost":0,"weight":778,"source":33,"target":11},{"cost":0,"weight":664,"source":36,"target":29},{"cost":0,"weight":935,"source":7,"target":6},{"cost":0,"weight":991,"source":0,"target":13},{"cost":0,"weight":17,"source":32,"target":34},{"cost":0,"weight":67,"source":2,"target":3},{"cost":0,"weight":782,"source":0,"target":31},{"cost":0,"weight":87,"source":27,"target":30},{"cost":0,"weight":406,"source":25,"target":15},{"cost":0,"weight":283,"source":13,"target":4},{"cost":0,"weight":533,"source":17,"target":25},{"cost":0,"weight":760,"source":0,"target":10},{"cost":0,"weight":363,"source":18,"target":14},{"cost":0,"weight":614,"source":35,"target":29},{"cost":0,"weight":525,"source":33,"target":10},{"cost":0,"weight":54,"source":31,"target":5},{"cost":0,"weight":769,"source":1,"target":36},{"cost":0,"weight":917,"source":5,"target":4},{"cost":0,"weight":969,"source":20,"target":22},{"cost":0,"weight":452,"source":19,"target":4},{"cost":0,"weight":377,"source":35,"target":25},{"cost":0,"weight":541,"source":38,"target":13},{"cost":0,"weight":653,"source":38,"target":17},{"cost":0,"weight":884,"source":2,"target":19},{"cost":0,"weight":43,"source":23,"target":0},{"cost":0,"weight":510,"source":28,"target":8},{"cost":0,"weight":608,"source":16,"target":34},{"cost":0,"weight":329,"source":24,"target":3},{"cost":0,"weight":782,"source":21,"target":29},{"cost":0,"weight":900,"source":38,"target":20},{"cost":0,"weight":446,"source":36,"target":2},{"cost":0,"weight":876,"source":31,"target":34},{"cost":0,"weight":327,"source":9,"target":28},{"cost":0,"weight":290,"source":22,"target":4},{"cost":0,"weight":486,"source":6,"target":4},{"cost":0,"weight":250,"source":10,"target":24},{"cost":0,"weight":247,"source":32,"target":23},{"cost":0,"weight":17,"source":0,"target":35},{"cost":0,"weight":25,"source":28,"target":13},{"cost":0,"weight":314,"source":37,"target":30},{"cost":0,"weight":43,"source":24,"target":6},{"cost":0,"weight":279,"source":1,"target":25},{"cost":0,"weight":425,"source":31,"target":18},{"cost":0,"weight":137,"source":36,"target":13},{"cost":0,"weight":209,"source":24,"target":21},{"cost":0,"weight":103,"source":8,"target":14},{"cost":0,"weight":796,"source":15,"target":24},{"cost":0,"weight":592,"source":14,"target":35},{"cost":0,"weight":994,"source":15,"target":26},{"cost":0,"weight":974,"source":35,"target":11},{"cost":0,"weight":73,"source":1,"target":33},{"cost":0,"weight":729,"source":27,"target":39},{"cost":0,"weight":532,"source":26,"target":4},{"cost":0,"weight":874,"source":30,"target":22},{"cost":0,"weight":262,"source":17,"target":10},{"cost":0,"weight":774,"source":34,"target":27},{"cost":0,"weight":255,"source":38,"target":18},{"cost":0,"weight":146,"source":18,"target":5},{"cost":0,"weight":78,"source":22,"target":33},{"cost":0,"weight":194,"source":12,"target":11},{"cost":0,"weight":751,"source":35,"target":19},{"cost":0,"weight":791,"source":1,"target":2},{"cost":0,"weight":728,"source":24,"target":17},{"cost":0,"weight":241,"source":29,"target":28},{"cost":0,"weight":519,"source":18,"target":27},{"cost":0,"weight":63,"source":22,"target":39},{"cost":0,"weight":521,"source":26,"target":34},{"cost":0,"weight":416,"source":25,"target":31},{"cost":0,"weight":750,"source":32,"target":28},{"cost":0,"weight":407,"source":31,"target":32},{"cost":0,"weight":751,"source":17,"target":5},{"cost":0,"weight":835,"source":7,"target":21},{"cost":0,"weight":435,"source":17,"target":23},{"cost":0,"weight":281,"source":6,"target":30},{"cost":0,"weight":20,"source":11,"target":6},{"cost":0,"weight":65,"source":17,"target":18},{"cost":0,"weight":509,"source":28,"target":19},{"cost":0,"weight":75,"source":19,"target":33},{"cost":0,"weight":524,"source":3,"target":19},{"cost":0,"weight":637,"source":12,"target":24},{"cost":0,"weight":877,"source":6,"target":2},{"cost":0,"weight":815,"source":6,"target":0},{"cost":0,"weight":589,"source":36,"target":9},{"cost":0,"weight":769,"source":18,"target":26},{"cost":0,"weight":647,"source":28,"target":29},{"cost":0,"weight":542,"source":30,"target":2},{"cost":0,"weight":53,"source":34,"target":26},{"cost":0,"weight":117,"source":39,"target":30},{"cost":0,"weight":609,"source":35,"target":7},{"cost":0,"weight":668,"source":19,"target":7},{"cost":0,"weight":405,"source":16,"target":13},{"cost":0,"weight":179,"source":6,"target":3},{"cost":0,"weight":985,"source":17,"target":15},{"cost":0,"weight":708,"source":5,"target":12},{"cost":0,"weight":11,"source":8,"target":19},{"cost":0,"weight":552,"source":8,"target":11}],"graph":{"S":0,"T":10},"multigraph":false}