{"directed":true,"nodes":[{"id":0},{"id":1},{"id":2},{"id":3},{"id":4},{"id":5},{"id":6},{"id":7},{"id":8},{"id":9},{"id":10},{"id":11},{"id":12},{"id":13},{"id":14},{"id":15},{"id":16},{"id":17},{"id":18},{"id":19},{"id":20},{"id":21},{"id":22},{"id":23},{"id":24},{"id":25},{"id":26},{"id":27},{"id":28},{"id":29},{"id":30},{"id":31},{"id":32},{"id":33},{"id":34},{"id":35},{"id":36},{"id":37},{"id":38},{"id":39}],"links":[{"cost":0,"weight":305,"source":34,"target":9},{"cost":0,"weight":759,"source":10,"target":1},{"cost":0,"weight":570,"source":36,"target":13},{"cost":0,"weight":809,"source":39,"target":7},{"cost":0,"weight":41,"source":6,"target":22},{"cost":0,"weight":126,"source":2,"target":36},{"cost":0,"weight":561,"source":24,"target":1},{"cost":0,"weight":329,"source":4,"target":12},{"cost":0,"weight":265,"source":20,"target":25},{"cost":0,"weight":601,"source":10,"target":4},{"cost":0,"weight":526,"source":36,"target":22},{"cost":0,"weight":455,"source":15,"target":17},{"cost":0,"weight":168,"source":36,"target":25},{"cost":0,"weight":608,"source":28,"target":32},{"cost":0,"weight":990,"source":19,"target":10},{"cost":0,"weight":169,"source":19,"target":27},{"cost":0,"weight":534,"source":23,"target":25},{"cost":0,"weight":921,"source":3,"target":13},{"cost":0,"weight":784,"source":6,"target":30},{"cost":0,"weight":858,"source":37,"target":27},{"cost":0,"weight":128,"source":33,"target":37},{"cost":0,"weight":843,"source":5,"target":30},{"cost":0,"weight":100,"source":3,"target":1},{"cost":0,"weight":895,"source":36,"target":33},{"cost":0,"weight":68,"source":23,"target":4},{"cost":0,"weight":409,"source":18,"target":3},{"cost":0,"weight":49,"source":39,"target":24},{"cost":0,"weight":208,"source":1,"target":10},{"cost":0,"weight":402,"source":1,"target":21},{"cost":0,"weight":436,"source":5,"target":37},{"cost":0,"weight":14,"source":12,"target":0},{"cost":0,"weight":981,"source":24,"target":27},{"cost":0,"weight":519,"source":24,"target":20},{"cost":0,"weight":486,"source":2,"target":13},{"cost":0,"weight":712,"source":20,"target":39},{"cost":0,"weight":76,"source":29,"target":37},{"cost":0,"weight":737,"source":1,"target":20},{"cost":0,"weight":684,"source":22,"target":18},{"cost":0,"weight":982,"source":3,"target":24},{"cost":0,"weight":447,"source":23,"target":17},{"cost":0,"weight":786,"source":7,"target":19},{"cost":0,"weight":818,"source":2,"target":9},{"cost":0,"weight":73,"source":0,"target":21},{"cost":0,"weight":504,"source":24,"target":19},{"cost":0,"weight":503,"source":28,"target":19},{"cost":0,"weight":804,"source":32,"target":21},{"cost":0,"weight":944,"source":27,"target":29},{"cost":0,"weight":858,"source":19,"target":25},{"cost":0,"weight":513,"source":11,"target":38},{"cost":0,"weight":835,"source":0,"target":5},{"cost":0,"weight":334,"source":20,"target":35},{"cost":0,"weight":675,"source":35,"target":11},{"cost":0,"weight":691,"source":3,"target":0},{"cost":0,"weight":16,"source":3,"target":2},{"cost":0,"weight":347,"source":8,"target":35},{"cost":0,"weight":636,"source":6,"target":10},{"cost":0,"weight":885,"source":10,"target":9},{"cost":0,"weight":707,"source":25,"target":18},{"cost":0,"weight":616,"source":9,"target":38},{"cost":0,"weight":578,"source":8,"target":20},{"cost":0,"weight":857,"source":14,"target":22},{"cost":0,"weight":927,"source":32,"target":17},{"cost":0,"weight":452,"source":27,"target":8},{"cost":0,"weight":109,"source":11,"target":36},{"cost":0,"weight":302,"source":17,"target":20},{"cost":0,"weight":774,"source":38,"target":8},{"cost":0,"weight":767,"source":35,"target":38},{"cost":0,"weight":730,"source":39,"target":30},{"cost":0,"weight":487,"source":32,"target":7},{"cost":0,"weight":823,"source":26,"target":7},{"cost":0,"weight":208,"source":14,"target":23},{"cost":0,"weight":55,"source":35,"target":2},{"cost":0,"weight":592,"source":21,"target":26},{"cost":0,"weight":415,"source":4,"target":18},{"cost":0,"weight":518,"source":17,"target":31},{"cost":0,"weight":877,"source":30,"target":39},{"cost":0,"weight":697,"source":11,"target":8},{"cost":0,"weight":603,"source":29,"target":10},{"cost":0,"weight":280,"source":6,"target":26},{"cost":0,"weight":999,"source":9,"target":32},{"cost":0,"weight":996,"source":39,"target":16},{"cost":0,"weight":185,"source":14,"target":11},{"cost":0,"weight":663,"source":22,"target":31},{"cost":0,"weight":230,"source":5,"target":39},{"cost":0,"weight":879,"source":9,"target":28},{"cost":0,"weight":127,"source":37,"target":35},{"cost":0,"weight":14,"source":12,"target":28},{"cost":0,"weight":439,"source":27,"target":38},{"cost":0,"weight":837,"source":3,"target":7},{"cost":0,"weight":492,"source":16,"target":12},{"cost":0,"weight":739,"source":0,"target":18},{"cost":0,"weight":529,"source":25,"target":27},{"cost":0,"weight":757,"source":23,"target":32},{"cost":0,"weight":610,"source":34,"target":30},{"cost":0,"weight":503,"source":14,"target":29},{"cost":0,"weight":804,"source":12,"target":13},{"cost":0,"weight":138,"source":2,"target":23},{"cost":0,"weight":337,"source":22,"target":23},{"cost":0,"weight":453,"source":21,"target":25},{"cost":0,"weight":402,"source":39,"target":13},{"cost":0,"weight":626,"source":28,"target":29},{"cost":0,"weight":76,"source":1,"target":12},{"cost":0,"weight":609,"source":5,"target":29},{"cost":0,"weight":108,"source":1,"target":23},{"cost":0,"weight":927,"source":13,"target":29},{"cost":0,"weight":159,"source":11,"target":7},{"cost":0,"weight":313,"source":31,"target":17},{"cost":0,"weight":551,"source":19,"target":0},{"cost":0,"weight":544,"source":9,"target":31},{"cost":0,"weight":571,"source":14,"target":25},{"cost":0,"weight":639,"source":23,"target":7},{"cost":0,"weight":972,"source":21,"target":33},{"cost":0,"weight":385,"source":5,"target":22},{"cost":0,"weight":105,"source":7,"target":17},{"cost":0,"weight":305,"source":18,"target":14},{"cost":0,"weight":276,"source":7,"target":14},{"cost":0,"weight":59,"source":22,"target":30},{"cost":0,"weight":714,"source":2,"target":0},{"cost":0,"weight":687,"source":33,"target":7},{"cost":0,"weight":551,"source":17,"target":9},{"cost":0,"weight":260,"source":32,"target":23},{"cost":0,"weight":270,"source":4,"target":15},{"cost":0,"weight":453,"source":31,"target":33},{"cost":0,"weight":385,"source":37,"target":0},{"cost":0,"weight":331,"source":13,"target":30},{"cost":0,"weight":465,"source":26,"target":17},{"cost":0,"weight":955,"source":21,"target":2},{"cost":0,"weight":138,"source":10,"target":35},{"cost":0,"weight":803,"source":33,"target":5},{"cost":0,"weight":62,"source":16,"target":18},{"cost":0,"weight":780,"source":9,"target":36},{"cost":0,"weight":90,"source":21,"target":35},{"cost":0,"weight":154,"source":0,"target":34},{"cost":0,"weight":862,"source":23,"target":34},{"cost":0,"weight":402,"source":33,"target":13},{"cost":0,"weight":566,"source":19,"target":17},{"cost":0,"weight":555,"source":11,"target":25},{"cost":0,"weight":604,"source":31,"target":15},{"cost":0,"weight":956,"source":27,"target":17},{"cost":0,"weight":315,"source":21,"target":18},{"cost":0,"weight":279,"source":35,"target":9},{"cost":0,"weight":165,"source":30,"target":31},{"cost":0,"weight":126,"source":12,"target":31},{"cost":0,"weight":207,"source":5,"target":1},{"cost":0,"weight":425,"source":32,"target":20},{"cost":0,"weight":332,"source":19,"target":9},{"cost":0,"weight":76,"source":26,"target":23},{"cost":0,"weight":542,"source":14,"target":3},{"cost":0,"weight":704,"source":25,"target":7},{"cost":0,"weight":127,"source":32,"target":9},{"cost":0,"weight":479,"source":38,"target":2},{"cost":0,"weight":196,"source":31,"target":30},{"cost":0,"weight":207,"source":12,"target":39},{"cost":0,"weight":741,"source":37,"target":2},{"cost":0,"weight":564,"source":20,"target":11},{"cost":0,"weight":819,"source":4,"target":16},{"cost":0,"weight":405,"source":24,"target":26},{"cost":0,"weight":763,"source":28,"target":2},{"cost":0,"weight":268,"source":5,"target":27},{"cost":0,"weight":308,"source":28,"target":18}],"graph":{"S":0,"T":10},"multigraph":false}