{"directed":true,"nodes":[{"id":0},{"id":1},{"id":2},{"id":3},{"id":4},{"id":5},{"id":6},{"id":7},{"id":8},{"id":9},{"id":10},{"id":11},{"id":12},{"id":13},{"id":14},{"id":15},{"id":16},{"id":17},{"id":18},{"id":19},{"id":20},{"id":21},{"id":22},{"id":23},{"id":24},{"id":25},{"id":26},{"id":27},{"id":28},{"id":29},{"id":30},{"id":31},{"id":32},{"id":33},{"id":34},{"id":35},{"id":36},{"id":37},{"id":38},{"id":39}],"links":[{"cost":0,"weight":813,"source":39,"target":22},{"cost":0,"weight":222,"source":17,"target":18},{"cost":0,"weight":248,"source":28,"target":16},{"cost":0,"weight":499,"source":6,"target":5},{"cost":0,"weight":34,"source":20,"target":23},{"cost":0,"weight":310,"source":4,"target":8},{"cost":0,"weight":293,"source":36,"target":20},{"cost":0,"weight":242,"source":32,"target":27},{"cost":0,"weight":798,"source":31,"target":35},{"cost":0,"weight":813,"source":7,"target":31},{"cost":0,"weight":265,"source":10,"target":12},{"cost":0,"weight":551,"source":15,"target":26},{"cost":0,"weight":458,"source":25,"target":33},{"cost":0,"weight":826,"source":39,"target":0},{"cost":0,"weight":870,"source":14,"target":12},{"cost":0,"weight":154,"source":15,"target":17},{"cost":0,"weight":537,"source":37,"target":18},{"cost":0,"weight":991,"source":22,"target":35},{"cost":0,"weight":966,"source":7,"target":37},{"cost":0,"weight":978,"source":2,"target":23},{"cost":0,"weight":807,"source":7,"target":33},{"cost":0,"weight":610,"source":36,"target":9},{"cost":0,"weight":199,"source":25,"target":14},{"cost":0,"weight":256,"source":22,"target":36},{"cost":0,"weight":805,"source":16,"target":8},{"cost":0,"weight":771,"source":1,"target":0},{"cost":0,"weight":314,"source":22,"target":30},{"cost":0,"weight":496,"source":33,"target":9},{"cost":0,"weight":451,"source":4,"target":36},{"cost":0,"weight":633,"source":17,"target":31},{"cost":0,"weight":345,"source":36,"target":1},{"cost":0,"weight":831,"source":13,"target":9},{"cost":0,"weight":654,"source":16,"target":17},{"cost":0,"weight":668,"source":7,"target":36},{"cost":0,"weight":689,"source":34,"target":18},{"cost":0,"weight":817,"source":30,"target":2},{"cost":0,"weight":674,"source":32,"target":21},{"cost":0,"weight":222,"source":16,"target":33},{"cost":0,"weight":858,"source":18,"target":37},{"cost":0,"weight":26,"source":12,"target":10},{"cost":0,"weight":890,"source":15,"target":34},{"cost":0,"weight":439,"source":26,"target":6},{"cost":0,"weight":159,"source":32,"target":19},{"cost":0,"weight":667,"source":33,"target":3},{"cost":0,"weight":775,"source":10,"target":36},{"cost":0,"weight":84,"source":33,"target":26},{"cost":0,"weight":587,"source":20,"target":39},{"cost":0,"weight":988,"source":15,"target":4},{"cost":0,"weight":37,"source":39,"target":32},{"cost":0,"weight":18,"source":16,"target":6},{"cost":0,"weight":365,"source":6,"target":3},{"cost":0,"weight":775,"source":9,"target":4},{"cost":0,"weight":769,"source":27,"target":15},{"cost":0,"weight":908,"source":37,"target":16},{"cost":0,"weight":761,"source":27,"target":29},{"cost":0,"weight":129,"source":27,"target":14},{"cost":0,"weight":106,"source":11,"target":16},{"cost":0,"weight":10,"source":2,"target":18},{"cost":0,"weight":375,"source":6,"target":14},{"cost":0,"weight":872,"source":34,"target":27},{"cost":0,"weight":945,"source":28,"target":37},{"cost":0,"weight":798,"source":17,"target":25},{"cost":0,"weight":380,"source":8,"target":17},{"cost":0,"weight":488,"source":38,"target":1},{"cost":0,"weight":106,"source":30,"target":9},{"cost":0,"weight":332,"source":29,"target":25},{"cost":0,"weight":982,"source":39,"target":25},{"cost":0,"weight":906,"source":8,"target":39},{"cost":0,"weight":682,"source":18,"target":26},{"cost":0,"weight":318,"source":22,"target":12},{"cost":0,"weight":499,"source":17,"target":38},{"cost":0,"weight":689,"source":26,"target":38},{"cost":0,"weight":442,"source":37,"target":32},{"cost":0,"weight":652,"source":27,"target":19},{"cost":0,"weight":239,"source":15,"target":24},{"cost":0,"weight":801,"source":35,"target":17},{"cost":0,"weight":882,"source":13,"target":4},{"cost":0,"weight":674,"source":15,"target":18},{"cost":0,"weight":924,"source":13,"target":34},{"cost":0,"weight":15,"source":10,"target":13},{"cost":0,"weight":273,"source":0,"target":25},{"cost":0,"weight":56,"source":38,"target":32},{"cost":0,"weight":101,"source":6,"target":16},{"cost":0,"weight":318,"source":0,"target":17},{"cost":0,"weight":926,"source":34,"target":14},{"cost":0,"weight":527,"source":31,"target":4},{"cost":0,"weight":572,"source":29,"target":18},{"cost":0,"weight":759,"source":1,"target":17},{"cost":0,"weight":750,"source":32,"target":37},{"cost":0,"weight":121,"source":0,"target":32},{"cost":0,"weight":41,"source":7,"target":30},{"cost":0,"weight":825,"source":23,"target":26},{"cost":0,"weight":723,"source":6,"target":7},{"cost":0,"weight":527,"source":15,"target":35},{"cost":0,"weight":880,"source":26,"target":22},{"cost":0,"weight":970,"source":22,"target":6},{"cost":0,"weight":924,"source":38,"target":3},{"cost":0,"weight":241,"source":13,"target":32},{"cost":0,"weight":786,"source":28,"target":20},{"cost":0,"weight":993,"source":32,"target":9},{"cost":0,"weight":342,"source":10,"target":20},{"cost":0,"weight":712,"source":29,"target":2},{"cost":0,"weight":188,"source":29,"target":8},{"cost":0,"weight":791,"source":29,"target":30},{"cost":0,"weight":196,"source":30,"target":28},{"cost":0,"weight":93,"source":8,"target":19},{"cost":0,"weight":821,"source":6,"target":27},{"cost":0,"weight":376,"source":18,"target":15},{"cost":0,"weight":814,"source":12,"target":23},{"cost":0,"weight":533,"source":31,"target":21},{"cost":0,"weight":142,"source":16,"target":18},{"cost":0,"weight":79,"source":9,"target":33},{"cost":0,"weight":812,"source":34,"target":3},{"cost":0,"weight":195,"source":27,"target":20},{"cost":0,"weight":101,"source":37,"target":28},{"cost":0,"weight":206,"source":34,"target":29},{"cost":0,"weight":152,"source":22,"target":29},{"cost":0,"weight":911,"source":35,"target":12},{"cost":0,"weight":582,"source":6,"target":11},{"cost":0,"weight":234,"source":4,"target":9},{"cost":0,"weight":255,"source":18,"target":11},{"cost":0,"weight":113,"source":13,"target":7},{"cost":0,"weight":136,"source":36,"target":31},{"cost":0,"weight":534,"source":13,"target":31},{"cost":0,"weight":815,"source":24,"target":25},{"cost":0,"weight":274,"source":3,"target":6},{"cost":0,"weight":695,"source":10,"target":9},{"cost":0,"weight":934,"source":20,"target":30},{"cost":0,"weight":954,"source":2,"target":36},{"cost":0,"weight":133,"source":35,"target":18},{"cost":0,"weight":335,"source":2,"target":9},{"cost":0,"weight":639,"source":7,"target":26},{"cost":0,"weight":940,"source":29,"target":39},{"cost":0,"weight":106,"source":23,"target":39},{"cost":0,"weight":630,"source":29,"target":26},{"cost":0,"weight":278,"source":36,"target":16},{"cost":0,"weight":757,"source":33,"target":20},{"cost":0,"weight":108,"source":16,"target":34},{"cost":0,"weight":347,"source":6,"target":15},{"cost":0,"weight":253,"source":13,"target":26},{"cost":0,"weight":175,"source":6,"target":10},{"cost":0,"weight":234,"source":39,"target":13},{"cost":0,"weight":227,"source":34,"target":8},{"cost":0,"weight":595,"source":36,"target":25},{"cost":0,"weight":805,"source":1,"target":8},{"cost":0,"weight":811,"source":25,"target":13},{"cost":0,"weight":664,"source":21,"target":10},{"cost":0,"weight":850,"source":15,"target":9},{"cost":0,"weight":215,"source":9,"target":14},{"cost":0,"weight":21,"source":25,"target":37},{"cost":0,"weight":494,"source":12,"target":5},{"cost":0,"weight":732,"source":4,"target":15},{"cost":0,"weight":325,"source":28,"target":1},{"cost":0,"weight":927,"source":15,"target":8},{"cost":0,"weight":813,"source":35,"target":27},{"cost":0,"weight":308,"source":11,"target":31},{"cost":0,"weight":410,"source":20,"target":25},{"cost":0,"weight":577,"source":37,"target":21},{"cost":0,"weight":239,"source":16,"target":13},{"cost":0,"weight":300,"source":26,"target":3}],"graph":{"S":0,"T":10},"multigraph":false}