{"directed":true,"nodes":[{"id":0},{"id":1},{"id":2},{"id":3},{"id":4},{"id":5},{"id":6},{"id":7},{"id":8},{"id":9},{"id":10},{"id":11},{"id":12},{"id":13},{"id":14},{"id":15},{"id":16},{"id":17},{"id":18},{"id":19},{"id":20},{"id":21},{"id":22},{"id":23},{"id":24},{"id":25},{"id":26},{"id":27},{"id":28},{"id":29},{"id":30},{"id":31},{"id":32},{"id":33},{"id":34},{"id":35},{"id":36},{"id":37},{"id":38},{"id":39}],"links":[{"cost":0,"weight":195,"source":27,"target":12},{"cost":0,"weight":292,"source":18,"target":26},{"cost":0,"weight":91,"source":12,"target":15},{"cost":0,"weight":234,"source":37,"target":5},{"cost":0,"weight":26,"source":21,"target":39},{"cost":0,"weight":649,"source":23,"target":7},{"cost":0,"weight":265,"source":35,"target":14},{"cost":0,"weight":839,"source":0,"target":36},{"cost":0,"weight":975,"source":23,"target":19},{"cost":0,"weight":977,"source":37,"target":33},{"cost":0,"weight":628,"source":15,"target":29},{"cost":0,"weight":95,"source":23,"target":24},{"cost":0,"weight":300,"source":39,"target":25},{"cost":0,"weight":902,"source":12,"target":16},{"cost":0,"weight":84,"source":17,"target":10},{"cost":0,"weight":73,"source":5,"target":18},{"cost":0,"weight":49,"source":18,"target":8},{"cost":0,"weight":723,"source":14,"target":11},{"cost":0,"weight":384,"source":16,"target":38},{"cost":0,"weight":820,"source":34,"target":23},{"cost":0,"weight":962,"source":12,"target":37},{"cost":0,"weight":217,"source":36,"target":11},{"cost":0,"weight":417,"source":6,"target":1},{"cost":0,"weight":291,"source":18,"target":7},{"cost":0,"weight":973,"source":38,"target":10},{"cost":0,"weight":498,"source":26,"target":25},{"cost":0,"weight":157,"source":35,"target":26},{"cost":0,"weight":775,"source":25,"target":35},{"cost":0,"weight":647,"source":18,"target":4},{"cost":0,"weight":382,"source":6,"target":13},{"cost":0,"weight":367,"source":18,"target":30},{"cost":0,"weight":928,"source":25,"target":27},{"cost":0,"weight":976,"source":0,"target":10},{"cost":0,"weight":498,"source":3,"target":21},{"cost":0,"weight":145,"source":7,"target":19},{"cost":0,"weight":577,"source":28,"target":30},{"cost":0,"weight":496,"source":24,"target":20},{"cost":0,"weight":423,"source":6,"target":33},{"cost":0,"weight":233,"source":24,"target":4},{"cost":0,"weight":934,"source":2,"target":7},{"cost":0,"weight":307,"source":13,"target":33},{"cost":0,"weight":137,"source":17,"target":22},{"cost":0,"weight":606,"source":8,"target":15},{"cost":0,"weight":103,"source":9,"target":32},{"cost":0,"weight":50,"source":2,"target":39},{"cost":0,"weight":629,"source":36,"target":22},{"cost":0,"weight":667,"source":2,"target":35},{"cost":0,"weight":579,"source":19,"target":6},{"cost":0,"weight":416,"source":12,"target":19},{"cost":0,"weight":438,"source":10,"target":21},{"cost":0,"weight":501,"source":24,"target":38},{"cost":0,"weight":264,"source":8,"target":37},{"cost":0,"weight":289,"source":32,"target":28},{"cost":0,"weight":809,"source":14,"target":29},{"cost":0,"weight":49,"source":28,"target":27},{"cost":0,"weight":119,"source":19,"target":16},{"cost":0,"weight":551,"source":27,"target":24},{"cost":0,"weight":614,"source":27,"target":6},{"cost":0,"weight":761,"source":21,"target":38},{"cost":0,"weight":318,"source":23,"target":6},{"cost":0,"weight":572,"source":28,"target":8},{"cost":0,"weight":921,"source":27,"target":23},{"cost":0,"weight":634,"source":9,"target":38},{"cost":0,"weight":748,"source":25,"target":39},{"cost":0,"weight":864,"source":23,"target":12},{"cost":0,"weight":840,"source":3,"target":14},{"cost":0,"weight":954,"source":2,"target":31},{"cost":0,"weight":525,"source":34,"target":5},{"cost":0,"weight":265,"source":28,"target":34},{"cost":0,"weight":15,"source":27,"target":18},{"cost":0,"weight":528,"source":6,"target":35},{"cost":0,"weight":604,"source":20,"target":28},{"cost":0,"weight":393,"source":7,"target":12},{"cost":0,"weight":480,"source":20,"target":24},{"cost":0,"weight":667,"source":20,"target":21},{"cost":0,"weight":625,"source":12,"target":17},{"cost":0,"weight":603,"source":12,"target":22},{"cost":0,"weight":13,"source":38,"target":22},{"cost":0,"weight":668,"source":23,"target":10},{"cost":0,"weight":751,"source":16,"target":30},{"cost":0,"weight":508,"source":19,"target":24},{"cost":0,"weight":269,"source":13,"target":23},{"cost":0,"weight":391,"source":2,"target":11},{"cost":0,"weight":756,"source":25,"target":3},{"cost":0,"weight":231,"source":11,"target":17},{"cost":0,"weight":69,"source":6,"target":19},{"cost":0,"weight":920,"source":11,"target":9},{"cost":0,"weight":731,"source":7,"target":14},{"cost":0,"weight":135,"source":24,"target":13},{"cost":0,"weight":393,"source":9,"target":34},{"cost":0,"weight":416,"source":17,"target":4},{"cost":0,"weight":148,"source":30,"target":8},{"cost":0,"weight":51,"source":6,"target":10},{"cost":0,"weight":834,"source":32,"target":20},{"cost":0,"weight":385,"source":28,"target":37},{"cost":0,"weight":766,"source":29,"target":33},{"cost":0,"weight":767,"source":3,"target":6},{"cost":0,"weight":285,"source":33,"target":35},{"cost":0,"weight":599,"source":37,"target":23},{"cost":0,"weight":22,"source":25,"target":11},{"cost":0,"weight":587,"source":38,"target":39},{"cost":0,"weight":201,"source":9,"target":10},{"cost":0,"weight":287,"source":33,"target":31},{"cost":0,"weight":466,"source":35,"target":2},{"cost":0,"weight":634,"source":18,"target":25},{"cost":0,"weight":695,"source":14,"target":27},{"cost":0,"weight":704,"source":0,"target":13},{"cost":0,"weight":13,"source":10,"target":35},{"cost":0,"weight":828,"source":6,"target":26},{"cost":0,"weight":579,"source":1,"target":26},{"cost":0,"weight":525,"source":22,"target":16},{"cost":0,"weight":236,"source":23,"target":16},{"cost":0,"weight":851,"source":31,"target":27},{"cost":0,"weight":108,"source":27,"target":7},{"cost":0,"weight":923,"source":29,"target":21},{"cost":0,"weight":929,"source":15,"target":19},{"cost":0,"weight":52,"source":29,"target":23},{"cost":0,"weight":758,"source":27,"target":25},{"cost":0,"weight":346,"source":33,"target":38},{"cost":0,"weight":710,"source":7,"target":18},{"cost":0,"weight":846,"source":16,"target":5},{"cost":0,"weight":679,"source":1,"target":11},{"cost":0,"weight":769,"source":30,"target":27},{"cost":0,"weight":921,"source":4,"target":37},{"cost":0,"weight":356,"source":8,"target":12},{"cost":0,"weight":900,"source":5,"target":14},{"cost":0,"weight":590,"source":12,"target":23},{"cost":0,"weight":568,"source":14,"target":2},{"cost":0,"weight":98,"source":15,"target":30},{"cost":0,"weight":834,"source":24,"target":2},{"cost":0,"weight":394,"source":13,"target":16},{"cost":0,"weight":928,"source":21,"target":18},{"cost":0,"weight":336,"source":30,"target":24},{"cost":0,"weight":75,"source":21,"target":31},{"cost":0,"weight":351,"source":29,"target":10},{"cost":0,"weight":673,"source":26,"target":20},{"cost":0,"weight":382,"source":38,"target":14},{"cost":0,"weight":968,"source":28,"target":29},{"cost":0,"weight":710,"source":2,"target":24},{"cost":0,"weight":699,"source":12,"target":0},{"cost":0,"weight":921,"source":26,"target":17},{"cost":0,"weight":37,"source":37,"target":25},{"cost":0,"weight":488,"source":28,"target":14},{"cost":0,"weight":889,"source":6,"target":39},{"cost":0,"weight":505,"source":32,"target":27},{"cost":0,"weight":929,"source":23,"target":38},{"cost":0,"weight":31,"source":38,"target":23},{"cost":0,"weight":741,"source":2,"target":14},{"cost":0,"weight":742,"source":33,"target":27},{"cost":0,"weight":825,"source":24,"target":19},{"cost":0,"weight":366,"source":1,"target":28},{"cost":0,"weight":546,"source":10,"target":8},{"cost":0,"weight":815,"source":33,"target":3},{"cost":0,"weight":264,"source":7,"target":30},{"cost":0,"weight":786,"source":35,"target":0},{"cost":0,"weight":595,"source":17,"target":18},{"cost":0,"weight":644,"source":16,"target":3},{"cost":0,"weight":919,"source":4,"target":23},{"cost":0,"weight":784,"source":19,"target":12},{"cost":0,"weight":33,"source":30,"target":21}],"graph":{"S":0,"T":10},"multigraph":false}