{"directed":true,"nodes":[{"id":0},{"id":1},{"id":2},{"id":3},{"id":4},{"id":5},{"id":6},{"id":7},{"id":8},{"id":9},{"id":10},{"id":11},{"id":12},{"id":13},{"id":14},{"id":15},{"id":16},{"id":17},{"id":18},{"id":19},{"id":20},{"id":21},{"id":22},{"id":23},{"id":24},{"id":25},{"id":26},{"id":27},{"id":28},{"id":29},{"id":30},{"id":31},{"id":32},{"id":33},{"id":34},{"id":35},{"id":36},{"id":37},{"id":38},{"id":39}],"links":[{"cost":0,"weight":177,"source":26,"target":36},{"cost":0,"weight":756,"source":29,"target":39},{"cost":0,"weight":193,"source":19,"target":15},{"cost":0,"weight":731,"source":10,"target":12},{"cost":0,"weight":828,"source":14,"target":20},{"cost":0,"weight":693,"source":3,"target":18},{"cost":0,"weight":470,"source":3,"target":29},{"cost":0,"weight":696,"source":25,"target":32},{"cost":0,"weight":382,"source":1,"target":34},{"cost":0,"weight":643,"source":4,"target":5},{"cost":0,"weight":465,"source":33,"target":5},{"cost":0,"weight":565,"source":2,"target":20},{"cost":0,"weight":901,"source":35,"target":29},{"cost":0,"weight":43,"source":37,"target":12},{"cost":0,"weight":323,"source":4,"target":0},{"cost":0,"weight":941,"source":0,"target":3},{"cost":0,"weight":622,"source":25,"target":24},{"cost":0,"weight":825,"source":38,"target":34},{"cost":0,"weight":691,"source":18,"target":1},{"cost":0,"weight":109,"source":7,"target":27},{"cost":0,"weight":311,"source":38,"target":1},{"cost":0,"weight":897,"source":23,"target":15},{"cost":0,"weight":595,"source":6,"target":5},{"cost":0,"weight":557,"source":29,"target":4},{"cost":0,"weight":163,"source":33,"target":29},{"cost":0,"weight":440,"source":29,"target":11},{"cost":0,"weight":710,"source":12,"target":14},{"cost":0,"weight":158,"source":2,"target":32},{"cost":0,"weight":634,"source":35,"target":6},{"cost":0,"weight":36,"source":36,"target":3},{"cost":0,"weight":521,"source":25,"target":20},{"cost":0,"weight":555,"source":33,"target":20},{"cost":0,"weight":15,"source":0,"target":4},{"cost":0,"weight":688,"source":12,"target":11},{"cost":0,"weight":129,"source":37,"target":10},{"cost":0,"weight":105,"source":15,"target":13},{"cost":0,"weight":180,"source":19,"target":31},{"cost":0,"weight":636,"source":5,"target":27},{"cost":0,"weight":838,"source":10,"target":7},{"cost":0,"weight":371,"source":9,"target":28},{"cost":0,"weight":953,"source":19,"target":35},{"cost":0,"weight":344,"source":28,"target":26},{"cost":0,"weight":124,"source":4,"target":33},{"cost":0,"weight":752,"source":23,"target":34},{"cost":0,"weight":117,"source":19,"target":25},{"cost":0,"weight":184,"source":30,"target":29},{"cost":0,"weight":845,"source":24,"target":35},{"cost":0,"weight":775,"source":27,"target":4},{"cost":0,"weight":649,"source":15,"target":16},{"cost":0,"weight":782,"source":6,"target":7},{"cost":0,"weight":380,"source":26,"target":9},{"cost":0,"weight":552,"source":1,"target":27},{"cost":0,"weight":584,"source":10,"target":37},{"cost":0,"weight":382,"source":33,"target":28},{"cost":0,"weight":36,"source":21,"target":37},{"cost":0,"weight":327,"source":39,"target":22},{"cost":0,"weight":96,"source":36,"target":26},{"cost":0,"weight":901,"source":38,"target":5},{"cost":0,"weight":731,"source":22,"target":19},{"cost":0,"weight":750,"source":21,"target":1},{"cost":0,"weight":521,"source":7,"target":14},{"cost":0,"weight":407,"source":31,"target":35},{"cost":0,"weight":826,"source":21,"target":4},{"cost":0,"weight":564,"source":4,"target":13},{"cost":0,"weight":303,"source":1,"target":4},{"cost":0,"weight":765,"source":14,"target":27},{"cost":0,"weight":717,"source":10,"target":17},{"cost":0,"weight":769,"source":25,"target":10},{"cost":0,"weight":270,"source":8,"target":34},{"cost":0,"weight":506,"source":35,"target":37},{"cost":0,"weight":242,"source":34,"target":21},{"cost":0,"weight":166,"source":25,"target":7},{"cost":0,"weight":974,"source":15,"target":21},{"cost":0,"weight":746,"source":21,"target":2},{"cost":0,"weight":319,"source":4,"target":38},{"cost":0,"weight":121,"source":24,"target":38},{"cost":0,"weight":820,"source":16,"target":7},{"cost":0,"weight":984,"source":20,"target":8},{"cost":0,"weight":610,"source":28,"target":10},{"cost":0,"weight":736,"source":11,"target":30},{"cost":0,"weight":183,"source":13,"target":0},{"cost":0,"weight":214,"source":31,"target":37},{"cost":0,"weight":583,"source":28,"target":12},{"cost":0,"weight":985,"source":21,"target":19},{"cost":0,"weight":850,"source":2,"target":22},{"cost":0,"weight":500,"source":24,"target":31},{"cost":0,"weight":327,"source":15,"target":18},{"cost":0,"weight":455,"source":37,"target":4},{"cost":0,"weight":585,"source":2,"target":18},{"cost":0,"weight":191,"source":23,"target":0},{"cost":0,"weight":709,"source":10,"target":24},{"cost":0,"weight":983,"source":3,"target":39},{"cost":0,"weight":848,"source":15,"target":24},{"cost":0,"weight":112,"source":25,"target":8},{"cost":0,"weight":352,"source":16,"target":34},{"cost":0,"weight":539,"source":16,"target":1},{"cost":0,"weight":785,"source":10,"target":21},{"cost":0,"weight":744,"source":37,"target":14},{"cost":0,"weight":801,"source":1,"target":31},{"cost":0,"weight":201,"source":24,"target":37},{"cost":0,"weight":560,"source":22,"target":17},{"cost":0,"weight":837,"source":19,"target":13},{"cost":0,"weight":746,"source":37,"target":39},{"cost":0,"weight":589,"source":7,"target":29},{"cost":0,"weight":600,"source":26,"target":22},{"cost":0,"weight":635,"source":28,"target":33},{"cost":0,"weight":354,"source":16,"target":21},{"cost":0,"weight":838,"source":13,"target":22},{"cost":0,"weight":400,"source":29,"target":38},{"cost":0,"weight":113,"source":31,"target":23},{"cost":0,"weight":804,"source":14,"target":30},{"cost":0,"weight":489,"source":12,"target":32},{"cost":0,"weight":250,"source":2,"target":8},{"cost":0,"weight":409,"source":31,"target":8},{"cost":0,"weight":550,"source":5,"target":32},{"cost":0,"weight":295,"source":30,"target":12},{"cost":0,"weight":15,"source":12,"target":10},{"cost":0,"weight":992,"source":39,"target":13},{"cost":0,"weight":477,"source":39,"target":27},{"cost":0,"weight":213,"source":17,"target":20},{"cost":0,"weight":841,"source":0,"target":36},{"cost":0,"weight":84,"source":15,"target":27},{"cost":0,"weight":82,"source":4,"target":37},{"cost":0,"weight":72,"source":31,"target":4},{"cost":0,"weight":845,"source":39,"target":17},{"cost":0,"weight":193,"source":9,"target":3},{"cost":0,"weight":516,"source":17,"target":23},{"cost":0,"weight":24,"source":10,"target":3},{"cost":0,"weight":732,"source":34,"target":37},{"cost":0,"weight":564,"source":20,"target":26},{"cost":0,"weight":949,"source":38,"target":14},{"cost":0,"weight":98,"source":25,"target":34},{"cost":0,"weight":938,"source":39,"target":4},{"cost":0,"weight":350,"source":24,"target":5},{"cost":0,"weight":18,"source":15,"target":29},{"cost":0,"weight":543,"source":26,"target":35},{"cost":0,"weight":511,"source":36,"target":14},{"cost":0,"weight":931,"source":8,"target":5},{"cost":0,"weight":210,"source":29,"target":28},{"cost":0,"weight":220,"source":12,"target":34},{"cost":0,"weight":968,"source":39,"target":35},{"cost":0,"weight":158,"source":33,"target":11},{"cost":0,"weight":66,"source":25,"target":26},{"cost":0,"weight":841,"source":35,"target":15},{"cost":0,"weight":199,"source":10,"target":39},{"cost":0,"weight":892,"source":12,"target":1},{"cost":0,"weight":390,"source":38,"target":15},{"cost":0,"weight":623,"source":22,"target":2},{"cost":0,"weight":645,"source":11,"target":25},{"cost":0,"weight":19,"source":14,"target":12},{"cost":0,"weight":290,"source":17,"target":30},{"cost":0,"weight":455,"source":12,"target":31},{"cost":0,"weight":90,"source":2,"target":23},{"cost":0,"weight":860,"source":24,"target":22},{"cost":0,"weight":290,"source":10,"target":36},{"cost":0,"weight":277,"source":20,"target":29},{"cost":0,"weight":327,"source":8,"target":13},{"cost":0,"weight":189,"source":34,"target":4},{"cost":0,"weight":568,"source":27,"target":26},{"cost":0,"weight":58,"source":5,"target":29}],"graph":{"S":0,"T":10},"multigraph":false}