{"directed":true,"nodes":[{"id":0},{"id":1},{"id":2},{"id":3},{"id":4},{"id":5},{"id":6},{"id":7},{"id":8},{"id":9},{"id":10},{"id":11},{"id":12},{"id":13},{"id":14},{"id":15},{"id":16},{"id":17},{"id":18},{"id":19},{"id":20},{"id":21},{"id":22},{"id":23},{"id":24},{"id":25},{"id":26},{"id":27},{"id":28},{"id":29},{"id":30},{"id":31},{"id":32},{"id":33},{"id":34},{"id":35},{"id":36},{"id":37},{"id":38},{"id":39}],"links":[{"cost":0,"weight":791,"source":18,"target":16},{"cost":0,"weight":940,"source":2,"target":26},{"cost":0,"weight":726,"source":23,"target":9},{"cost":0,"weight":232,"source":0,"target":29},{"cost":0,"weight":63,"source":34,"target":20},{"cost":0,"weight":593,"source":21,"target":31},{"cost":0,"weight":402,"source":3,"target":29},{"cost":0,"weight":352,"source":28,"target":0},{"cost":0,"weight":19,"source":28,"target":11},{"cost":0,"weight":861,"source":10,"target":33},{"cost":0,"weight":823,"source":17,"target":14},{"cost":0,"weight":383,"source":20,"target":24},{"cost":0,"weight":139,"source":39,"target":21},{"cost":0,"weight":284,"source":26,"target":31},{"cost":0,"weight":442,"source":16,"target":20},{"cost":0,"weight":824,"source":0,"target":19},{"cost":0,"weight":592,"source":9,"target":2},{"cost":0,"weight":127,"source":33,"target":8},{"cost":0,"weight":944,"source":24,"target":8},{"cost":0,"weight":974,"source":32,"target":2},{"cost":0,"weight":775,"source":21,"target":6},{"cost":0,"weight":356,"source":5,"target":14},{"cost":0,"weight":891,"source":19,"target":16},{"cost":0,"weight":742,"source":9,"target":39},{"cost":0,"weight":589,"source":11,"target":37},{"cost":0,"weight":54,"source":38,"target":28},{"cost":0,"weight":115,"source":22,"target":32},{"cost":0,"weight":527,"source":37,"target":14},{"cost":0,"weight":368,"source":13,"target":15},{"cost":0,"weight":248,"source":21,"target":0},{"cost":0,"weight":79,"source":15,"target":9},{"cost":0,"weight":781,"source":29,"target":31},{"cost":0,"weight":386,"source":30,"target":21},{"cost":0,"weight":242,"source":6,"target":9},{"cost":0,"weight":737,"source":38,"target":13},{"cost":0,"weight":605,"source":24,"target":2},{"cost":0,"weight":846,"source":35,"target":9},{"cost":0,"weight":637,"source":8,"target":1},{"cost":0,"weight":832,"source":14,"target":16},{"cost":0,"weight":644,"source":2,"target":33},{"cost":0,"weight":272,"source":19,"target":26},{"cost":0,"weight":665,"source":1,"target":3},{"cost":0,"weight":981,"source":34,"target":1},{"cost":0,"weight":586,"source":16,"target":1},{"cost":0,"weight":863,"source":33,"target":5},{"cost":0,"weight":923,"source":20,"target":29},{"cost":0,"weight":424,"source":26,"target":38},{"cost":0,"weight":117,"source":0,"target":24},{"cost":0,"weight":678,"source":14,"target":12},{"cost":0,"weight":937,"source":28,"target":23},{"cost":0,"weight":563,"source":22,"target":27},{"cost":0,"weight":696,"source":12,"target":32},{"cost":0,"weight":472,"source":1,"target":27},{"cost":0,"weight":327,"source":32,"target":26},{"cost":0,"weight":967,"source":23,"target":11},{"cost":0,"weight":34,"source":5,"target":10},{"cost":0,"weight":431,"source":8,"target":29},{"cost":0,"weight":483,"source":7,"target":34},{"cost":0,"weight":56,"source":2,"target":37},{"cost":0,"weight":861,"source":33,"target":12},{"cost":0,"weight":113,"source":6,"target":19},{"cost":0,"weight":184,"source":11,"target":20},{"cost":0,"weight":508,"source":6,"target":0},{"cost":0,"weight":663,"source":30,"target":11},{"cost":0,"weight":478,"source":5,"target":28},{"cost":0,"weight":216,"source":0,"target":16},{"cost":0,"weight":609,"source":34,"target":14},{"cost":0,"weight":56,"source":31,"target":25},{"cost":0,"weight":738,"source":27,"target":38},{"cost":0,"weight":841,"source":27,"target":39},{"cost":0,"weight":237,"source":26,"target":36},{"cost":0,"weight":686,"source":12,"target":23},{"cost":0,"weight":41,"source":22,"target":35},{"cost":0,"weight":268,"source":28,"target":37},{"cost":0,"weight":880,"source":17,"target":32},{"cost":0,"weight":306,"source":35,"target":27},{"cost":0,"weight":294,"source":25,"target":20},{"cost":0,"weight":627,"source":30,"target":0},{"cost":0,"weight":250,"source":30,"target":1},{"cost":0,"weight":633,"source":19,"target":35},{"cost":0,"weight":723,"source":23,"target":26},{"cost":0,"weight":520,"source":20,"target":14},{"cost":0,"weight":174,"source":9,"target":10},{"cost":0,"weight":496,"source":29,"target":0},{"cost":0,"weight":469,"source":13,"target":38},{"cost":0,"weight":680,"source":20,"target":27},{"cost":0,"weight":785,"source":12,"target":31},{"cost":0,"weight":307,"source":12,"target":20},{"cost":0,"weight":681,"source":9,"target":8},{"cost":0,"weight":513,"source":37,"target":8},{"cost":0,"weight":832,"source":4,"target":22},{"cost":0,"weight":153,"source":39,"target":13},{"cost":0,"weight":428,"source":1,"target":4},{"cost":0,"weight":482,"source":30,"target":23},{"cost":0,"weight":912,"source":19,"target":37},{"cost":0,"weight":985,"source":0,"target":15},{"cost":0,"weight":768,"source":5,"target":7},{"cost":0,"weight":434,"source":4,"target":34},{"cost":0,"weight":209,"source":2,"target":25},{"cost":0,"weight":808,"source":22,"target":9},{"cost":0,"weight":171,"source":8,"target":9},{"cost":0,"weight":956,"source":16,"target":12},{"cost":0,"weight":875,"source":13,"target":8},{"cost":0,"weight":230,"source":4,"target":23},{"cost":0,"weight":857,"source":5,"target":36},{"cost":0,"weight":804,"source":29,"target":32},{"cost":0,"weight":840,"source":18,"target":34},{"cost":0,"weight":891,"source":33,"target":6},{"cost":0,"weight":836,"source":1,"target":13},{"cost":0,"weight":436,"source":20,"target":34},{"cost":0,"weight":413,"source":0,"target":13},{"cost":0,"weight":525,"source":9,"target":31},{"cost":0,"weight":192,"source":30,"target":2},{"cost":0,"weight":946,"source":8,"target":26},{"cost":0,"weight":678,"source":24,"target":7},{"cost":0,"weight":563,"source":37,"target":12},{"cost":0,"weight":878,"source":38,"target":6},{"cost":0,"weight":674,"source":39,"target":22},{"cost":0,"weight":436,"source":3,"target":5},{"cost":0,"weight":613,"source":12,"target":21},{"cost":0,"weight":522,"source":33,"target":25},{"cost":0,"weight":562,"source":18,"target":13},{"cost":0,"weight":713,"source":38,"target":21},{"cost":0,"weight":119,"source":0,"target":14},{"cost":0,"weight":345,"source":31,"target":37},{"cost":0,"weight":306,"source":9,"target":28},{"cost":0,"weight":566,"source":27,"target":24},{"cost":0,"weight":856,"source":31,"target":39},{"cost":0,"weight":373,"source":7,"target":39},{"cost":0,"weight":488,"source":16,"target":8},{"cost":0,"weight":119,"source":1,"target":17},{"cost":0,"weight":635,"source":7,"target":30},{"cost":0,"weight":559,"source":29,"target":7},{"cost":0,"weight":102,"source":10,"target":8},{"cost":0,"weight":121,"source":13,"target":16},{"cost":0,"weight":414,"source":10,"target":19},{"cost":0,"weight":942,"source":10,"target":36},{"cost":0,"weight":246,"source":36,"target":13},{"cost":0,"weight":703,"source":9,"target":13},{"cost":0,"weight":244,"source":32,"target":33},{"cost":0,"weight":294,"source":27,"target":28},{"cost":0,"weight":888,"source":28,"target":16},{"cost":0,"weight":407,"source":19,"target":4},{"cost":0,"weight":445,"source":9,"target":25},{"cost":0,"weight":593,"source":38,"target":8},{"cost":0,"weight":487,"source":22,"target":37},{"cost":0,"weight":908,"source":23,"target":1},{"cost":0,"weight":422,"source":20,"target":1},{"cost":0,"weight":225,"source":7,"target":8},{"cost":0,"weight":857,"source":25,"target":33},{"cost":0,"weight":311,"source":28,"target":18},{"cost":0,"weight":560,"source":20,"target":12},{"cost":0,"weight":807,"source":8,"target":38},{"cost":0,"weight":131,"source":7,"target":5},{"cost":0,"weight":365,"source":25,"target":0},{"cost":0,"weight":968,"source":25,"target":11},{"cost":0,"weight":688,"source":8,"target":37},{"cost":0,"weight":297,"source":0,"target":6},{"cost":0,"weight":681,"source":22,"target":18},{"cost":0,"weight":437,"source":2,"target":20}],"graph":{"S":0,"T":10},"multigraph":false}