{"directed":true,"nodes":[{"id":0},{"id":1},{"id":2},{"id":3},{"id":4},{"id":5},{"id":6},{"id":7},{"id":8},{"id":9},{"id":10},{"id":11},{"id":12},{"id":13},{"id":14},{"id":15},{"id":16},{"id":17},{"id":18},{"id":19},{"id":20},{"id":21},{"id":22},{"id":23},{"id":24},{"id":25},{"id":26},{"id":27},{"id":28},{"id":29},{"id":30},{"id":31},{"id":32},{"id":33},{"id":34},{"id":35},{"id":36},{"id":37},{"id":38},{"id":39}],"links":[{"cost":0,"weight":982,"source":4,"target":6},{"cost":0,"weight":132,"source":20,"target":34},{"cost":0,"weight":144,"source":29,"target":30},{"cost":0,"weight":524,"source":20,"target":10},{"cost":0,"weight":881,"source":26,"target":28},{"cost":0,"weight":667,"source":3,"target":13},{"cost":0,"weight":400,"source":7,"target":39},{"cost":0,"weight":818,"source":27,"target":1},{"cost":0,"weight":623,"source":18,"target":26},{"cost":0,"weight":719,"source":9,"target":31},{"cost":0,"weight":318,"source":36,"target":30},{"cost":0,"weight":582,"source":19,"target":25},{"cost":0,"weight":202,"source":10,"target":37},{"cost":0,"weight":719,"source":31,"target":24},{"cost":0,"weight":270,"source":0,"target":9},{"cost":0,"weight":351,"source":10,"target":3},{"cost":0,"weight":881,"source":1,"target":19},{"cost":0,"weight":137,"source":26,"target":1},{"cost":0,"weight":186,"source":37,"target":16},{"cost":0,"weight":91,"source":17,"target":31},{"cost":0,"weight":509,"source":7,"target":38},{"cost":0,"weight":475,"source":6,"target":37},{"cost":0,"weight":88,"source":25,"target":28},{"cost":0,"weight":622,"source":6,"target":15},{"cost":0,"weight":262,"source":35,"target":10},{"cost":0,"weight":901,"source":12,"target":9},{"cost":0,"weight":845,"source":8,"target":13},{"cost":0,"weight":686,"source":29,"target":3},{"cost":0,"weight":197,"source":26,"target":5},{"cost":0,"weight":235,"source":16,"target":27},{"cost":0,"weight":131,"source":15,"target":1},{"cost":0,"weight":932,"source":17,"target":36},{"cost":0,"weight":332,"source":19,"target":10},{"cost":0,"weight":437,"source":35,"target":2},{"cost":0,"weight":789,"source":22,"target":32},{"cost":0,"weight":470,"source":5,"target":20},{"cost":0,"weight":309,"source":2,"target":20},{"cost":0,"weight":357,"source":23,"target":31},{"cost":0,"weight":636,"source":39,"target":7},{"cost":0,"weight":652,"source":11,"target":15},{"cost":0,"weight":772,"source":5,"target":7},{"cost":0,"weight":45,"source":16,"target":22},{"cost":0,"weight":401,"source":27,"target":14},{"cost":0,"weight":308,"source":29,"target":18},{"cost":0,"weight":893,"source":25,"target":29},{"cost":0,"weight":673,"source":15,"target":13},{"cost":0,"weight":573,"source":22,"target":37},{"cost":0,"weight":542,"source":7,"target":22},{"cost":0,"weight":979,"source":31,"target":6},{"cost":0,"weight":974,"source":3,"target":21},{"cost":0,"weight":450,"source":5,"target":0},{"cost":0,"weight":397,"source":7,"target":35},{"cost":0,"weight":642,"source":1,"target":39},{"cost":0,"weight":327,"source":16,"target":15},{"cost":0,"weight":431,"source":23,"target":4},{"cost":0,"weight":197,"source":29,"target":22},{"cost":0,"weight":470,"source":37,"target":29},{"cost":0,"weight":968,"source":26,"target":2},{"cost":0,"weight":116,"source":38,"target":15},{"cost":0,"weight":443,"source":18,"target":19},{"cost":0,"weight":746,"source":23,"target":10},{"cost":0,"weight":418,"source":8,"target":11},{"cost":0,"weight":432,"source":12,"target":27},{"cost":0,"weight":236,"source":10,"target":2},{"cost":0,"weight":430,"source":8,"target":39},{"cost":0,"weight":245,"source":11,"target":10},{"cost":0,"weight":336,"source":0,"target":10},{"cost":0,"weight":348,"source":4,"target":21},{"cost":0,"weight":133,"source":35,"target":8},{"cost":0,"weight":757,"source":14,"target":19},{"cost":0,"weight":630,"source":17,"target":19},{"cost":0,"weight":480,"source":6,"target":8},{"cost":0,"weight":980,"source":36,"target":3},{"cost":0,"weight":654,"source":21,"target":10},{"cost":0,"weight":897,"source":23,"target":3},{"cost":0,"weight":103,"source":27,"target":32},{"cost":0,"weight":501,"source":25,"target":16},{"cost":0,"weight":46,"source":0,"target":5},{"cost":0,"weight":480,"source":22,"target":13},{"cost":0,"weight":493,"source":39,"target":20},{"cost":0,"weight":26,"source":35,"target":17},{"cost":0,"weight":78,"source":39,"target":14},{"cost":0,"weight":346,"source":19,"target":18},{"cost":0,"weight":961,"source":22,"target":7},{"cost":0,"weight":768,"source":12,"target":14},{"cost":0,"weight":890,"source":15,"target":25},{"cost":0,"weight":181,"source":2,"target":3},{"cost":0,"weight":573,"source":14,"target":27},{"cost":0,"weight":310,"source":1,"target":32},{"cost":0,"weight":528,"source":12,"target":22},{"cost":0,"weight":767,"source":28,"target":34},{"cost":0,"weight":968,"source":26,"target":34},{"cost":0,"weight":737,"source":30,"target":32},{"cost":0,"weight":366,"source":24,"target":0},{"cost":0,"weight":848,"source":26,"target":4},{"cost":0,"weight":499,"source":26,"target":20},{"cost":0,"weight":169,"source":35,"target":3},{"cost":0,"weight":422,"source":14,"target":37},{"cost":0,"weight":397,"source":16,"target":37},{"cost":0,"weight":575,"source":6,"target":34},{"cost":0,"weight":594,"source":38,"target":1},{"cost":0,"weight":947,"source":2,"target":32},{"cost":0,"weight":267,"source":26,"target":33},{"cost":0,"weight":29,"source":27,"target":20},{"cost":0,"weight":982,"source":9,"target":7},{"cost":0,"weight":403,"source":2,"target":18},{"cost":0,"weight":152,"source":36,"target":2},{"cost":0,"weight":975,"source":1,"target":11},{"cost":0,"weight":201,"source":22,"target":38},{"cost":0,"weight":772,"source":22,"target":25},{"cost":0,"weight":776,"source":10,"target":17},{"cost":0,"weight":498,"source":12,"target":24},{"cost":0,"weight":240,"source":22,"target":14},{"cost":0,"weight":177,"source":25,"target":37},{"cost":0,"weight":412,"source":4,"target":16},{"cost":0,"weight":841,"source":31,"target":22},{"cost":0,"weight":911,"source":2,"target":11},{"cost":0,"weight":104,"source":7,"target":15},{"cost":0,"weight":546,"source":11,"target":24},{"cost":0,"weight":258,"source":2,"target":15},{"cost":0,"weight":677,"source":7,"target":17},{"cost":0,"weight":942,"source":28,"target":37},{"cost":0,"weight":639,"source":35,"target":12},{"cost":0,"weight":63,"source":10,"target":35},{"cost":0,"weight":870,"source":7,"target":12},{"cost":0,"weight":367,"source":2,"target":35},{"cost":0,"weight":366,"source":3,"target":9},{"cost":0,"weight":729,"source":10,"target":8},{"cost":0,"weight":471,"source":28,"target":35},{"cost":0,"weight":627,"source":1,"target":23},{"cost":0,"weight":740,"source":30,"target":2},{"cost":0,"weight":946,"source":17,"target":24},{"cost":0,"weight":649,"source":32,"target":13},{"cost":0,"weight":275,"source":35,"target":33},{"cost":0,"weight":180,"source":11,"target":8},{"cost":0,"weight":132,"source":23,"target":20},{"cost":0,"weight":677,"source":14,"target":34},{"cost":0,"weight":253,"source":3,"target":8},{"cost":0,"weight":947,"source":21,"target":22},{"cost":0,"weight":471,"source":11,"target":29},{"cost":0,"weight":770,"source":4,"target":7},{"cost":0,"weight":465,"source":2,"target":26},{"cost":0,"weight":70,"source":15,"target":7},{"cost":0,"weight":873,"source":27,"target":13},{"cost":0,"weight":745,"source":30,"target":3},{"cost":0,"weight":491,"source":4,"target":11},{"cost":0,"weight":674,"source":17,"target":29},{"cost":0,"weight":885,"source":1,"target":37},{"cost":0,"weight":557,"source":19,"target":39},{"cost":0,"weight":163,"source":4,"target":34},{"cost":0,"weight":963,"source":23,"target":18},{"cost":0,"weight":285,"source":4,"target":1},{"cost":0,"weight":500,"source":27,"target":28},{"cost":0,"weight":476,"source":3,"target":10},{"cost":0,"weight":506,"source":16,"target":25},{"cost":0,"weight":577,"source":12,"target":17},{"cost":0,"weight":163,"source":35,"target":14},{"cost":0,"weight":778,"source":16,"target":23},{"cost":0,"weight":123,"source":24,"target":27},{"cost":0,"weight":139,"source":16,"target":30}],"graph":{"S":0,"T":10},"multigraph":false}