{"directed":true,"nodes":[{"id":0},{"id":1},{"id":2},{"id":3},{"id":4},{"id":5},{"id":6},{"id":7},{"id":8},{"id":9},{"id":10},{"id":11},{"id":12},{"id":13},{"id":14},{"id":15},{"id":16},{"id":17},{"id":18},{"id":19},{"id":20},{"id":21},{"id":22},{"id":23},{"id":24},{"id":25},{"id":26},{"id":27},{"id":28},{"id":29},{"id":30},{"id":31},{"id":32},{"id":33},{"id":34},{"id":35},{"id":36},{"id":37},{"id":38},{"id":39}],"links":[{"cost":0,"weight":960,"source":9,"target":0},{"cost":0,"weight":672,"source":35,"target":28},{"cost":0,"weight":524,"source":6,"target":19},{"cost":0,"weight":116,"source":22,"target":18},{"cost":0,"weight":846,"source":9,"target":2},{"cost":0,"weight":988,"source":31,"target":27},{"cost":0,"weight":512,"source":8,"target":37},{"cost":0,"weight":883,"source":23,"target":13},{"cost":0,"weight":789,"source":27,"target":2},{"cost":0,"weight":711,"source":19,"target":7},{"cost":0,"weight":723,"source":21,"target":39},{"cost":0,"weight":261,"source":11,"target":5},{"cost":0,"weight":963,"source":8,"target":16},{"cost":0,"weight":800,"source":39,"target":30},{"cost":0,"weight":238,"source":37,"target":25},{"cost":0,"weight":282,"source":8,"target":31},{"cost":0,"weight":932,"source":5,"target":38},{"cost":0,"weight":438,"source":32,"target":0},{"cost":0,"weight":726,"source":31,"target":38},{"cost":0,"weight":84,"source":6,"target":21},{"cost":0,"weight":610,"source":11,"target":30},{"cost":0,"weight":236,"source":6,"target":32},{"cost":0,"weight":473,"source":27,"target":22},{"cost":0,"weight":646,"source":28,"target":4},{"cost":0,"weight":250,"source":8,"target":35},{"cost":0,"weight":109,"source":15,"target":31},{"cost":0,"weight":167,"source":0,"target":11},{"cost":0,"weight":184,"source":22,"target":16},{"cost":0,"weight":160,"source":9,"target":30},{"cost":0,"weight":450,"source":14,"target":27},{"cost":0,"weight":638,"source":15,"target":33},{"cost":0,"weight":462,"source":32,"target":36},{"cost":0,"weight":356,"source":18,"target":14},{"cost":0,"weight":262,"source":6,"target":29},{"cost":0,"weight":334,"source":31,"target":0},{"cost":0,"weight":368,"source":8,"target":11},{"cost":0,"weight":333,"source":32,"target":28},{"cost":0,"weight":547,"source":0,"target":10},{"cost":0,"weight":960,"source":27,"target":19},{"cost":0,"weight":662,"source":21,"target":8},{"cost":0,"weight":233,"source":20,"target":28},{"cost":0,"weight":385,"source":32,"target":31},{"cost":0,"weight":948,"source":16,"target":6},{"cost":0,"weight":585,"source":17,"target":20},{"cost":0,"weight":578,"source":39,"target":19},{"cost":0,"weight":692,"source":28,"target":29},{"cost":0,"weight":469,"source":13,"target":24},{"cost":0,"weight":551,"source":30,"target":0},{"cost":0,"weight":248,"source":37,"target":26},{"cost":0,"weight":444,"source":30,"target":6},{"cost":0,"weight":226,"source":10,"target":26},{"cost":0,"weight":769,"source":34,"target":6},{"cost":0,"weight":781,"source":36,"target":9},{"cost":0,"weight":689,"source":39,"target":5},{"cost":0,"weight":211,"source":28,"target":12},{"cost":0,"weight":515,"source":35,"target":20},{"cost":0,"weight":596,"source":20,"target":26},{"cost":0,"weight":582,"source":29,"target":25},{"cost":0,"weight":988,"source":6,"target":24},{"cost":0,"weight":398,"source":13,"target":1},{"cost":0,"weight":242,"source":27,"target":3},{"cost":0,"weight":183,"source":37,"target":34},{"cost":0,"weight":727,"source":11,"target":4},{"cost":0,"weight":464,"source":38,"target":39},{"cost":0,"weight":75,"source":13,"target":32},{"cost":0,"weight":702,"source":16,"target":19},{"cost":0,"weight":456,"source":26,"target":25},{"cost":0,"weight":574,"source":1,"target":31},{"cost":0,"weight":450,"source":9,"target":22},{"cost":0,"weight":413,"source":4,"target":18},{"cost":0,"weight":984,"source":18,"target":8},{"cost":0,"weight":826,"source":24,"target":28},{"cost":0,"weight":379,"source":19,"target":25},{"cost":0,"weight":245,"source":25,"target":7},{"cost":0,"weight":840,"source":32,"target":4},{"cost":0,"weight":362,"source":5,"target":10},{"cost":0,"weight":970,"source":12,"target":32},{"cost":0,"weight":252,"source":10,"target":21},{"cost":0,"weight":400,"source":23,"target":3},{"cost":0,"weight":87,"source":34,"target":3},{"cost":0,"weight":602,"source":20,"target":35},{"cost":0,"weight":232,"source":37,"target":22},{"cost":0,"weight":175,"source":6,"target":8},{"cost":0,"weight":108,"source":26,"target":36},{"cost":0,"weight":133,"source":38,"target":37},{"cost":0,"weight":620,"source":25,"target":6},{"cost":0,"weight":328,"source":12,"target":5},{"cost":0,"weight":16,"source":31,"target":18},{"cost":0,"weight":721,"source":31,"target":34},{"cost":0,"weight":677,"source":34,"target":32},{"cost":0,"weight":922,"source":16,"target":37},{"cost":0,"weight":785,"source":6,"target":17},{"cost":0,"weight":21,"source":25,"target":23},{"cost":0,"weight":385,"source":6,"target":33},{"cost":0,"weight":764,"source":7,"target":0},{"cost":0,"weight":595,"source":27,"target":34},{"cost":0,"weight":677,"source":7,"target":2},{"cost":0,"weight":304,"source":12,"target":34},{"cost":0,"weight":525,"source":20,"target":14},{"cost":0,"weight":177,"source":14,"target":22},{"cost":0,"weight":192,"source":4,"target":21},{"cost":0,"weight":479,"source":21,"target":38},{"cost":0,"weight":101,"source":21,"target":31},{"cost":0,"weight":384,"source":17,"target":33},{"cost":0,"weight":521,"source":1,"target":25},{"cost":0,"weight":177,"source":22,"target":30},{"cost":0,"weight":943,"source":2,"target":21},{"cost":0,"weight":868,"source":21,"target":14},{"cost":0,"weight":221,"source":37,"target":14},{"cost":0,"weight":466,"source":24,"target":29},{"cost":0,"weight":388,"source":24,"target":3},{"cost":0,"weight":866,"source":14,"target":35},{"cost":0,"weight":433,"source":12,"target":2},{"cost":0,"weight":303,"source":1,"target":36},{"cost":0,"weight":507,"source":0,"target":38},{"cost":0,"weight":939,"source":31,"target":22},{"cost":0,"weight":169,"source":17,"target":28},{"cost":0,"weight":51,"source":38,"target":20},{"cost":0,"weight":738,"source":0,"target":20},{"cost":0,"weight":449,"source":1,"target":30},{"cost":0,"weight":54,"source":3,"target":12},{"cost":0,"weight":698,"source":35,"target":3},{"cost":0,"weight":373,"source":32,"target":33},{"cost":0,"weight":504,"source":13,"target":25},{"cost":0,"weight":660,"source":23,"target":7},{"cost":0,"weight":607,"source":25,"target":38},{"cost":0,"weight":402,"source":20,"target":23},{"cost":0,"weight":414,"source":12,"target":22},{"cost":0,"weight":468,"source":19,"target":3},{"cost":0,"weight":128,"source":1,"target":14},{"cost":0,"weight":859,"source":6,"target":23},{"cost":0,"weight":17,"source":16,"target":3},{"cost":0,"weight":231,"source":12,"target":7},{"cost":0,"weight":310,"source":30,"target":9},{"cost":0,"weight":144,"source":25,"target":8},{"cost":0,"weight":574,"source":36,"target":5},{"cost":0,"weight":257,"source":18,"target":27},{"cost":0,"weight":655,"source":35,"target":10},{"cost":0,"weight":288,"source":3,"target":4},{"cost":0,"weight":72,"source":29,"target":4},{"cost":0,"weight":162,"source":28,"target":6},{"cost":0,"weight":913,"source":2,"target":31},{"cost":0,"weight":722,"source":21,"target":16},{"cost":0,"weight":635,"source":9,"target":25},{"cost":0,"weight":107,"source":5,"target":17},{"cost":0,"weight":113,"source":38,"target":3},{"cost":0,"weight":516,"source":9,"target":12},{"cost":0,"weight":655,"source":23,"target":25},{"cost":0,"weight":285,"source":32,"target":13},{"cost":0,"weight":517,"source":12,"target":38},{"cost":0,"weight":688,"source":22,"target":39},{"cost":0,"weight":97,"source":1,"target":20},{"cost":0,"weight":500,"source":3,"target":22},{"cost":0,"weight":505,"source":2,"target":17},{"cost":0,"weight":162,"source":8,"target":23},{"cost":0,"weight":519,"source":2,"target":29},{"cost":0,"weight":722,"source":29,"target":32},{"cost":0,"weight":437,"source":7,"target":16},{"cost":0,"weight":408,"source":1,"target":18},{"cost":0,"weight":649,"source":15,"target":35}],"graph":{"S":0,"T":10},"multigraph":false}