{"directed":true,"nodes":[{"id":0},{"id":1},{"id":2},{"id":3},{"id":4},{"id":5},{"id":6},{"id":7},{"id":8},{"id":9},{"id":10},{"id":11},{"id":12},{"id":13},{"id":14},{"id":15},{"id":16},{"id":17},{"id":18},{"id":19},{"id":20},{"id":21},{"id":22},{"id":23},{"id":24},{"id":25},{"id":26},{"id":27},{"id":28},{"id":29},{"id":30},{"id":31},{"id":32},{"id":33},{"id":34},{"id":35},{"id":36},{"id":37},{"id":38},{"id":39}],"links":[{"cost":0,"weight":339,"source":17,"target":27},{"cost":0,"weight":335,"source":8,"target":27},{"cost":0,"weight":732,"source":12,"target":13},{"cost":0,"weight":184,"source":24,"target":10},{"cost":0,"weight":711,"source":14,"target":5},{"cost":0,"weight":699,"source":16,"target":21},{"cost":0,"weight":666,"source":11,"target":21},{"cost":0,"weight":165,"source":0,"target":23},{"cost":0,"weight":533,"source":26,"target":12},{"cost":0,"weight":286,"source":20,"target":6},{"cost":0,"weight":688,"source":3,"target":28},{"cost":0,"weight":893,"source":19,"target":23},{"cost":0,"weight":807,"source":22,"target":20},{"cost":0,"weight":134,"source":35,"target":30},{"cost":0,"weight":615,"source":7,"target":33},{"cost":0,"weight":33,"source":34,"target":1},{"cost":0,"weight":974,"source":13,"target":36},{"cost":0,"weight":567,"source":24,"target":16},{"cost":0,"weight":885,"source":9,"target":32},{"cost":0,"weight":944,"source":0,"target":4},{"cost":0,"weight":77,"source":28,"target":11},{"cost":0,"weight":66,"source":29,"target":33},{"cost":0,"weight":914,"source":26,"target":7},{"cost":0,"weight":183,"source":34,"target":17},{"cost":0,"weight":344,"source":2,"target":35},{"cost":0,"weight":752,"source":9,"target":22},{"cost":0,"weight":513,"source":15,"target":10},{"cost":0,"weight":285,"source":12,"target":35},{"cost":0,"weight":220,"source":25,"target":24},{"cost":0,"weight":896,"source":18,"target":15},{"cost":0,"weight":452,"source":20,"target":29},{"cost":0,"weight":910,"source":26,"target":24},{"cost":0,"weight":116,"source":3,"target":23},{"cost":0,"weight":346,"source":35,"target":16},{"cost":0,"weight":651,"source":29,"target":0},{"cost":0,"weight":936,"source":20,"target":23},{"cost":0,"weight":482,"source":5,"target":17},{"cost":0,"weight":298,"source":7,"target":36},{"cost":0,"weight":907,"source":39,"target":9},{"cost":0,"weight":49,"source":0,"target":17},{"cost":0,"weight":159,"source":22,"target":39},{"cost":0,"weight":230,"source":19,"target":10},{"cost":0,"weight":261,"source":19,"target":8},{"cost":0,"weight":793,"source":27,"target":17},{"cost":0,"weight":990,"source":8,"target":5},{"cost":0,"weight":104,"source":31,"target":18},{"cost":0,"weight":633,"source":3,"target":4},{"cost":0,"weight":110,"source":0,"target":6},{"cost":0,"weight":330,"source":30,"target":33},{"cost":0,"weight":236,"source":21,"target":22},{"cost":0,"weight":323,"source":11,"target":0},{"cost":0,"weight":231,"source":15,"target":6},{"cost":0,"weight":505,"source":12,"target":34},{"cost":0,"weight":906,"source":25,"target":19},{"cost":0,"weight":936,"source":22,"target":11},{"cost":0,"weight":298,"source":2,"target":11},{"cost":0,"weight":388,"source":30,"target":15},{"cost":0,"weight":269,"source":28,"target":24},{"cost":0,"weight":177,"source":36,"target":23},{"cost":0,"weight":194,"source":1,"target":31},{"cost":0,"weight":478,"source":39,"target":2},{"cost":0,"weight":201,"source":23,"target":35},{"cost":0,"weight":275,"source":32,"target":8},{"cost":0,"weight":324,"source":27,"target":20},{"cost":0,"weight":755,"source":35,"target":15},{"cost":0,"weight":563,"source":39,"target":29},{"cost":0,"weight":602,"source":38,"target":30},{"cost":0,"weight":506,"source":38,"target":10},{"cost":0,"weight":288,"source":14,"target":10},{"cost":0,"weight":871,"source":9,"target":12},{"cost":0,"weight":661,"source":25,"target":26},{"cost":0,"weight":754,"source":2,"target":19},{"cost":0,"weight":731,"source":23,"target":1},{"cost":0,"weight":544,"source":13,"target":30},{"cost":0,"weight":294,"source":22,"target":26},{"cost":0,"weight":394,"source":36,"target":20},{"cost":0,"weight":987,"source":37,"target":5},{"cost":0,"weight":434,"source":7,"target":3},{"cost":0,"weight":989,"source":22,"target":38},{"cost":0,"weight":670,"source":39,"target":22},{"cost":0,"weight":588,"source":29,"target":3},{"cost":0,"weight":728,"source":12,"target":36},{"cost":0,"weight":602,"source":31,"target":13},{"cost":0,"weight":864,"source":4,"target":27},{"cost":0,"weight":548,"source":4,"target":20},{"cost":0,"weight":148,"source":5,"target":12},{"cost":0,"weight":379,"source":8,"target":18},{"cost":0,"weight":627,"source":26,"target":16},{"cost":0,"weight":809,"source":25,"target":14},{"cost":0,"weight":690,"source":28,"target":26},{"cost":0,"weight":843,"source":27,"target":19},{"cost":0,"weight":49,"source":32,"target":15},{"cost":0,"weight":888,"source":32,"target":1},{"cost":0,"weight":548,"source":19,"target":33},{"cost":0,"weight":903,"source":6,"target":32},{"cost":0,"weight":923,"source":34,"target":21},{"cost":0,"weight":838,"source":21,"target":10},{"cost":0,"weight":347,"source":27,"target":16},{"cost":0,"weight":985,"source":5,"target":37},{"cost":0,"weight":686,"source":31,"target":21},{"cost":0,"weight":210,"source":21,"target":35},{"cost":0,"weight":205,"source":36,"target":7},{"cost":0,"weight":41,"source":22,"target":16},{"cost":0,"weight":751,"source":7,"target":16},{"cost":0,"weight":749,"source":22,"target":24},{"cost":0,"weight":994,"source":30,"target":12},{"cost":0,"weight":610,"source":32,"target":11},{"cost":0,"weight":45,"source":36,"target":13},{"cost":0,"weight":239,"source":16,"target":22},{"cost":0,"weight":381,"source":21,"target":19},{"cost":0,"weight":584,"source":4,"target":15},{"cost":0,"weight":826,"source":9,"target":16},{"cost":0,"weight":472,"source":22,"target":21},{"cost":0,"weight":266,"source":31,"target":1},{"cost":0,"weight":421,"source":5,"target":13},{"cost":0,"weight":282,"source":38,"target":29},{"cost":0,"weight":293,"source":7,"target":20},{"cost":0,"weight":911,"source":37,"target":23},{"cost":0,"weight":715,"source":9,"target":11},{"cost":0,"weight":110,"source":20,"target":9},{"cost":0,"weight":971,"source":34,"target":27},{"cost":0,"weight":929,"source":23,"target":9},{"cost":0,"weight":626,"source":29,"target":10},{"cost":0,"weight":769,"source":17,"target":15},{"cost":0,"weight":350,"source":6,"target":10},{"cost":0,"weight":52,"source":30,"target":31},{"cost":0,"weight":814,"source":27,"target":1},{"cost":0,"weight":252,"source":27,"target":26},{"cost":0,"weight":93,"source":21,"target":37},{"cost":0,"weight":694,"source":11,"target":37},{"cost":0,"weight":891,"source":3,"target":20},{"cost":0,"weight":998,"source":38,"target":20},{"cost":0,"weight":913,"source":34,"target":2},{"cost":0,"weight":790,"source":19,"target":20},{"cost":0,"weight":420,"source":32,"target":21},{"cost":0,"weight":349,"source":28,"target":32},{"cost":0,"weight":757,"source":15,"target":28},{"cost":0,"weight":27,"source":28,"target":34},{"cost":0,"weight":822,"source":6,"target":18},{"cost":0,"weight":960,"source":14,"target":31},{"cost":0,"weight":657,"source":0,"target":26},{"cost":0,"weight":223,"source":39,"target":10},{"cost":0,"weight":592,"source":26,"target":5},{"cost":0,"weight":487,"source":33,"target":37},{"cost":0,"weight":106,"source":28,"target":37},{"cost":0,"weight":951,"source":39,"target":5},{"cost":0,"weight":589,"source":9,"target":24},{"cost":0,"weight":626,"source":14,"target":32},{"cost":0,"weight":436,"source":27,"target":31},{"cost":0,"weight":614,"source":12,"target":29},{"cost":0,"weight":798,"source":15,"target":20},{"cost":0,"weight":575,"source":15,"target":0},{"cost":0,"weight":936,"source":15,"target":38},{"cost":0,"weight":937,"source":33,"target":5},{"cost":0,"weight":720,"source":20,"target":4},{"cost":0,"weight":148,"source":15,"target":27},{"cost":0,"weight":598,"source":22,"target":25},{"cost":0,"weight":712,"source":36,"target":27},{"cost":0,"weight":760,"source":27,"target":36},{"cost":0,"weight":482,"source":30,"target":10}],"graph":{"S":0,"T":10},"multigraph":false}