{"nodes":[{"id":0},{"id":1},{"id":2},{"id":3},{"id":4},{"id":5},{"id":6},{"id":7},{"id":8},{"id":9},{"id":10},{"id":11},{"id":12},{"id":13},{"id":14},{"id":15},{"id":16},{"id":17},{"id":18},{"id":19},{"id":20},{"id":21},{"id":22},{"id":23},{"id":24},{"id":25},{"id":26},{"id":27},{"id":28},{"id":29},{"id":30},{"id":31},{"id":32},{"id":33},{"id":34},{"id":35},{"id":36},{"id":37},{"id":38},{"id":39},{"id":40},{"id":41},{"id":42},{"id":43},{"id":44},{"id":45},{"id":46},{"id":47},{"id":48},{"id":49}],"links":[{"cost":0,"weight":845,"source":13,"target":8},{"cost":0,"weight":309,"source":3,"target":41},{"cost":0,"weight":945,"source":10,"target":11},{"cost":0,"weight":556,"source":36,"target":32},{"cost":0,"weight":713,"source":21,"target":5},{"cost":0,"weight":193,"source":0,"target":23},{"cost":0,"weight":903,"source":40,"target":3},{"cost":0,"weight":250,"source":4,"target":38},{"cost":0,"weight":996,"source":27,"target":32},{"cost":0,"weight":552,"source":15,"target":4},{"cost":0,"weight":113,"source":1,"target":19},{"cost":0,"weight":964,"source":20,"target":19},{"cost":0,"weight":102,"source":29,"target":26},{"cost":0,"weight":525,"source":39,"target":23},{"cost":0,"weight":448,"source":18,"target":31},{"cost":0,"weight":153,"source":25,"target":19},{"cost":0,"weight":408,"source":14,"target":21},{"cost":0,"weight":952,"source":36,"target":1},{"cost":0,"weight":376,"source":21,"target":15},{"cost":0,"weight":728,"source":26,"target":15},{"cost":0,"weight":704,"source":16,"target":7},{"cost":0,"weight":95,"source":19,"target":45},{"cost":0,"weight":533,"source":16,"target":2},{"cost":0,"weight":647,"source":36,"target":17},{"cost":0,"weight":380,"source":32,"target":13},{"cost":0,"weight":390,"source":35,"target":34},{"cost":0,"weight":467,"source":30,"target":9},{"cost":0,"weight":911,"source":12,"target":35},{"cost":0,"weight":51,"source":20,"target":9},{"cost":0,"weight":284,"source":40,"target":37},{"cost":0,"weight":322,"source":46,"target":47},{"cost":0,"weight":640,"source":19,"target":6},{"cost":0,"weight":987,"source":8,"target":10},{"cost":0,"weight":395,"source":48,"target":13},{"cost":0,"weight":478,"source":23,"target":18},{"cost":0,"weight":19,"source":29,"target":19},{"cost":0,"weight":682,"source":1,"target":39},{"cost":0,"weight":950,"source":4,"target":28},{"cost":0,"weight":457,"source":9,"target":25},{"cost":0,"weight":69,"source":38,"target":28},{"cost":0,"weight":591,"source":24,"target":37},{"cost":0,"weight":460,"source":38,"target":14},{"cost":0,"weight":746,"source":39,"target":29},{"cost":0,"weight":722,"source":29,"target":21},{"cost":0,"weight":536,"source":43,"target":24},{"cost":0,"weight":644,"source":48,"target":42},{"cost":0,"weight":841,"source":5,"target":27},{"cost":0,"weight":292,"source":7,"target":4},{"cost":0,"weight":368,"source":42,"target":3},{"cost":0,"weight":183,"source":11,"target":2},{"cost":0,"weight":979,"source":11,"target":1},{"cost":0,"weight":333,"source":23,"target":31},{"cost":0,"weight":906,"source":30,"target":25},{"cost":0,"weight":406,"source":28,"target":16},{"cost":0,"weight":988,"source":29,"target":5},{"cost":0,"weight":366,"source":31,"target":46},{"cost":0,"weight":810,"source":14,"target":4},{"cost":0,"weight":682,"source":44,"target":34},{"cost":0,"weight":938,"source":47,"target":22},{"cost":0,"weight":724,"source":14,"target":34},{"cost":0,"weight":644,"source":37,"target":8},{"cost":0,"weight":635,"source":32,"target":41},{"cost":0,"weight":187,"source":16,"target":6},{"cost":0,"weight":49,"source":23,"target":12},{"cost":0,"weight":320,"source":27,"target":13},{"cost":0,"weight":496,"source":49,"target":3},{"cost":0,"weight":831,"source":47,"target":25},{"cost":0,"weight":873,"source":8,"target":27},{"cost":0,"weight":156,"source":25,"target":34},{"cost":0,"weight":58,"source":14,"target":30},{"cost":0,"weight":808,"source":8,"target":9},{"cost":0,"weight":935,"source":33,"target":42},{"cost":0,"weight":285,"source":49,"target":43},{"cost":0,"weight":527,"source":46,"target":32},{"cost":0,"weight":115,"source":33,"target":34},{"cost":0,"weight":285,"source":46,"target":26},{"cost":0,"weight":205,"source":28,"target":18},{"cost":0,"weight":403,"source":12,"target":46},{"cost":0,"weight":34,"source":40,"target":39},{"cost":0,"weight":385,"source":10,"target":3},{"cost":0,"weight":168,"source":45,"target":25},{"cost":0,"weight":766,"source":18,"target":23},{"cost":0,"weight":428,"source":3,"target":21},{"cost":0,"weight":644,"source":38,"target":19},{"cost":0,"weight":345,"source":7,"target":13},{"cost":0,"weight":65,"source":3,"target":24},{"cost":0,"weight":259,"source":7,"target":36},{"cost":0,"weight":643,"source":25,"target":35},{"cost":0,"weight":527,"source":3,"target":31},{"cost":0,"weight":607,"source":27,"target":47},{"cost":0,"weight":228,"source":25,"target":22},{"cost":0,"weight":857,"source":36,"target":26},{"cost":0,"weight":979,"source":40,"target":35},{"cost":0,"weight":400,"source":29,"target":38},{"cost":0,"weight":407,"source":27,"target":3},{"cost":0,"weight":666,"source":15,"target":24},{"cost":0,"weight":871,"source":38,"target":39},{"cost":0,"weight":105,"source":27,"target":48},{"cost":0,"weight":935,"source":12,"target":36},{"cost":0,"weight":903,"source":12,"target":20},{"cost":0,"weight":845,"source":47,"target":30},{"cost":0,"weight":98,"source":5,"target":10},{"cost":0,"weight":948,"source":7,"target":11},{"cost":0,"weight":545,"source":34,"target":41},{"cost":0,"weight":30,"source":13,"target":32},{"cost":0,"weight":287,"source":16,"target":14},{"cost":0,"weight":314,"source":18,"target":20},{"cost":0,"weight":865,"source":21,"target":37},{"cost":0,"weight":882,"source":31,"target":47},{"cost":0,"weight":82,"source":27,"target":30},{"cost":0,"weight":508,"source":9,"target":37},{"cost":0,"weight":881,"source":6,"target":4},{"cost":0,"weight":788,"source":33,"target":5},{"cost":0,"weight":670,"source":21,"target":47},{"cost":0,"weight":67,"source":4,"target":3},{"cost":0,"weight":103,"source":24,"target":26},{"cost":0,"weight":445,"source":35,"target":37},{"cost":0,"weight":297,"source":18,"target":11},{"cost":0,"weight":428,"source":23,"target":8},{"cost":0,"weight":117,"source":34,"target":12},{"cost":0,"weight":652,"source":21,"target":19},{"cost":0,"weight":176,"source":45,"target":48},{"cost":0,"weight":840,"source":13,"target":30},{"cost":0,"weight":441,"source":19,"target":37},{"cost":0,"weight":368,"source":19,"target":2},{"cost":0,"weight":257,"source":22,"target":46},{"cost":0,"weight":880,"source":6,"target":36},{"cost":0,"weight":382,"source":23,"target":15},{"cost":0,"weight":431,"source":42,"target":43},{"cost":0,"weight":514,"source":23,"target":44},{"cost":0,"weight":578,"source":42,"target":27},{"cost":0,"weight":63,"source":6,"target":15},{"cost":0,"weight":804,"source":26,"target":33},{"cost":0,"weight":128,"source":14,"target":36},{"cost":0,"weight":984,"source":31,"target":39},{"cost":0,"weight":360,"source":7,"target":32},{"cost":0,"weight":924,"source":44,"target":13},{"cost":0,"weight":61,"source":33,"target":17},{"cost":0,"weight":235,"source":7,"target":39},{"cost":0,"weight":408,"source":44,"target":1},{"cost":0,"weight":415,"source":31,"target":43},{"cost":0,"weight":523,"source":41,"target":33},{"cost":0,"weight":636,"source":32,"target":7},{"cost":0,"weight":135,"source":31,"target":37},{"cost":0,"weight":66,"source":7,"target":28},{"cost":0,"weight":349,"source":11,"target":31},{"cost":0,"weight":964,"source":46,"target":11},{"cost":0,"weight":173,"source":35,"target":22},{"cost":0,"weight":298,"source":5,"target":44},{"cost":0,"weight":647,"source":27,"target":37},{"cost":0,"weight":271,"source":43,"target":38},{"cost":0,"weight":448,"source":48,"target":0},{"cost":0,"weight":987,"source":36,"target":39},{"cost":0,"weight":269,"source":29,"target":27},{"cost":0,"weight":53,"source":37,"target":35},{"cost":0,"weight":780,"source":16,"target":8},{"cost":0,"weight":36,"source":19,"target":27},{"cost":0,"weight":437,"source":44,"target":0},{"cost":0,"weight":112,"source":22,"target":41},{"cost":0,"weight":473,"source":2,"target":12},{"cost":0,"weight":612,"source":26,"target":18},{"cost":0,"weight":965,"source":40,"target":45},{"cost":0,"weight":566,"source":11,"target":24},{"cost":0,"weight":56,"source":40,"target":38},{"cost":0,"weight":139,"source":27,"target":45},{"cost":0,"weight":399,"source":5,"target":16},{"cost":0,"weight":353,"source":23,"target":36},{"cost":0,"weight":945,"source":39,"target":41},{"cost":0,"weight":551,"source":1,"target":33},{"cost":0,"weight":495,"source":32,"target":20},{"cost":0,"weight":887,"source":10,"target":30},{"cost":0,"weight":658,"source":30,"target":7},{"cost":0,"weight":570,"source":39,"target":48},{"cost":0,"weight":474,"source":44,"target":5},{"cost":0,"weight":538,"source":43,"target":44},{"cost":0,"weight":362,"source":15,"target":18},{"cost":0,"weight":125,"source":33,"target":30},{"cost":0,"weight":213,"source":29,"target":11},{"cost":0,"weight":215,"source":47,"target":5},{"cost":0,"weight":248,"source":4,"target":23},{"cost":0,"weight":871,"source":5,"target":39},{"cost":0,"weight":867,"source":2,"target":47},{"cost":0,"weight":851,"source":23,"target":38},{"cost":0,"weight":207,"source":24,"target":1},{"cost":0,"weight":365,"source":47,"target":26},{"cost":0,"weight":396,"source":38,"target":10},{"cost":0,"weight":693,"source":34,"target":3},{"cost":0,"weight":185,"source":8,"target":22},{"cost":0,"weight":444,"source":28,"target":41},{"cost":0,"weight":435,"source":8,"target":36},{"cost":0,"weight":945,"source":6,"target":32},{"cost":0,"weight":339,"source":38,"target":2},{"cost":0,"weight":787,"source":36,"target":44},{"cost":0,"weight":780,"source":21,"target":36},{"cost":0,"weight":740,"source":43,"target":14},{"cost":0,"weight":449,"source":4,"target":16},{"cost":0,"weight":548,"source":19,"target":46},{"cost":0,"weight":340,"source":44,"target":6},{"cost":0,"weight":916,"source":1,"target":28},{"cost":0,"weight":42,"source":21,"target":40},{"cost":0,"weight":768,"source":13,"target":18},{"cost":0,"weight":665,"source":17,"target":24},{"cost":0,"weight":256,"source":17,"target":48},{"cost":0,"weight":769,"source":2,"target":30},{"cost":0,"weight":604,"source":19,"target":24},{"cost":0,"weight":589,"source":35,"target":42},{"cost":0,"weight":187,"source":1,"target":20},{"cost":0,"weight":12,"source":23,"target":7},{"cost":0,"weight":143,"source":18,"target":37},{"cost":0,"weight":15,"source":30,"target":28},{"cost":0,"weight":412,"source":7,"target":45},{"cost":0,"weight":243,"source":2,"target":14},{"cost":0,"weight":496,"source":30,"target":44},{"cost":0,"weight":475,"source":20,"target":35},{"cost":0,"weight":221,"source":0,"target":40},{"cost":0,"weight":818,"source":43,"target":9},{"cost":0,"weight":419,"source":45,"target":43},{"cost":0,"weight":46,"source":23,"target":25},{"cost":0,"weight":44,"source":7,"target":49},{"cost":0,"weight":166,"source":28,"target":0},{"cost":0,"weight":58,"source":48,"target":43},{"cost":0,"weight":295,"source":19,"target":41},{"cost":0,"weight":273,"source":46,"target":4},{"cost":0,"weight":689,"source":48,"target":39},{"cost":0,"weight":224,"source":12,"target":32},{"cost":0,"weight":438,"source":14,"target":1},{"cost":0,"weight":702,"source":36,"target":46},{"cost":0,"weight":928,"source":24,"target":12},{"cost":0,"weight":173,"source":19,"target":29},{"cost":0,"weight":17,"source":40,"target":33},{"cost":0,"weight":413,"source":4,"target":30},{"cost":0,"weight":990,"source":41,"target":36},{"cost":0,"weight":919,"source":21,"target":31},{"cost":0,"weight":204,"source":44,"target":47},{"cost":0,"weight":234,"source":19,"target":11},{"cost":0,"weight":744,"source":30,"target":46},{"cost":0,"weight":647,"source":36,"target":0},{"cost":0,"weight":530,"source":9,"target":36},{"cost":0,"weight":758,"source":25,"target":17},{"cost":0,"weight":368,"source":9,"target":20},{"cost":0,"weight":914,"source":42,"target":2},{"cost":0,"weight":762,"source":47,"target":7},{"cost":0,"weight":66,"source":25,"target":9},{"cost":0,"weight":834,"source":15,"target":43},{"cost":0,"weight":786,"source":41,"target":4},{"cost":0,"weight":34,"source":2,"target":45},{"cost":0,"weight":488,"source":27,"target":14},{"cost":0,"weight":550,"source":20,"target":30},{"cost":0,"weight":147,"source":38,"target":31},{"cost":0,"weight":129,"source":30,"target":23},{"cost":0,"weight":128,"source":18,"target":49},{"cost":0,"weight":279,"source":37,"target":1},{"cost":0,"weight":382,"source":32,"target":14},{"cost":0,"weight":968,"source":14,"target":5},{"cost":0,"weight":857,"source":16,"target":15},{"cost":0,"weight":40,"source":44,"target":21},{"cost":0,"weight":346,"source":41,"target":2},{"cost":0,"weight":900,"source":24,"target":0},{"cost":0,"weight":764,"source":1,"target":29},{"cost":0,"weight":642,"source":4,"target":34},{"cost":0,"weight":285,"source":25,"target":29},{"cost":0,"weight":178,"source":38,"target":49},{"cost":0,"weight":303,"source":38,"target":24},{"cost":0,"weight":709,"source":24,"target":48},{"cost":0,"weight":322,"source":7,"target":33},{"cost":0,"weight":598,"source":7,"target":6},{"cost":0,"weight":701,"source":16,"target":46},{"cost":0,"weight":520,"source":6,"target":21},{"cost":0,"weight":500,"source":1,"target":47},{"cost":0,"weight":930,"source":22,"target":18},{"cost":0,"weight":188,"source":14,"target":47},{"cost":0,"weight":166,"source":7,"target":42},{"cost":0,"weight":303,"source":15,"target":21},{"cost":0,"weight":190,"source":15,"target":45},{"cost":0,"weight":946,"source":28,"target":17},{"cost":0,"weight":882,"source":10,"target":34},{"cost":0,"weight":860,"source":49,"target":36},{"cost":0,"weight":715,"source":46,"target":31},{"cost":0,"weight":624,"source":37,"target":24},{"cost":0,"weight":974,"source":40,"target":28},{"cost":0,"weight":21,"source":11,"target":43},{"cost":0,"weight":883,"source":21,"target":9},{"cost":0,"weight":89,"source":34,"target":14},{"cost":0,"weight":604,"source":12,"target":39},{"cost":0,"weight":533,"source":10,"target":4},{"cost":0,"weight":886,"source":5,"target":20},{"cost":0,"weight":767,"source":5,"target":37},{"cost":0,"weight":423,"source":9,"target":29},{"cost":0,"weight":513,"source":9,"target":34},{"cost":0,"weight":702,"source":17,"target":28},{"cost":0,"weight":74,"source":6,"target":44},{"cost":0,"weight":941,"source":6,"target":47},{"cost":0,"weight":170,"source":47,"target":34},{"cost":0,"weight":644,"source":45,"target":5},{"cost":0,"weight":189,"source":37,"target":44},{"cost":0,"weight":110,"source":1,"target":4},{"cost":0,"weight":256,"source":24,"target":33},{"cost":0,"weight":798,"source":25,"target":11},{"cost":0,"weight":314,"source":21,"target":28},{"cost":0,"weight":771,"source":44,"target":42},{"cost":0,"weight":308,"source":4,"target":44},{"cost":0,"weight":443,"source":28,"target":2},{"cost":0,"weight":711,"source":9,"target":38},{"cost":0,"weight":861,"source":9,"target":10},{"cost":0,"weight":268,"source":14,"target":13},{"cost":0,"weight":489,"source":9,"target":42},{"cost":0,"weight":368,"source":23,"target":10},{"cost":0,"weight":431,"source":48,"target":9},{"cost":0,"weight":227,"source":34,"target":46},{"cost":0,"weight":421,"source":30,"target":4},{"cost":0,"weight":50,"source":29,"target":8},{"cost":0,"weight":257,"source":49,"target":25},{"cost":0,"weight":866,"source":24,"target":2},{"cost":0,"weight":271,"source":46,"target":40},{"cost":0,"weight":862,"source":11,"target":20},{"cost":0,"weight":182,"source":11,"target":41},{"cost":0,"weight":477,"source":41,"target":22},{"cost":0,"weight":329,"source":24,"target":21},{"cost":0,"weight":391,"source":16,"target":41},{"cost":0,"weight":867,"source":24,"target":8},{"cost":0,"weight":100,"source":25,"target":39},{"cost":0,"weight":594,"source":14,"target":10},{"cost":0,"weight":493,"source":28,"target":31},{"cost":0,"weight":267,"source":41,"target":6},{"cost":0,"weight":83,"source":38,"target":4},{"cost":0,"weight":654,"source":24,"target":40},{"cost":0,"weight":709,"source":0,"target":11},{"cost":0,"weight":597,"source":17,"target":49},{"cost":0,"weight":168,"source":46,"target":17},{"cost":0,"weight":323,"source":19,"target":49},{"cost":0,"weight":129,"source":26,"target":44},{"cost":0,"weight":134,"source":14,"target":16},{"cost":0,"weight":433,"source":49,"target":0},{"cost":0,"weight":420,"source":49,"target":37},{"cost":0,"weight":291,"source":26,"target":24},{"cost":0,"weight":105,"source":1,"target":48},{"cost":0,"weight":245,"source":45,"target":30},{"cost":0,"weight":696,"source":25,"target":8},{"cost":0,"weight":370,"source":18,"target":5},{"cost":0,"weight":681,"source":1,"target":14},{"cost":0,"weight":252,"source":23,"target":30},{"cost":0,"weight":274,"source":30,"target":21},{"cost":0,"weight":255,"source":13,"target":37},{"cost":0,"weight":130,"source":31,"target":24},{"cost":0,"weight":393,"source":28,"target":48},{"cost":0,"weight":518,"source":45,"target":24},{"cost":0,"weight":230,"source":2,"target":9},{"cost":0,"weight":711,"source":37,"target":6},{"cost":0,"weight":727,"source":19,"target":15},{"cost":0,"weight":814,"source":42,"target":6},{"cost":0,"weight":532,"source":45,"target":15},{"cost":0,"weight":895,"source":4,"target":42},{"cost":0,"weight":420,"source":21,"target":30},{"cost":0,"weight":797,"source":21,"target":43},{"cost":0,"weight":519,"source":13,"target":46},{"cost":0,"weight":116,"source":48,"target":20},{"cost":0,"weight":697,"source":42,"target":19},{"cost":0,"weight":102,"source":41,"target":16},{"cost":0,"weight":116,"source":30,"target":13},{"cost":0,"weight":821,"source":48,"target":26},{"cost":0,"weight":674,"source":42,"target":30},{"cost":0,"weight":231,"source":5,"target":47},{"cost":0,"weight":234,"source":44,"target":45},{"cost":0,"weight":909,"source":49,"target":29},{"cost":0,"weight":28,"source":26,"target":35},{"cost":0,"weight":514,"source":24,"target":49},{"cost":0,"weight":198,"source":35,"target":31},{"cost":0,"weight":59,"source":31,"target":14},{"cost":0,"weight":314,"source":5,"target":34},{"cost":0,"weight":523,"source":21,"target":42},{"cost":0,"weight":66,"source":40,"target":9},{"cost":0,"weight":840,"source":35,"target":9},{"cost":0,"weight":441,"source":22,"target":31},{"cost":0,"weight":340,"source":11,"target":32},{"cost":0,"weight":348,"source":6,"target":42},{"cost":0,"weight":867,"source":3,"target":40},{"cost":0,"weight":348,"source":43,"target":33},{"cost":0,"weight":284,"source":26,"target":10},{"cost":0,"weight":773,"source":37,"target":3},{"cost":0,"weight":668,"source":20,"target":27},{"cost":0,"weight":798,"source":10,"target":20},{"cost":0,"weight":194,"source":43,"target":5},{"cost":0,"weight":641,"source":36,"target":34},{"cost":0,"weight":300,"source":28,"target":21},{"cost":0,"weight":63,"source":42,"target":48},{"cost":0,"weight":673,"source":41,"target":21},{"cost":0,"weight":524,"source":32,"target":33},{"cost":0,"weight":810,"source":35,"target":4},{"cost":0,"weight":953,"source":19,"target":26},{"cost":0,"weight":789,"source":37,"target":15},{"cost":0,"weight":925,"source":4,"target":19},{"cost":0,"weight":718,"source":45,"target":42},{"cost":0,"weight":237,"source":42,"target":4},{"cost":0,"weight":896,"source":14,"target":2},{"cost":0,"weight":410,"source":37,"target":25},{"cost":0,"weight":868,"source":34,"target":25},{"cost":0,"weight":140,"source":13,"target":44},{"cost":0,"weight":941,"source":9,"target":49},{"cost":0,"weight":448,"source":33,"target":25},{"cost":0,"weight":524,"source":10,"target":48},{"cost":0,"weight":21,"source":8,"target":45},{"cost":0,"weight":918,"source":2,"target":5},{"cost":0,"weight":920,"source":18,"target":25},{"cost":0,"weight":846,"source":3,"target":27},{"cost":0,"weight":631,"source":47,"target":33},{"cost":0,"weight":364,"source":6,"target":19},{"cost":0,"weight":541,"source":6,"target":13},{"cost":0,"weight":838,"source":47,"target":46},{"cost":0,"weight":220,"source":4,"target":12},{"cost":0,"weight":141,"source":10,"target":7},{"cost":0,"weight":295,"source":10,"target":46},{"cost":0,"weight":810,"source":39,"target":3},{"cost":0,"weight":276,"source":11,"target":45},{"cost":0,"weight":22,"source":49,"target":33},{"cost":0,"weight":820,"source":3,"target":25},{"cost":0,"weight":218,"source":14,"target":41},{"cost":0,"weight":583,"source":25,"target":44},{"cost":0,"weight":98,"source":18,"target":15},{"cost":0,"weight":407,"source":25,"target":24},{"cost":0,"weight":623,"source":25,"target":28},{"cost":0,"weight":891,"source":30,"target":38},{"cost":0,"weight":25,"source":25,"target":26},{"cost":0,"weight":155,"source":19,"target":0},{"cost":0,"weight":253,"source":0,"target":9},{"cost":0,"weight":997,"source":41,"target":25},{"cost":0,"weight":434,"source":32,"target":19},{"cost":0,"weight":947,"source":9,"target":45},{"cost":0,"weight":857,"source":10,"target":25},{"cost":0,"weight":982,"source":36,"target":47},{"cost":0,"weight":202,"source":42,"target":21},{"cost":0,"weight":466,"source":17,"target":15},{"cost":0,"weight":171,"source":22,"target":8},{"cost":0,"weight":664,"source":46,"target":39},{"cost":0,"weight":270,"source":5,"target":41},{"cost":0,"weight":557,"source":12,"target":6},{"cost":0,"weight":181,"source":35,"target":29},{"cost":0,"weight":153,"source":13,"target":43},{"cost":0,"weight":255,"source":30,"target":18},{"cost":0,"weight":172,"source":4,"target":32},{"cost":0,"weight":316,"source":31,"target":5},{"cost":0,"weight":197,"source":31,"target":29},{"cost":0,"weight":804,"source":44,"target":25},{"cost":0,"weight":476,"source":3,"target":10},{"cost":0,"weight":713,"source":37,"target":5},{"cost":0,"weight":216,"source":16,"target":29},{"cost":0,"weight":496,"source":39,"target":15},{"cost":0,"weight":184,"source":47,"target":14},{"cost":0,"weight":87,"source":21,"target":8},{"cost":0,"weight":655,"source":24,"target":31},{"cost":0,"weight":297,"source":12,"target":21},{"cost":0,"weight":38,"source":37,"target":9},{"cost":0,"weight":731,"source":5,"target":4},{"cost":0,"weight":122,"source":41,"target":27},{"cost":0,"weight":90,"source":33,"target":46},{"cost":0,"weight":504,"source":1,"target":12},{"cost":0,"weight":882,"source":36,"target":35},{"cost":0,"weight":324,"source":15,"target":33},{"cost":0,"weight":208,"source":17,"target":18},{"cost":0,"weight":741,"source":8,"target":14},{"cost":0,"weight":521,"source":49,"target":23},{"cost":0,"weight":371,"source":45,"target":1},{"cost":0,"weight":646,"source":45,"target":49},{"cost":0,"weight":333,"source":18,"target":24},{"cost":0,"weight":240,"source":24,"target":39},{"cost":0,"weight":643,"source":16,"target":48},{"cost":0,"weight":769,"source":28,"target":1},{"cost":0,"weight":275,"source":48,"target":47},{"cost":0,"weight":187,"source":23,"target":20},{"cost":0,"weight":368,"source":14,"target":40},{"cost":0,"weight":605,"source":27,"target":7},{"cost":0,"weight":877,"source":1,"target":37},{"cost":0,"weight":919,"source":7,"target":38},{"cost":0,"weight":158,"source":23,"target":33},{"cost":0,"weight":11,"source":6,"target":25},{"cost":0,"weight":578,"source":12,"target":14},{"cost":0,"weight":932,"source":1,"target":3},{"cost":0,"weight":624,"source":46,"target":24},{"cost":0,"weight":336,"source":48,"target":2},{"cost":0,"weight":390,"source":33,"target":18},{"cost":0,"weight":480,"source":13,"target":7},{"cost":0,"weight":773,"source":49,"target":44},{"cost":0,"weight":43,"source":19,"target":18},{"cost":0,"weight":639,"source":25,"target":47},{"cost":0,"weight":860,"source":28,"target":8},{"cost":0,"weight":302,"source":47,"target":24},{"cost":0,"weight":350,"source":34,"target":47},{"cost":0,"weight":194,"source":11,"target":27},{"cost":0,"weight":152,"source":30,"target":16},{"cost":0,"weight":481,"source":34,"target":26},{"cost":0,"weight":322,"source":10,"target":47},{"cost":0,"weight":895,"source":17,"target":11},{"cost":0,"weight":80,"source":7,"target":47},{"cost":0,"weight":758,"source":20,"target":6},{"cost":0,"weight":807,"source":10,"target":39},{"cost":0,"weight":485,"source":4,"target":15},{"cost":0,"weight":85,"source":9,"target":21},{"cost":0,"weight":427,"source":24,"target":14},{"cost":0,"weight":909,"source":40,"target":44},{"cost":0,"weight":696,"source":5,"target":6},{"cost":0,"weight":484,"source":22,"target":40},{"cost":0,"weight":967,"source":31,"target":17},{"cost":0,"weight":202,"source":37,"target":34},{"cost":0,"weight":746,"source":35,"target":17},{"cost":0,"weight":823,"source":22,"target":24},{"cost":0,"weight":211,"source":14,"target":6},{"cost":0,"weight":978,"source":34,"target":48},{"cost":0,"weight":670,"source":39,"target":20},{"cost":0,"weight":568,"source":11,"target":40},{"cost":0,"weight":48,"source":39,"target":34},{"cost":0,"weight":689,"source":8,"target":44},{"cost":0,"weight":575,"source":45,"target":39},{"cost":0,"weight":989,"source":36,"target":22},{"cost":0,"weight":777,"source":32,"target":40},{"cost":0,"weight":816,"source":24,"target":45},{"cost":0,"weight":833,"source":23,"target":28},{"cost":0,"weight":952,"source":45,"target":47},{"cost":0,"weight":37,"source":38,"target":22},{"cost":0,"weight":870,"source":4,"target":36},{"cost":0,"weight":366,"source":9,"target":19},{"cost":0,"weight":700,"source":36,"target":3},{"cost":0,"weight":826,"source":11,"target":25},{"cost":0,"weight":377,"source":25,"target":5},{"cost":0,"weight":845,"source":31,"target":38},{"cost":0,"weight":343,"source":31,"target":42},{"cost":0,"weight":226,"source":36,"target":27},{"cost":0,"weight":909,"source":41,"target":14},{"cost":0,"weight":221,"source":35,"target":33},{"cost":0,"weight":715,"source":42,"target":47},{"cost":0,"weight":978,"source":8,"target":2},{"cost":0,"weight":348,"source":3,"target":8},{"cost":0,"weight":443,"source":0,"target":38},{"cost":0,"weight":472,"source":41,"target":3},{"cost":0,"weight":72,"source":34,"target":18},{"cost":0,"weight":116,"source":38,"target":35},{"cost":0,"weight":742,"source":16,"target":4},{"cost":0,"weight":459,"source":9,"target":1},{"cost":0,"weight":233,"source":44,"target":46},{"cost":0,"weight":80,"source":30,"target":49},{"cost":0,"weight":190,"source":43,"target":17},{"cost":0,"weight":49,"source":5,"target":21},{"cost":0,"weight":764,"source":8,"target":34},{"cost":0,"weight":106,"source":26,"target":29},{"cost":0,"weight":631,"source":49,"target":32},{"cost":0,"weight":52,"source":44,"target":8},{"cost":0,"weight":981,"source":17,"target":41},{"cost":0,"weight":988,"source":11,"target":49},{"cost":0,"weight":366,"source":14,"target":7},{"cost":0,"weight":61,"source":8,"target":25},{"cost":0,"weight":187,"source":5,"target":24},{"cost":0,"weight":963,"source":8,"target":12},{"cost":0,"weight":268,"source":48,"target":24},{"cost":0,"weight":491,"source":44,"target":17},{"cost":0,"weight":380,"source":29,"target":41},{"cost":0,"weight":538,"source":31,"target":7},{"cost":0,"weight":601,"source":14,"target":35},{"cost":0,"weight":664,"source":31,"target":2},{"cost":0,"weight":785,"source":18,"target":1},{"cost":0,"weight":285,"source":20,"target":1},{"cost":0,"weight":21,"source":47,"target":13},{"cost":0,"weight":609,"source":48,"target":18},{"cost":0,"weight":494,"source":13,"target":0},{"cost":0,"weight":398,"source":45,"target":34},{"cost":0,"weight":552,"source":34,"target":35},{"cost":0,"weight":885,"source":12,"target":24},{"cost":0,"weight":364,"source":11,"target":5},{"cost":0,"weight":211,"source":45,"target":37},{"cost":0,"weight":934,"source":30,"target":32},{"cost":0,"weight":983,"source":40,"target":31},{"cost":0,"weight":553,"source":24,"target":29},{"cost":0,"weight":782,"source":0,"target":1},{"cost":0,"weight":698,"source":39,"target":10},{"cost":0,"weight":123,"source":38,"target":17},{"cost":0,"weight":422,"source":43,"target":16},{"cost":0,"weight":656,"source":28,"target":7},{"cost":0,"weight":425,"source":42,"target":49},{"cost":0,"weight":138,"source":24,"target":34},{"cost":0,"weight":891,"source":19,"target":32},{"cost":0,"weight":360,"source":45,"target":32},{"cost":0,"weight":292,"source":6,"target":12},{"cost":0,"weight":879,"source":8,"target":3},{"cost":0,"weight":762,"source":32,"target":17},{"cost":0,"weight":128,"source":27,"target":44},{"cost":0,"weight":288,"source":17,"target":23},{"cost":0,"weight":654,"source":18,"target":36},{"cost":0,"weight":982,"source":23,"target":35},{"cost":0,"weight":138,"source":38,"target":46},{"cost":0,"weight":240,"source":45,"target":21},{"cost":0,"weight":673,"source":26,"target":47},{"cost":0,"weight":242,"source":1,"target":46},{"cost":0,"weight":267,"source":39,"target":36},{"cost":0,"weight":494,"source":49,"target":17},{"cost":0,"weight":502,"source":34,"target":38},{"cost":0,"weight":61,"source":4,"target":49},{"cost":0,"weight":431,"source":6,"target":8},{"cost":0,"weight":60,"source":20,"target":44},{"cost":0,"weight":723,"source":14,"target":24},{"cost":0,"weight":182,"source":15,"target":37},{"cost":0,"weight":851,"source":24,"target":20},{"cost":0,"weight":466,"source":46,"target":48},{"cost":0,"weight":186,"source":34,"target":37},{"cost":0,"weight":657,"source":45,"target":4},{"cost":0,"weight":852,"source":32,"target":10},{"cost":0,"weight":793,"source":9,"target":4},{"cost":0,"weight":508,"source":32,"target":12},{"cost":0,"weight":963,"source":42,"target":20},{"cost":0,"weight":187,"source":38,"target":41},{"cost":0,"weight":650,"source":47,"target":29},{"cost":0,"weight":385,"source":38,"target":15},{"cost":0,"weight":147,"source":11,"target":12},{"cost":0,"weight":859,"source":0,"target":34},{"cost":0,"weight":698,"source":22,"target":33},{"cost":0,"weight":388,"source":14,"target":46},{"cost":0,"weight":899,"source":49,"target":19},{"cost":0,"weight":840,"source":38,"target":23},{"cost":0,"weight":670,"source":49,"target":41},{"cost":0,"weight":68,"source":12,"target":37},{"cost":0,"weight":407,"source":19,"target":16},{"cost":0,"weight":528,"source":16,"target":49},{"cost":0,"weight":982,"source":40,"target":0},{"cost":0,"weight":532,"source":6,"target":7},{"cost":0,"weight":368,"source":1,"target":30},{"cost":0,"weight":562,"source":44,"target":33},{"cost":0,"weight":569,"source":20,"target":15},{"cost":0,"weight":635,"source":14,"target":22},{"cost":0,"weight":699,"source":31,"target":0},{"cost":0,"weight":824,"source":24,"target":43},{"cost":0,"weight":273,"source":46,"target":19},{"cost":0,"weight":962,"source":6,"target":30},{"cost":0,"weight":783,"source":39,"target":25},{"cost":0,"weight":993,"source":15,"target":5},{"cost":0,"weight":211,"source":22,"target":30},{"cost":0,"weight":378,"source":8,"target":7},{"cost":0,"weight":17,"source":34,"target":28},{"cost":0,"weight":446,"source":0,"target":17},{"cost":0,"weight":743,"source":23,"target":6},{"cost":0,"weight":302,"source":18,"target":27},{"cost":0,"weight":253,"source":12,"target":2},{"cost":0,"weight":863,"source":37,"target":30},{"cost":0,"weight":796,"source":2,"target":41},{"cost":0,"weight":556,"source":30,"target":8},{"cost":0,"weight":597,"source":20,"target":11},{"cost":0,"weight":549,"source":29,"target":34},{"cost":0,"weight":668,"source":28,"target":24},{"cost":0,"weight":614,"source":14,"target":15},{"cost":0,"weight":956,"source":49,"target":11},{"cost":0,"weight":91,"source":38,"target":8},{"cost":0,"weight":209,"source":21,"target":29},{"cost":0,"weight":636,"source":22,"target":12},{"cost":0,"weight":316,"source":11,"target":37},{"cost":0,"weight":155,"source":8,"target":49},{"cost":0,"weight":139,"source":26,"target":20},{"cost":0,"weight":623,"source":31,"target":45},{"cost":0,"weight":619,"source":42,"target":15},{"cost":0,"weight":493,"source":36,"target":30},{"cost":0,"weight":837,"source":45,"target":7},{"cost":0,"weight":852,"source":14,"target":28},{"cost":0,"weight":999,"source":41,"target":37},{"cost":0,"weight":427,"source":17,"target":37},{"cost":0,"weight":215,"source":47,"target":19},{"cost":0,"weight":285,"source":22,"target":45},{"cost":0,"weight":936,"source":11,"target":16},{"cost":0,"weight":480,"source":21,"target":2},{"cost":0,"weight":67,"source":6,"target":37},{"cost":0,"weight":645,"source":48,"target":29},{"cost":0,"weight":314,"source":7,"target":0},{"cost":0,"weight":747,"source":14,"target":20},{"cost":0,"weight":502,"source":1,"target":23},{"cost":0,"weight":631,"source":25,"target":37},{"cost":0,"weight":377,"source":31,"target":33},{"cost":0,"weight":271,"source":42,"target":29},{"cost":0,"weight":722,"source":40,"target":16},{"cost":0,"weight":178,"source":18,"target":33},{"cost":0,"weight":704,"source":36,"target":38},{"cost":0,"weight":428,"source":31,"target":34},{"cost":0,"weight":328,"source":45,"target":22},{"cost":0,"weight":548,"source":31,"target":41},{"cost":0,"weight":902,"source":15,"target":1},{"cost":0,"weight":986,"source":0,"target":45},{"cost":0,"weight":882,"source":17,"target":14},{"cost":0,"weight":902,"source":25,"target":38},{"cost":0,"weight":219,"source":27,"target":25},{"cost":0,"weight":593,"source":38,"target":44},{"cost":0,"weight":915,"source":13,"target":1},{"cost":0,"weight":557,"source":32,"target":47},{"cost":0,"weight":458,"source":41,"target":5},{"cost":0,"weight":278,"source":24,"target":10},{"cost":0,"weight":405,"source":34,"target":44},{"cost":0,"weight":85,"source":48,"target":28},{"cost":0,"weight":601,"source":1,"target":40},{"cost":0,"weight":358,"source":23,"target":17},{"cost":0,"weight":378,"source":5,"target":1},{"cost":0,"weight":556,"source":32,"target":2},{"cost":0,"weight":135,"source":30,"target":15},{"cost":0,"weight":898,"source":21,"target":20},{"cost":0,"weight":893,"source":6,"target":24},{"cost":0,"weight":876,"source":5,"target":36},{"cost":0,"weight":680,"source":13,"target":9},{"cost":0,"weight":881,"source":21,"target":24},{"cost":0,"weight":685,"source":41,"target":29},{"cost":0,"weight":137,"source":26,"target":41},{"cost":0,"weight":238,"source":33,"target":1},{"cost":0,"weight":803,"source":35,"target":41},{"cost":0,"weight":561,"source":32,"target":0},{"cost":0,"weight":876,"source":22,"target":34},{"cost":0,"weight":806,"source":36,"target":9},{"cost":0,"weight":195,"source":33,"target":41},{"cost":0,"weight":966,"source":39,"target":19},{"cost":0,"weight":244,"source":37,"target":42},{"cost":0,"weight":84,"source":8,"target":37},{"cost":0,"weight":201,"source":8,"target":28},{"cost":0,"weight":196,"source":3,"target":22},{"cost":0,"weight":719,"source":8,"target":0},{"cost":0,"weight":925,"source":44,"target":20},{"cost":0,"weight":654,"source":26,"target":9},{"cost":0,"weight":255,"source":9,"target":48},{"cost":0,"weight":764,"source":49,"target":39},{"cost":0,"weight":63,"source":46,"target":30},{"cost":0,"weight":234,"source":3,"target":14},{"cost":0,"weight":851,"source":22,"target":2},{"cost":0,"weight":273,"source":32,"target":34},{"cost":0,"weight":905,"source":29,"target":16},{"cost":0,"weight":167,"source":17,"target":36},{"cost":0,"weight":802,"source":0,"target":13},{"cost":0,"weight":354,"source":38,"target":3},{"cost":0,"weight":653,"source":25,"target":2},{"cost":0,"weight":753,"source":19,"target":9},{"cost":0,"weight":520,"source":39,"target":14},{"cost":0,"weight":265,"source":17,"target":19},{"cost":0,"weight":653,"source":9,"target":6},{"cost":0,"weight":819,"source":10,"target":24},{"cost":0,"weight":890,"source":23,"target":14},{"cost":0,"weight":635,"source":34,"target":17},{"cost":0,"weight":273,"source":49,"target":34},{"cost":0,"weight":16,"source":46,"target":35},{"cost":0,"weight":839,"source":8,"target":43},{"cost":0,"weight":507,"source":6,"target":20},{"cost":0,"weight":87,"source":13,"target":2},{"cost":0,"weight":874,"source":46,"target":25},{"cost":0,"weight":125,"source":34,"target":40},{"cost":0,"weight":157,"source":37,"target":41},{"cost":0,"weight":985,"source":16,"target":25},{"cost":0,"weight":491,"source":20,"target":38},{"cost":0,"weight":173,"source":12,"target":17},{"cost":0,"weight":821,"source":44,"target":40},{"cost":0,"weight":732,"source":34,"target":32},{"cost":0,"weight":455,"source":16,"target":18},{"cost":0,"weight":808,"source":13,"target":25},{"cost":0,"weight":249,"source":7,"target":18},{"cost":0,"weight":751,"source":7,"target":10},{"cost":0,"weight":417,"source":24,"target":28},{"cost":0,"weight":961,"source":49,"target":28},{"cost":0,"weight":351,"source":1,"target":44},{"cost":0,"weight":529,"source":20,"target":25},{"cost":0,"weight":301,"source":0,"target":2},{"cost":0,"weight":332,"source":37,"target":40},{"cost":0,"weight":633,"source":3,"target":46},{"cost":0,"weight":385,"source":19,"target":30},{"cost":0,"weight":661,"source":34,"target":10},{"cost":0,"weight":719,"source":34,"target":5},{"cost":0,"weight":460,"source":18,"target":44},{"cost":0,"weight":131,"source":3,"target":28},{"cost":0,"weight":814,"source":7,"target":30},{"cost":0,"weight":405,"source":18,"target":46},{"cost":0,"weight":838,"source":15,"target":23},{"cost":0,"weight":757,"source":8,"target":32},{"cost":0,"weight":447,"source":7,"target":29},{"cost":0,"weight":529,"source":33,"target":3},{"cost":0,"weight":408,"source":40,"target":6},{"cost":0,"weight":645,"source":6,"target":16},{"cost":0,"weight":135,"source":41,"target":23},{"cost":0,"weight":382,"source":25,"target":14},{"cost":0,"weight":569,"source":28,"target":38},{"cost":0,"weight":881,"source":17,"target":47},{"cost":0,"weight":413,"source":38,"target":29},{"cost":0,"weight":66,"source":20,"target":48},{"cost":0,"weight":969,"source":49,"target":40},{"cost":0,"weight":906,"source":34,"target":36},{"cost":0,"weight":699,"source":40,"target":41},{"cost":0,"weight":595,"source":31,"target":26},{"cost":0,"weight":506,"source":38,"target":25},{"cost":0,"weight":26,"source":22,"target":42},{"cost":0,"weight":182,"source":17,"target":27},{"cost":0,"weight":910,"source":39,"target":43},{"cost":0,"weight":628,"source":17,"target":45},{"cost":0,"weight":865,"source":7,"target":41},{"cost":0,"weight":729,"source":23,"target":40},{"cost":0,"weight":111,"source":4,"target":27},{"cost":0,"weight":214,"source":17,"target":33},{"cost":0,"weight":770,"source":17,"target":26},{"cost":0,"weight":698,"source":34,"target":19},{"cost":0,"weight":125,"source":18,"target":41},{"cost":0,"weight":596,"source":26,"target":21},{"cost":0,"weight":900,"source":29,"target":23},{"cost":0,"weight":834,"source":28,"target":22},{"cost":0,"weight":591,"source":26,"target":11},{"cost":0,"weight":82,"source":35,"target":19},{"cost":0,"weight":568,"source":7,"target":37},{"cost":0,"weight":222,"source":4,"target":6},{"cost":0,"weight":890,"source":47,"target":32},{"cost":0,"weight":678,"source":15,"target":38},{"cost":0,"weight":714,"source":15,"target":7},{"cost":0,"weight":43,"source":11,"target":14},{"cost":0,"weight":652,"source":28,"target":20},{"cost":0,"weight":803,"source":30,"target":27},{"cost":0,"weight":405,"source":17,"target":21},{"cost":0,"weight":577,"source":14,"target":3},{"cost":0,"weight":802,"source":33,"target":47},{"cost":0,"weight":723,"source":41,"target":8},{"cost":0,"weight":939,"source":1,"target":6},{"cost":0,"weight":232,"source":27,"target":9},{"cost":0,"weight":438,"source":24,"target":16},{"cost":0,"weight":21,"source":42,"target":32},{"cost":0,"weight":188,"source":5,"target":19},{"cost":0,"weight":124,"source":26,"target":19},{"cost":0,"weight":990,"source":39,"target":5},{"cost":0,"weight":996,"source":18,"target":14},{"cost":0,"weight":268,"source":27,"target":1},{"cost":0,"weight":301,"source":8,"target":13},{"cost":0,"weight":519,"source":37,"target":17},{"cost":0,"weight":835,"source":32,"target":28},{"cost":0,"weight":945,"source":28,"target":29},{"cost":0,"weight":454,"source":1,"target":8},{"cost":0,"weight":914,"source":2,"target":18},{"cost":0,"weight":760,"source":45,"target":20},{"cost":0,"weight":580,"source":4,"target":10},{"cost":0,"weight":317,"source":11,"target":38},{"cost":0,"weight":546,"source":41,"target":30},{"cost":0,"weight":592,"source":2,"target":33},{"cost":0,"weight":609,"source":37,"target":4},{"cost":0,"weight":548,"source":10,"target":49},{"cost":0,"weight":476,"source":2,"target":36},{"cost":0,"weight":450,"source":30,"target":1},{"cost":0,"weight":117,"source":48,"target":21},{"cost":0,"weight":777,"source":26,"target":40},{"cost":0,"weight":581,"source":48,"target":38},{"cost":0,"weight":713,"source":16,"target":3},{"cost":0,"weight":563,"source":18,"target":47},{"cost":0,"weight":215,"source":43,"target":48},{"cost":0,"weight":241,"source":9,"target":46},{"cost":0,"weight":548,"source":40,"target":12},{"cost":0,"weight":508,"source":41,"target":7},{"cost":0,"weight":878,"source":11,"target":22},{"cost":0,"weight":553,"source":48,"target":16},{"cost":0,"weight":107,"source":5,"target":11},{"cost":0,"weight":298,"source":2,"target":25},{"cost":0,"weight":795,"source":47,"target":43},{"cost":0,"weight":505,"source":8,"target":18},{"cost":0,"weight":206,"source":17,"target":4},{"cost":0,"weight":104,"source":26,"target":31},{"cost":0,"weight":186,"source":0,"target":20},{"cost":0,"weight":184,"source":29,"target":1},{"cost":0,"weight":252,"source":31,"target":18},{"cost":0,"weight":48,"source":26,"target":4},{"cost":0,"weight":526,"source":42,"target":8},{"cost":0,"weight":218,"source":29,"target":13},{"cost":0,"weight":295,"source":4,"target":43},{"cost":0,"weight":657,"source":13,"target":40},{"cost":0,"weight":713,"source":8,"target":4},{"cost":0,"weight":812,"source":44,"target":3},{"cost":0,"weight":142,"source":44,"target":18},{"cost":0,"weight":373,"source":11,"target":0},{"cost":0,"weight":899,"source":43,"target":15},{"cost":0,"weight":104,"source":15,"target":36},{"cost":0,"weight":669,"source":43,"target":6},{"cost":0,"weight":614,"source":32,"target":21},{"cost":0,"weight":813,"source":8,"target":29},{"cost":0,"weight":514,"source":37,"target":38},{"cost":0,"weight":191,"source":34,"target":7},{"cost":0,"weight":423,"source":38,"target":0},{"cost":0,"weight":548,"source":21,"target":27},{"cost":0,"weight":784,"source":46,"target":2},{"cost":0,"weight":824,"source":43,"target":26},{"cost":0,"weight":527,"source":8,"target":35},{"cost":0,"weight":471,"source":10,"target":29},{"cost":0,"weight":68,"source":15,"target":0},{"cost":0,"weight":532,"source":46,"target":8},{"cost":0,"weight":102,"source":3,"target":48},{"cost":0,"weight":647,"source":25,"target":43},{"cost":0,"weight":471,"source":13,"target":48},{"cost":0,"weight":283,"source":47,"target":8},{"cost":0,"weight":411,"source":12,"target":19},{"cost":0,"weight":746,"source":32,"target":36},{"cost":0,"weight":110,"source":38,"target":20},{"cost":0,"weight":635,"source":2,"target":19},{"cost":0,"weight":220,"source":20,"target":12},{"cost":0,"weight":188,"source":41,"target":11},{"cost":0,"weight":64,"source":42,"target":38},{"cost":0,"weight":184,"source":28,"target":9},{"cost":0,"weight":380,"source":4,"target":33},{"cost":0,"weight":393,"source":25,"target":0},{"cost":0,"weight":130,"source":9,"target":17},{"cost":0,"weight":508,"source":1,"target":38},{"cost":0,"weight":359,"source":29,"target":35},{"cost":0,"weight":240,"source":16,"target":38},{"cost":0,"weight":389,"source":29,"target":47},{"cost":0,"weight":338,"source":26,"target":28},{"cost":0,"weight":661,"source":42,"target":31},{"cost":0,"weight":315,"source":26,"target":49},{"cost":0,"weight":916,"source":35,"target":32},{"cost":0,"weight":329,"source":44,"target":48},{"cost":0,"weight":911,"source":8,"target":48},{"cost":0,"weight":257,"source":46,"target":23},{"cost":0,"weight":866,"source":36,"target":16},{"cost":0,"weight":788,"source":20,"target":49},{"cost":0,"weight":11,"source":31,"target":49},{"cost":0,"weight":682,"source":23,"target":5},{"cost":0,"weight":588,"source":43,"target":19},{"cost":0,"weight":927,"source":18,"target":30},{"cost":0,"weight":783,"source":42,"target":1},{"cost":0,"weight":423,"source":3,"target":44},{"cost":0,"weight":985,"source":2,"target":39},{"cost":0,"weight":904,"source":21,"target":49},{"cost":0,"weight":519,"source":41,"target":46},{"cost":0,"weight":77,"source":9,"target":44},{"cost":0,"weight":767,"source":27,"target":29},{"cost":0,"weight":467,"source":0,"target":24},{"cost":0,"weight":111,"source":35,"target":0},{"cost":0,"weight":265,"source":42,"target":17},{"cost":0,"weight":459,"source":9,"target":27},{"cost":0,"weight":273,"source":30,"target":17},{"cost":0,"weight":973,"source":33,"target":0},{"cost":0,"weight":281,"source":27,"target":28},{"cost":0,"weight":830,"source":33,"target":32},{"cost":0,"weight":937,"source":42,"target":11},{"cost":0,"weight":178,"source":14,"target":0},{"cost":0,"weight":362,"source":42,"target":46},{"cost":0,"weight":104,"source":4,"target":20},{"cost":0,"weight":658,"source":14,"target":19},{"cost":0,"weight":526,"source":47,"target":12},{"cost":0,"weight":707,"source":0,"target":47},{"cost":0,"weight":113,"source":33,"target":39},{"cost":0,"weight":633,"source":7,"target":15},{"cost":0,"weight":336,"source":10,"target":1},{"cost":0,"weight":145,"source":29,"target":17},{"cost":0,"weight":564,"source":23,"target":4},{"cost":0,"weight":112,"source":34,"target":27},{"cost":0,"weight":151,"source":4,"target":21},{"cost":0,"weight":660,"source":19,"target":14},{"cost":0,"weight":364,"source":46,"target":18},{"cost":0,"weight":311,"source":31,"target":28},{"cost":0,"weight":255,"source":19,"target":40},{"cost":0,"weight":854,"source":19,"target":36},{"cost":0,"weight":598,"source":45,"target":46},{"cost":0,"weight":899,"source":12,"target":41},{"cost":0,"weight":944,"source":18,"target":29},{"cost":0,"weight":662,"source":24,"target":46},{"cost":0,"weight":144,"source":19,"target":44},{"cost":0,"weight":549,"source":49,"target":12},{"cost":0,"weight":785,"source":27,"target":19},{"cost":0,"weight":220,"source":16,"target":5},{"cost":0,"weight":502,"source":18,"target":13},{"cost":0,"weight":171,"source":48,"target":49},{"cost":0,"weight":80,"source":22,"target":27},{"cost":0,"weight":465,"source":48,"target":31},{"cost":0,"weight":776,"source":34,"target":42},{"cost":0,"weight":509,"source":17,"target":35},{"cost":0,"weight":376,"source":42,"target":40},{"cost":0,"weight":221,"source":48,"target":36},{"cost":0,"weight":789,"source":2,"target":37},{"cost":0,"weight":442,"source":11,"target":33},{"cost":0,"weight":402,"source":7,"target":26},{"cost":0,"weight":100,"source":9,"target":30},{"cost":0,"weight":815,"source":49,"target":9},{"cost":0,"weight":279,"source":28,"target":34},{"cost":0,"weight":590,"source":31,"target":13},{"cost":0,"weight":470,"source":46,"target":13},{"cost":0,"weight":404,"source":19,"target":17},{"cost":0,"weight":233,"source":30,"target":20},{"cost":0,"weight":628,"source":44,"target":39},{"cost":0,"weight":717,"source":31,"target":3},{"cost":0,"weight":833,"source":13,"target":6},{"cost":0,"weight":202,"source":1,"target":10},{"cost":0,"weight":926,"source":37,"target":0},{"cost":0,"weight":848,"source":5,"target":32},{"cost":0,"weight":835,"source":12,"target":30},{"cost":0,"weight":17,"source":29,"target":45},{"cost":0,"weight":943,"source":49,"target":6},{"cost":0,"weight":258,"source":25,"target":41},{"cost":0,"weight":609,"source":14,"target":8},{"cost":0,"weight":424,"source":21,"target":12},{"cost":0,"weight":342,"source":39,"target":31},{"cost":0,"weight":609,"source":2,"target":49},{"cost":0,"weight":680,"source":36,"target":24},{"cost":0,"weight":550,"source":38,"target":18},{"cost":0,"weight":494,"source":13,"target":31},{"cost":0,"weight":610,"source":20,"target":16},{"cost":0,"weight":827,"source":24,"target":11},{"cost":0,"weight":141,"source":22,"target":0},{"cost":0,"weight":902,"source":39,"target":4},{"cost":0,"weight":715,"source":6,"target":35},{"cost":0,"weight":687,"source":34,"target":13},{"cost":0,"weight":199,"source":26,"target":22},{"cost":0,"weight":973,"source":31,"target":4},{"cost":0,"weight":367,"source":14,"target":31},{"cost":0,"weight":493,"source":33,"target":19},{"cost":0,"weight":341,"source":30,"target":14},{"cost":0,"weight":718,"source":26,"target":14},{"cost":0,"weight":758,"source":35,"target":44},{"cost":0,"weight":234,"source":47,"target":44},{"cost":0,"weight":200,"source":27,"target":20}],"graph":{"S":0,"T":5}}